bytes,rep,iterations,total_ms,ns_per_version,ns_per_byte
256,0,200000,2.23468,11.1734,0.0436462
256,1,200000,2.2003,11.0015,0.0429746
256,2,200000,2.20299,11.015,0.0430272
256,3,200000,3.59003,17.9502,0.0701178
256,4,200000,3.63849,18.1925,0.0710643
256,5,200000,2.41512,12.0756,0.0471704
256,6,200000,2.32255,11.6128,0.0453624
256,7,200000,2.55745,12.7872,0.0499502
256,8,200000,2.28665,11.4333,0.0446612
256,9,200000,2.31202,11.5601,0.0451566
256,10,200000,2.38468,11.9234,0.0465757
512,0,131072,1.3291,10.1402,0.0198051
512,1,131072,1.34827,10.2865,0.0200908
512,2,131072,1.45473,11.0987,0.0216772
512,3,131072,1.37255,10.4718,0.0204527
512,4,131072,1.32325,10.0956,0.019718
512,5,131072,1.32144,10.0818,0.019691
512,6,131072,1.30961,9.99154,0.0195147
512,7,131072,1.33113,10.1557,0.0198354
512,8,131072,1.28498,9.80365,0.0191478
512,9,131072,1.32948,10.1431,0.0198108
512,10,131072,1.35326,10.3245,0.0201651
1024,0,65536,1.81332,27.669,0.0270205
1024,1,65536,1.86275,28.4234,0.0277572
1024,2,65536,1.80966,27.6133,0.0269661
1024,3,65536,1.86216,28.4143,0.0277484
1024,4,65536,1.80774,27.5839,0.0269374
1024,5,65536,1.88581,28.7751,0.0281007
1024,6,65536,1.78897,27.2975,0.0266578
1024,7,65536,1.82836,27.8986,0.0272447
1024,8,65536,2.04213,31.1605,0.0304301
1024,9,65536,1.83977,28.0726,0.0274147
1024,10,65536,1.93471,29.5213,0.0288294
2048,0,32768,1.80496,55.0829,0.0268959
2048,1,32768,1.77511,54.1721,0.0264512
2048,2,32768,1.83293,55.9365,0.0273127
2048,3,32768,1.95622,59.6992,0.02915
2048,4,32768,1.71643,52.3814,0.0255768
2048,5,32768,1.7903,54.6357,0.0266776
2048,6,32768,1.72751,52.7194,0.0257419
2048,7,32768,1.72603,52.6742,0.0257198
2048,8,32768,2.02352,61.7531,0.0301529
2048,9,32768,1.80019,54.9374,0.0268249
2048,10,32768,1.76597,53.893,0.026315
4096,0,16384,1.68636,102.927,0.0251287
4096,1,16384,1.64186,100.211,0.0244656
4096,2,16384,1.66076,101.365,0.0247472
4096,3,16384,1.67398,102.172,0.0249442
4096,4,16384,1.76346,107.633,0.0262777
4096,5,16384,1.76396,107.664,0.0262851
4096,6,16384,1.67943,102.504,0.0250254
4096,7,16384,1.75242,106.959,0.026113
4096,8,16384,1.86499,113.83,0.0277905
4096,9,16384,1.72042,105.006,0.0256362
4096,10,16384,2.09056,127.597,0.0311517
8192,0,8192,1.15516,141.011,0.0172132
8192,1,8192,1.11161,135.695,0.0165643
8192,2,8192,1.10445,134.821,0.0164576
8192,3,8192,1.07959,131.785,0.0160871
8192,4,8192,1.13847,138.974,0.0169646
8192,5,8192,1.17746,143.733,0.0175455
8192,6,8192,1.13902,139.041,0.0169728
8192,7,8192,1.40124,171.05,0.0208801
8192,8,8192,1.13621,138.697,0.0169308
8192,9,8192,1.0822,132.104,0.016126
8192,10,8192,1.19087,145.37,0.0177454
16384,0,4096,0.869509,212.282,0.0129567
16384,1,4096,0.901787,220.163,0.0134377
16384,2,4096,0.867154,211.708,0.0129216
16384,3,4096,0.854065,208.512,0.0127266
16384,4,4096,0.914807,223.342,0.0136317
16384,5,4096,0.951411,232.278,0.0141771
16384,6,4096,0.842337,205.649,0.0125518
16384,7,4096,0.857921,209.453,0.012784
16384,8,4096,0.924602,225.733,0.0137776
16384,9,4096,0.864761,211.123,0.0128859
16384,10,4096,0.873394,213.231,0.0130146
32768,0,2048,1.30674,638.055,0.0194719
32768,1,2048,1.39696,682.11,0.0208164
32768,2,2048,1.36919,668.55,0.0204025
32768,3,2048,1.31498,642.079,0.0195947
32768,4,2048,1.51763,741.032,0.0226145
32768,5,2048,1.33674,652.706,0.019919
32768,6,2048,1.32552,647.229,0.0197518
32768,7,2048,1.35867,663.411,0.0202457
32768,8,2048,1.34531,656.892,0.0200467
32768,9,2048,1.44063,703.431,0.021467
32768,10,2048,1.4059,686.477,0.0209496
65536,0,1024,1.26567,1236,0.0188599
65536,1,1024,1.2443,1215.14,0.0185416
65536,2,1024,1.35562,1323.85,0.0202003
65536,3,1024,1.27757,1247.63,0.0190373
65536,4,1024,1.2432,1214.06,0.0185251
65536,5,1024,1.29069,1260.44,0.0192328
65536,6,1024,1.26992,1240.16,0.0189233
65536,7,1024,1.25347,1224.09,0.0186781
65536,8,1024,1.29378,1263.45,0.0192788
65536,9,1024,1.26653,1236.85,0.0188728
65536,10,1024,1.24253,1213.41,0.0185151
131072,0,512,1.26165,2464.16,0.0188
131072,1,512,1.22973,2401.82,0.0183244
131072,2,512,1.28116,2502.26,0.0190907
131072,3,512,1.22421,2391.04,0.0182422
131072,4,512,1.22328,2389.22,0.0182283
131072,5,512,1.21419,2371.46,0.0180928
131072,6,512,1.21105,2365.34,0.0180461
131072,7,512,1.23638,2414.81,0.0184235
131072,8,512,1.20868,2360.7,0.0180107
131072,9,512,1.20832,2360,0.0180054
131072,10,512,1.2558,2452.73,0.0187129
262144,0,256,1.2155,4748.04,0.0181123
262144,1,256,1.20623,4711.86,0.0179743
262144,2,256,1.22581,4788.3,0.0182659
262144,3,256,1.3307,5198.05,0.019829
262144,4,256,1.22787,4796.36,0.0182966
262144,5,256,1.21879,4760.91,0.0181614
262144,6,256,1.26497,4941.3,0.0188496
262144,7,256,1.20876,4721.71,0.0180119
262144,8,256,2.08747,8154.18,0.0311057
262144,9,256,1.24786,4874.45,0.0185945
262144,10,256,1.19732,4677.04,0.0178415
524288,0,128,1.42521,11134.5,0.0212374
524288,1,128,1.37041,10706.3,0.0204207
524288,2,128,1.45289,11350.7,0.0216497
524288,3,128,1.36076,10630.9,0.0202769
524288,4,128,1.36316,10649.7,0.0203127
524288,5,128,1.49279,11662.4,0.0222442
524288,6,128,1.36401,10656.3,0.0203254
524288,7,128,1.39589,10905.4,0.0208004
524288,8,128,1.42991,11171.2,0.0213073
524288,9,128,1.36047,10628.6,0.0202725
524288,10,128,1.39522,10900.1,0.0207904
1048576,0,64,1.52659,23852.9,0.0227479
1048576,1,64,1.41468,22104.4,0.0210804
1048576,2,64,1.43605,22438.3,0.0213988
1048576,3,64,1.43073,22355.2,0.0213196
1048576,4,64,1.45741,22772.1,0.0217171
1048576,5,64,2.04195,31905.5,0.0304275
1048576,6,64,2.79639,43693.6,0.0416694
1048576,7,64,1.47019,22971.8,0.0219076
1048576,8,64,1.5144,23662.5,0.0225663
1048576,9,64,1.45693,22764.6,0.02171
1048576,10,64,1.4815,23148.4,0.0220761
