segment,sample_index,timestamp,value
normal1,0,2014-03-09 16:56:00,121.2
normal1,1,2014-03-09 17:01:00,68.4
normal1,2,2014-03-09 17:06:00,42.0
normal1,3,2014-03-09 17:11:00,121.2
normal1,4,2014-03-09 17:16:00,42.0
normal1,5,2014-03-09 17:21:00,68.4
normal1,6,2014-03-09 17:26:00,68.4
normal1,7,2014-03-09 17:31:00,94.8
normal1,8,2014-03-09 17:36:00,68.4
normal1,9,2014-03-09 17:41:00,42.0
normal1,10,2014-03-09 17:46:00,121.2
normal1,11,2014-03-09 17:51:00,42.0
normal1,12,2014-03-09 17:56:00,68.4
normal1,13,2014-03-09 18:01:00,86.4
normal1,14,2014-03-09 18:06:00,76.8
normal1,15,2014-03-09 18:11:00,68.4
normal1,16,2014-03-09 18:16:00,42.0
normal1,17,2014-03-09 18:21:00,121.2
normal1,18,2014-03-09 18:26:00,68.4
normal1,19,2014-03-09 18:31:00,42.0
normal1,20,2014-03-09 18:36:00,78.0
normal1,21,2014-03-09 18:41:00,60.0
normal1,22,2014-03-09 18:46:00,68.4
normal1,23,2014-03-09 18:51:00,42.0
normal1,24,2014-03-09 18:56:00,112.8
normal1,25,2014-03-09 19:01:00,68.4
normal1,26,2014-03-09 19:06:00,42.0
normal1,27,2014-03-09 19:11:00,103.2
normal1,28,2014-03-09 19:16:00,42.0
normal1,29,2014-03-09 19:21:00,68.4
normal1,30,2014-03-09 19:26:00,68.4
normal1,31,2014-03-09 19:31:00,94.8
normal1,32,2014-03-09 19:36:00,68.4
normal1,33,2014-03-09 19:41:00,42.0
normal1,34,2014-03-09 19:46:00,121.2
normal1,35,2014-03-09 19:51:00,68.4
normal1,36,2014-03-09 19:56:00,42.0
normal1,37,2014-03-09 20:01:00,94.8
normal1,38,2014-03-09 20:06:00,68.4
normal1,39,2014-03-09 20:11:00,68.4
normal1,40,2014-03-09 20:16:00,42.0
normal1,41,2014-03-09 20:21:00,121.2
normal1,42,2014-03-09 20:26:00,68.4
normal1,43,2014-03-09 20:31:00,42.0
normal1,44,2014-03-09 20:36:00,129.6
normal1,45,2014-03-09 20:41:00,42.0
normal1,46,2014-03-09 20:46:00,68.4
normal1,47,2014-03-09 20:51:00,68.4
normal1,48,2014-03-09 20:56:00,94.8
anomaly1,0,2014-03-10 16:56:00,503815.0
anomaly1,1,2014-03-10 17:01:00,42.0
anomaly1,2,2014-03-10 17:06:00,112.8
anomaly1,3,2014-03-10 17:11:00,42.0
anomaly1,4,2014-03-10 17:16:00,68.4
anomaly1,5,2014-03-10 17:21:00,86.4
anomaly1,6,2014-03-10 17:26:00,13990.4
anomaly1,7,2014-03-10 17:31:00,3570000.0
anomaly1,8,2014-03-10 17:36:00,2928310.0
anomaly1,9,2014-03-10 17:41:00,10428.8
anomaly1,10,2014-03-10 17:46:00,548018.0
anomaly1,11,2014-03-10 17:51:00,109506.0
anomaly1,12,2014-03-10 17:56:00,86.4
anomaly1,13,2014-03-10 18:01:00,68.4
anomaly1,14,2014-03-10 18:06:00,68.4
anomaly1,15,2014-03-10 18:11:00,42.0
anomaly1,16,2014-03-10 18:16:00,112.8
anomaly1,17,2014-03-10 18:21:00,68.4
anomaly1,18,2014-03-10 18:26:00,42.0
anomaly1,19,2014-03-10 18:31:00,121.2
anomaly1,20,2014-03-10 18:36:00,42.0
anomaly1,21,2014-03-10 18:41:00,68.4
anomaly1,22,2014-03-10 18:46:00,68.4
anomaly1,23,2014-03-10 18:51:00,94.8
anomaly1,24,2014-03-10 18:56:00,6519420.0
anomaly1,25,2014-03-10 19:01:00,6506430.0
anomaly1,26,2014-03-10 19:06:00,6532660.0
anomaly1,27,2014-03-10 19:11:00,4804.8
anomaly1,28,2014-03-10 19:16:00,17245.0
anomaly1,29,2014-03-10 19:21:00,6488650.0
anomaly1,30,2014-03-10 19:26:00,68.4
anomaly1,31,2014-03-10 19:31:00,17252.2
anomaly1,32,2014-03-10 19:36:00,6515190.0
anomaly1,33,2014-03-10 19:41:00,3622740.0
anomaly1,34,2014-03-10 19:46:00,2871410.0
anomaly1,35,2014-03-10 19:51:00,42.0
anomaly1,36,2014-03-10 19:56:00,86.4
anomaly1,37,2014-03-10 20:01:00,68.4
anomaly1,38,2014-03-10 20:06:00,68.4
anomaly1,39,2014-03-10 20:11:00,42.0
anomaly1,40,2014-03-10 20:16:00,104.4
anomaly1,41,2014-03-10 20:21:00,68.4
anomaly1,42,2014-03-10 20:26:00,42.0
anomaly1,43,2014-03-10 20:31:00,121.2
anomaly1,44,2014-03-10 20:36:00,42.0
anomaly1,45,2014-03-10 20:41:00,8654.2
anomaly1,46,2014-03-10 20:46:00,71559.2
anomaly1,47,2014-03-10 20:51:00,30698.2
anomaly1,48,2014-03-10 20:56:00,10829.2
normal2,0,2014-03-11 19:01:00,121.2
normal2,1,2014-03-11 19:06:00,68.4
normal2,2,2014-03-11 19:11:00,42.0
normal2,3,2014-03-11 19:16:00,86.4
normal2,4,2014-03-11 19:21:00,68.4
normal2,5,2014-03-11 19:26:00,68.4
normal2,6,2014-03-11 19:31:00,42.0
normal2,7,2014-03-11 19:36:00,121.2
normal2,8,2014-03-11 19:41:00,68.4
normal2,9,2014-03-11 19:46:00,42.0
normal2,10,2014-03-11 19:51:00,112.8
normal2,11,2014-03-11 19:56:00,42.0
normal2,12,2014-03-11 20:01:00,68.4
normal2,13,2014-03-11 20:06:00,94.8
normal2,14,2014-03-11 20:11:00,68.4
normal2,15,2014-03-11 20:16:00,68.4
normal2,16,2014-03-11 20:21:00,42.0
normal2,17,2014-03-11 20:26:00,129.6
normal2,18,2014-03-11 20:31:00,68.4
normal2,19,2014-03-11 20:36:00,42.0
normal2,20,2014-03-11 20:41:00,16345.8
normal2,21,2014-03-11 20:46:00,6456800.0
normal2,22,2014-03-11 20:51:00,49570.8
normal2,23,2014-03-11 20:56:00,10694.8
normal2,24,2014-03-11 21:01:00,667069.0
normal2,25,2014-03-11 21:06:00,68.4
normal2,26,2014-03-11 21:11:00,42.0
normal2,27,2014-03-11 21:16:00,112.8
normal2,28,2014-03-11 21:21:00,42.0
normal2,29,2014-03-11 21:26:00,68.4
normal2,30,2014-03-11 21:31:00,68.4
normal2,31,2014-03-11 21:36:00,86.4
normal2,32,2014-03-11 21:41:00,68.4
normal2,33,2014-03-11 21:46:00,42.0
normal2,34,2014-03-11 21:51:00,112.8
normal2,35,2014-03-11 21:56:00,60.0
normal2,36,2014-03-11 22:01:00,50.4
normal2,37,2014-03-11 22:06:00,94.8
normal2,38,2014-03-11 22:11:00,60.0
normal2,39,2014-03-11 22:16:00,68.4
normal2,40,2014-03-11 22:21:00,42.0
normal2,41,2014-03-11 22:26:00,121.2
normal2,42,2014-03-11 22:31:00,60.0
normal2,43,2014-03-11 22:36:00,50.4
normal2,44,2014-03-11 22:41:00,68.4
normal2,45,2014-03-11 22:46:00,68.4
normal2,46,2014-03-11 22:51:00,68.4
normal2,47,2014-03-11 22:56:00,60.0
normal2,48,2014-03-11 23:01:00,94.8
anomaly2,0,2014-03-12 19:01:00,68.4
anomaly2,1,2014-03-12 19:06:00,42.0
anomaly2,2,2014-03-12 19:11:00,112.8
anomaly2,3,2014-03-12 19:16:00,42.0
anomaly2,4,2014-03-12 19:21:00,76.8
anomaly2,5,2014-03-12 19:26:00,86.4
anomaly2,6,2014-03-12 19:31:00,76.8
anomaly2,7,2014-03-12 19:36:00,68.4
anomaly2,8,2014-03-12 19:41:00,42.0
anomaly2,9,2014-03-12 19:46:00,121.2
anomaly2,10,2014-03-12 19:51:00,42.0
anomaly2,11,2014-03-12 19:56:00,68.4
anomaly2,12,2014-03-12 20:01:00,16614.2
anomaly2,13,2014-03-12 20:06:00,6460870.0
anomaly2,14,2014-03-12 20:11:00,44864.0
anomaly2,15,2014-03-12 20:16:00,10536.4
anomaly2,16,2014-03-12 20:21:00,671161.0
anomaly2,17,2014-03-12 20:26:00,59550.6
anomaly2,18,2014-03-12 20:31:00,27928.0
anomaly2,19,2014-03-12 20:36:00,55821.4
anomaly2,20,2014-03-12 20:41:00,10198.0
anomaly2,21,2014-03-12 20:46:00,446657.0
anomaly2,22,2014-03-12 20:51:00,9692.0
anomaly2,23,2014-03-12 20:56:00,441512.0
anomaly2,24,2014-03-12 21:01:00,8285420.0
anomaly2,25,2014-03-12 21:06:00,301867.0
anomaly2,26,2014-03-12 21:11:00,172516.0
anomaly2,27,2014-03-12 21:16:00,664002.0
anomaly2,28,2014-03-12 21:21:00,68.4
anomaly2,29,2014-03-12 21:26:00,481539.0
anomaly2,30,2014-03-12 21:31:00,26538.0
anomaly2,31,2014-03-12 21:36:00,90486.2
anomaly2,32,2014-03-12 21:41:00,173415.0
anomaly2,33,2014-03-12 21:46:00,42133.6
anomaly2,34,2014-03-12 21:51:00,68.4
anomaly2,35,2014-03-12 21:56:00,42.0
anomaly2,36,2014-03-12 22:01:00,86.4
anomaly2,37,2014-03-12 22:06:00,68.4
anomaly2,38,2014-03-12 22:11:00,68.4
anomaly2,39,2014-03-12 22:16:00,42.0
anomaly2,40,2014-03-12 22:21:00,112.8
anomaly2,41,2014-03-12 22:26:00,16505.6
anomaly2,42,2014-03-12 22:31:00,6384640.0
anomaly2,43,2014-03-12 22:36:00,127753.0
anomaly2,44,2014-03-12 22:41:00,10156.4
anomaly2,45,2014-03-12 22:46:00,661541.0
anomaly2,46,2014-03-12 22:51:00,17379.2
anomaly2,47,2014-03-12 22:56:00,68.4
anomaly2,48,2014-03-12 23:01:00,436161.0
