segment,class,sample_index,timestamp,value,nab_anomaly_label
normal1,normal,0,2014-02-18 17:10:00,1.926,
normal1,normal,1,2014-02-18 17:15:00,1.832,
normal1,normal,2,2014-02-18 17:20:00,1.666,
normal1,normal,3,2014-02-18 17:25:00,1.736,
normal1,normal,4,2014-02-18 17:30:00,1.794,
normal1,normal,5,2014-02-18 17:35:00,1.738,
normal1,normal,6,2014-02-18 17:40:00,1.966,
normal1,normal,7,2014-02-18 17:45:00,1.828,
normal1,normal,8,2014-02-18 17:50:00,1.666,
normal1,normal,9,2014-02-18 17:55:00,1.806,
normal1,normal,10,2014-02-18 18:00:00,1.798,
normal1,normal,11,2014-02-18 18:05:00,1.792,
normal1,normal,12,2014-02-18 18:10:00,1.906,
normal1,normal,13,2014-02-18 18:15:00,1.8,
normal1,normal,14,2014-02-18 18:20:00,1.766,
normal1,normal,15,2014-02-18 18:25:00,1.86,
normal1,normal,16,2014-02-18 18:30:00,1.764,
normal1,normal,17,2014-02-18 18:35:00,1.792,
normal1,normal,18,2014-02-18 18:40:00,1.97,
normal1,normal,19,2014-02-18 18:45:00,1.9,
normal1,normal,20,2014-02-18 18:50:00,1.766,
normal1,normal,21,2014-02-18 18:55:00,1.866,
normal1,normal,22,2014-02-18 19:00:00,1.772,
normal1,normal,23,2014-02-18 19:05:00,1.834,
normal1,normal,24,2014-02-18 19:10:00,1.926,
normal1,normal,25,2014-02-18 19:15:00,1.872,
normal1,normal,26,2014-02-18 19:20:00,1.824,
normal1,normal,27,2014-02-18 19:25:00,1.866,
normal1,normal,28,2014-02-18 19:30:00,1.764,
normal1,normal,29,2014-02-18 19:35:00,1.704,
normal1,normal,30,2014-02-18 19:40:00,2.0,
normal1,normal,31,2014-02-18 19:45:00,1.826,
normal1,normal,32,2014-02-18 19:50:00,1.738,
normal1,normal,33,2014-02-18 19:55:00,1.766,
normal1,normal,34,2014-02-18 20:00:00,1.828,
normal1,normal,35,2014-02-18 20:05:00,1.772,
normal1,normal,36,2014-02-18 20:10:00,1.958,
normal1,normal,37,2014-02-18 20:15:00,1.838,
normal1,normal,38,2014-02-18 20:20:00,1.896,
normal1,normal,39,2014-02-18 20:25:00,1.866,
normal1,normal,40,2014-02-18 20:30:00,2.09,
normal1,normal,41,2014-02-18 20:35:00,1.834,
normal1,normal,42,2014-02-18 20:40:00,2.14,
normal1,normal,43,2014-02-18 20:45:00,1.96,
normal1,normal,44,2014-02-18 20:50:00,1.974,
normal1,normal,45,2014-02-18 20:55:00,1.866,
normal1,normal,46,2014-02-18 21:00:00,1.8,
normal1,normal,47,2014-02-18 21:05:00,1.826,
normal1,normal,48,2014-02-18 21:10:00,1.94,
anomaly1,anomaly,0,2014-02-19 17:10:00,2.0,2014-02-19 19:10:00
anomaly1,anomaly,1,2014-02-19 17:15:00,1.772,2014-02-19 19:10:00
anomaly1,anomaly,2,2014-02-19 17:20:00,1.76,2014-02-19 19:10:00
anomaly1,anomaly,3,2014-02-19 17:25:00,1.766,2014-02-19 19:10:00
anomaly1,anomaly,4,2014-02-19 17:30:00,1.806,2014-02-19 19:10:00
anomaly1,anomaly,5,2014-02-19 17:35:00,1.762,2014-02-19 19:10:00
anomaly1,anomaly,6,2014-02-19 17:40:00,1.94,2014-02-19 19:10:00
anomaly1,anomaly,7,2014-02-19 17:45:00,1.8,2014-02-19 19:10:00
anomaly1,anomaly,8,2014-02-19 17:50:00,1.76,2014-02-19 19:10:00
anomaly1,anomaly,9,2014-02-19 17:55:00,1.866,2014-02-19 19:10:00
anomaly1,anomaly,10,2014-02-19 18:00:00,1.738,2014-02-19 19:10:00
anomaly1,anomaly,11,2014-02-19 18:05:00,1.764,2014-02-19 19:10:00
anomaly1,anomaly,12,2014-02-19 18:10:00,1.964,2014-02-19 19:10:00
anomaly1,anomaly,13,2014-02-19 18:15:00,1.8,2014-02-19 19:10:00
anomaly1,anomaly,14,2014-02-19 18:20:00,1.766,2014-02-19 19:10:00
anomaly1,anomaly,15,2014-02-19 18:25:00,1.8,2014-02-19 19:10:00
anomaly1,anomaly,16,2014-02-19 18:30:00,1.766,2014-02-19 19:10:00
anomaly1,anomaly,17,2014-02-19 18:35:00,1.766,2014-02-19 19:10:00
anomaly1,anomaly,18,2014-02-19 18:40:00,1.934,2014-02-19 19:10:00
anomaly1,anomaly,19,2014-02-19 18:45:00,1.766,2014-02-19 19:10:00
anomaly1,anomaly,20,2014-02-19 18:50:00,1.892,2014-02-19 19:10:00
anomaly1,anomaly,21,2014-02-19 18:55:00,1.604,2014-02-19 19:10:00
anomaly1,anomaly,22,2014-02-19 19:00:00,1.86,2014-02-19 19:10:00
anomaly1,anomaly,23,2014-02-19 19:05:00,1.706,2014-02-19 19:10:00
anomaly1,anomaly,24,2014-02-19 19:10:00,2.058,2014-02-19 19:10:00
anomaly1,anomaly,25,2014-02-19 19:15:00,1.8,2014-02-19 19:10:00
anomaly1,anomaly,26,2014-02-19 19:20:00,1.872,2014-02-19 19:10:00
anomaly1,anomaly,27,2014-02-19 19:25:00,1.924,2014-02-19 19:10:00
anomaly1,anomaly,28,2014-02-19 19:30:00,1.972,2014-02-19 19:10:00
anomaly1,anomaly,29,2014-02-19 19:35:00,1.9,2014-02-19 19:10:00
anomaly1,anomaly,30,2014-02-19 19:40:00,2.16,2014-02-19 19:10:00
anomaly1,anomaly,31,2014-02-19 19:45:00,1.898,2014-02-19 19:10:00
anomaly1,anomaly,32,2014-02-19 19:50:00,1.964,2014-02-19 19:10:00
anomaly1,anomaly,33,2014-02-19 19:55:00,1.932,2014-02-19 19:10:00
anomaly1,anomaly,34,2014-02-19 20:00:00,1.966,2014-02-19 19:10:00
anomaly1,anomaly,35,2014-02-19 20:05:00,2.098,2014-02-19 19:10:00
anomaly1,anomaly,36,2014-02-19 20:10:00,2.1,2014-02-19 19:10:00
anomaly1,anomaly,37,2014-02-19 20:15:00,1.766,2014-02-19 19:10:00
anomaly1,anomaly,38,2014-02-19 20:20:00,1.86,2014-02-19 19:10:00
anomaly1,anomaly,39,2014-02-19 20:25:00,1.974,2014-02-19 19:10:00
anomaly1,anomaly,40,2014-02-19 20:30:00,1.992,2014-02-19 19:10:00
anomaly1,anomaly,41,2014-02-19 20:35:00,1.906,2014-02-19 19:10:00
anomaly1,anomaly,42,2014-02-19 20:40:00,2.16,2014-02-19 19:10:00
anomaly1,anomaly,43,2014-02-19 20:45:00,1.906,2014-02-19 19:10:00
anomaly1,anomaly,44,2014-02-19 20:50:00,1.998,2014-02-19 19:10:00
anomaly1,anomaly,45,2014-02-19 20:55:00,1.932,2014-02-19 19:10:00
anomaly1,anomaly,46,2014-02-19 21:00:00,2.034,2014-02-19 19:10:00
anomaly1,anomaly,47,2014-02-19 21:05:00,1.998,2014-02-19 19:10:00
anomaly1,anomaly,48,2014-02-19 21:10:00,2.224,2014-02-19 19:10:00
normal2,normal,0,2014-02-22 18:05:00,1.766,
normal2,normal,1,2014-02-22 18:10:00,2.122,
normal2,normal,2,2014-02-22 18:15:00,1.706,
normal2,normal,3,2014-02-22 18:20:00,1.832,
normal2,normal,4,2014-02-22 18:25:00,1.794,
normal2,normal,5,2014-02-22 18:30:00,1.772,
normal2,normal,6,2014-02-22 18:35:00,1.828,
normal2,normal,7,2014-02-22 18:40:00,2.004,
normal2,normal,8,2014-02-22 18:45:00,1.766,
normal2,normal,9,2014-02-22 18:50:00,1.894,
normal2,normal,10,2014-02-22 18:55:00,1.732,
normal2,normal,11,2014-02-22 19:00:00,1.838,
normal2,normal,12,2014-02-22 19:05:00,1.796,
normal2,normal,13,2014-02-22 19:10:00,2.064,
normal2,normal,14,2014-02-22 19:15:00,1.866,
normal2,normal,15,2014-02-22 19:20:00,1.766,
normal2,normal,16,2014-02-22 19:25:00,1.832,
normal2,normal,17,2014-02-22 19:30:00,1.8,
normal2,normal,18,2014-02-22 19:35:00,1.86,
normal2,normal,19,2014-02-22 19:40:00,1.972,
normal2,normal,20,2014-02-22 19:45:00,1.826,
normal2,normal,21,2014-02-22 19:50:00,1.898,
normal2,normal,22,2014-02-22 19:55:00,1.738,
normal2,normal,23,2014-02-22 20:00:00,1.834,
normal2,normal,24,2014-02-22 20:05:00,1.83,
normal2,normal,25,2014-02-22 20:10:00,2.0,
normal2,normal,26,2014-02-22 20:15:00,1.8,
normal2,normal,27,2014-02-22 20:20:00,1.836,
normal2,normal,28,2014-02-22 20:25:00,1.858,
normal2,normal,29,2014-02-22 20:30:00,1.866,
normal2,normal,30,2014-02-22 20:35:00,1.838,
normal2,normal,31,2014-02-22 20:40:00,2.06,
normal2,normal,32,2014-02-22 20:45:00,1.798,
normal2,normal,33,2014-02-22 20:50:00,1.772,
normal2,normal,34,2014-02-22 20:55:00,1.894,
normal2,normal,35,2014-02-22 21:00:00,1.802,
normal2,normal,36,2014-02-22 21:05:00,1.834,
normal2,normal,37,2014-02-22 21:10:00,2.03,
normal2,normal,38,2014-02-22 21:15:00,1.866,
normal2,normal,39,2014-02-22 21:20:00,1.8,
normal2,normal,40,2014-02-22 21:25:00,1.86,
normal2,normal,41,2014-02-22 21:30:00,1.8,
normal2,normal,42,2014-02-22 21:35:00,1.772,
normal2,normal,43,2014-02-22 21:40:00,2.094,
normal2,normal,44,2014-02-22 21:45:00,1.704,
normal2,normal,45,2014-02-22 21:50:00,1.828,
normal2,normal,46,2014-02-22 21:55:00,1.772,
normal2,normal,47,2014-02-22 22:00:00,1.86,
normal2,normal,48,2014-02-22 22:05:00,1.772,
anomaly2,anomaly,0,2014-02-23 18:05:00,1.766,2014-02-23 20:05:00
anomaly2,anomaly,1,2014-02-23 18:10:00,1.972,2014-02-23 20:05:00
anomaly2,anomaly,2,2014-02-23 18:15:00,1.766,2014-02-23 20:05:00
anomaly2,anomaly,3,2014-02-23 18:20:00,1.798,2014-02-23 20:05:00
anomaly2,anomaly,4,2014-02-23 18:25:00,1.766,2014-02-23 20:05:00
anomaly2,anomaly,5,2014-02-23 18:30:00,1.766,2014-02-23 20:05:00
anomaly2,anomaly,6,2014-02-23 18:35:00,1.86,2014-02-23 20:05:00
anomaly2,anomaly,7,2014-02-23 18:40:00,1.908,2014-02-23 20:05:00
anomaly2,anomaly,8,2014-02-23 18:45:00,1.858,2014-02-23 20:05:00
anomaly2,anomaly,9,2014-02-23 18:50:00,1.732,2014-02-23 20:05:00
anomaly2,anomaly,10,2014-02-23 18:55:00,1.738,2014-02-23 20:05:00
anomaly2,anomaly,11,2014-02-23 19:00:00,1.796,2014-02-23 20:05:00
anomaly2,anomaly,12,2014-02-23 19:05:00,1.8,2014-02-23 20:05:00
anomaly2,anomaly,13,2014-02-23 19:10:00,1.966,2014-02-23 20:05:00
anomaly2,anomaly,14,2014-02-23 19:15:00,1.766,2014-02-23 20:05:00
anomaly2,anomaly,15,2014-02-23 19:20:00,1.794,2014-02-23 20:05:00
anomaly2,anomaly,16,2014-02-23 19:25:00,1.802,2014-02-23 20:05:00
anomaly2,anomaly,17,2014-02-23 19:30:00,1.8,2014-02-23 20:05:00
anomaly2,anomaly,18,2014-02-23 19:35:00,1.866,2014-02-23 20:05:00
anomaly2,anomaly,19,2014-02-23 19:40:00,1.99,2014-02-23 20:05:00
anomaly2,anomaly,20,2014-02-23 19:45:00,1.866,2014-02-23 20:05:00
anomaly2,anomaly,21,2014-02-23 19:50:00,1.706,2014-02-23 20:05:00
anomaly2,anomaly,22,2014-02-23 19:55:00,1.832,2014-02-23 20:05:00
anomaly2,anomaly,23,2014-02-23 20:00:00,1.8,2014-02-23 20:05:00
anomaly2,anomaly,24,2014-02-23 20:05:00,1.966,2014-02-23 20:05:00
anomaly2,anomaly,25,2014-02-23 20:10:00,1.966,2014-02-23 20:05:00
anomaly2,anomaly,26,2014-02-23 20:15:00,1.86,2014-02-23 20:05:00
anomaly2,anomaly,27,2014-02-23 20:20:00,1.872,2014-02-23 20:05:00
anomaly2,anomaly,28,2014-02-23 20:25:00,1.996,2014-02-23 20:05:00
anomaly2,anomaly,29,2014-02-23 20:30:00,2.124,2014-02-23 20:05:00
anomaly2,anomaly,30,2014-02-23 20:35:00,1.94,2014-02-23 20:05:00
anomaly2,anomaly,31,2014-02-23 20:40:00,2.2,2014-02-23 20:05:00
anomaly2,anomaly,32,2014-02-23 20:45:00,2.032,2014-02-23 20:05:00
anomaly2,anomaly,33,2014-02-23 20:50:00,1.966,2014-02-23 20:05:00
anomaly2,anomaly,34,2014-02-23 20:55:00,1.998,2014-02-23 20:05:00
anomaly2,anomaly,35,2014-02-23 21:00:00,2.092,2014-02-23 20:05:00
anomaly2,anomaly,36,2014-02-23 21:05:00,1.934,2014-02-23 20:05:00
anomaly2,anomaly,37,2014-02-23 21:10:00,2.364,2014-02-23 20:05:00
anomaly2,anomaly,38,2014-02-23 21:15:00,1.898,2014-02-23 20:05:00
anomaly2,anomaly,39,2014-02-23 21:20:00,2.032,2014-02-23 20:05:00
anomaly2,anomaly,40,2014-02-23 21:25:00,1.972,2014-02-23 20:05:00
anomaly2,anomaly,41,2014-02-23 21:30:00,2.06,2014-02-23 20:05:00
anomaly2,anomaly,42,2014-02-23 21:35:00,1.97,2014-02-23 20:05:00
anomaly2,anomaly,43,2014-02-23 21:40:00,2.198,2014-02-23 20:05:00
anomaly2,anomaly,44,2014-02-23 21:45:00,1.996,2014-02-23 20:05:00
anomaly2,anomaly,45,2014-02-23 21:50:00,2.0,2014-02-23 20:05:00
anomaly2,anomaly,46,2014-02-23 21:55:00,2.0,2014-02-23 20:05:00
anomaly2,anomaly,47,2014-02-23 22:00:00,2.066,2014-02-23 20:05:00
anomaly2,anomaly,48,2014-02-23 22:05:00,1.93,2014-02-23 20:05:00
