worker,t0,t1,server_ms,client_ms,error,phase
3,3788.70733693,3788.721825621,11.640013,14.418565,,pre
1,3788.705907875,3788.723990511,13.238861,18.031949,,pre
2,3788.706891592,3788.725145077,12.427113,18.221826,,pre
3,3788.72234724,3788.726947026,2.910792,4.535369,,pre
0,3788.704422438,3788.728963732,12.343757,24.491359,,pre
2,3788.72521334,3788.729884975,2.407351,4.641519,,pre
3,3788.72713475,3788.732526484,2.999546,5.302819,,pre
1,3788.724215901,3788.735002154,9.370481,10.742666,,pre
0,3788.729065335,3788.736332145,4.493696,7.226528,,pre
3,3788.732718996,3788.739736508,4.291951,6.925653,,pre
1,3788.735123577,3788.741439499,2.864672,6.2689,,pre
2,3788.729953248,3788.742694317,7.744612,12.706116,,pre
3,3788.739986726,3788.746091609,4.452844,6.007996,,pre
0,3788.736452998,3788.748371131,4.957757,11.871843,,pre
1,3788.74157901,3788.749389321,4.026298,7.777181,,pre
2,3788.742769941,3788.750401191,4.63621,7.59761,,pre
3,3788.74631741,3788.752056209,2.704671,5.652308,,pre
0,3788.748547688,3788.753753792,3.631993,5.164821,,pre
1,3788.749462932,3788.756242255,4.685526,6.74474,,pre
3,3788.752264614,3788.758379502,4.52978,6.059013,,pre
3,3788.758611633,3788.760142978,0.347796,1.486418,,pre
0,3788.753866412,3788.761519125,2.19545,7.576087,,pre
2,3788.750471348,3788.762797719,5.367397,12.249255,,pre
1,3788.756330619,3788.763766734,1.900384,7.403026,,pre
3,3788.760243931,3788.764748884,0.777746,4.457071,,pre
3,3788.764867874,3788.766125326,0.227985,1.21656,,pre
0,3788.761720199,3788.767322882,2.595886,5.562262,,pre
2,3788.762887034,3788.768575416,2.736158,5.655503,,pre
1,3788.763841517,3788.769373714,1.592338,5.502512,,pre
3,3788.766221061,3788.770467072,0.367646,4.197978,,pre
0,3788.767430575,3788.771806302,0.380576,4.340073,,pre
2,3788.768646474,3788.772731461,0.398533,4.054822,,pre
3,3788.770630709,3788.773139603,0.369689,2.461112,,pre
1,3788.769438131,3788.780316783,0.518244,10.840524,,pre
0,3788.771896469,3788.780892263,0.238871,8.962605,,pre
3,3788.773259515,3788.781881794,0.260965,8.574277,,pre
3,3788.782010168,3788.784106428,0.3242,2.050471,,pre
1,3788.780572129,3788.785279037,0.618124,4.667318,,pre
0,3788.780965474,3788.786105958,2.683388,5.047694,,pre
3,3788.784205648,3788.786762886,0.540488,2.509986,,pre
2,3788.772797511,3788.787997558,0.931789,15.164764,,pre
0,3788.786172709,3788.789553762,0.614199,3.347062,,pre
3,3788.786880133,3788.7905212,0.593518,3.560375,,pre
1,3788.785378127,3788.791722802,0.814121,6.309782,,pre
0,3788.789640994,3788.792831779,0.839439,3.159638,,pre
3,3788.790643304,3788.794035795,0.585786,3.342825,,pre
0,3788.792897208,3788.795280612,0.946772,2.349503,,pre
2,3788.788109718,3788.811445979,2.238595,23.290131,,pre
1,3788.791809133,3788.812500394,2.244755,20.215521,,pre
3,3788.7941587,3788.814243074,0.510171,20.029691,,pre
2,3788.811749008,3788.81591614,0.592446,4.127272,,pre
3,3788.814516668,3788.817050079,0.599106,2.484647,,pre
0,3788.795366222,3788.818231641,0.666728,22.827152,,pre
2,3788.816045585,3788.819147646,0.387807,3.069702,,pre
3,3788.817215599,3788.820323539,0.376059,3.064134,,pre
2,3788.819213406,3788.821594997,0.343249,2.346699,,pre
0,3788.818326635,3788.822447717,0.266834,4.090255,,pre
3,3788.820517162,3788.823361343,0.630603,2.797701,,pre
2,3788.821687027,3788.824667654,0.342307,2.944634,,pre
3,3788.823547265,3788.825684887,0.622171,2.098524,,pre
0,3788.82253576,3788.826712146,0.308316,4.142455,,pre
3,3788.825802956,3788.827649669,0.723033,1.809827,,pre
2,3788.824755517,3788.828601684,0.451683,3.811715,,pre
1,3788.812592443,3788.829512421,2.236563,16.864444,,pre
3,3788.827755339,3788.83028885,0.36984,2.496896,,pre
0,3788.826800891,3788.831439966,0.261445,4.603402,,pre
1,3788.829576448,3788.832273356,0.50939,2.667334,,pre
0,3788.831554359,3788.833159076,0.52913,1.574912,,pre
2,3788.828687193,3788.834053639,3.502426,5.335018,,pre
3,3788.830391034,3788.834454009,2.081448,4.026209,,pre
1,3788.832333808,3788.835907592,0.335357,3.541396,,pre
3,3788.834584266,3788.836928671,0.685156,2.306838,,pre
0,3788.833223193,3788.838062632,1.003478,4.804716,,pre
3,3788.837042523,3788.8390568,0.394567,1.977801,,pre
0,3788.838153259,3788.839976696,0.308277,1.788144,,pre
3,3788.839152745,3788.841087471,0.301326,1.873924,,pre
2,3788.834145758,3788.842015509,0.486977,7.835059,,pre
1,3788.835996567,3788.842854138,0.364411,6.795046,,pre
3,3788.841174592,3788.843846012,1.599599,2.635425,,pre
2,3788.842103843,3788.844943918,0.321517,2.780445,,pre
3,3788.843996269,3788.845885977,0.467558,1.836718,,pre
0,3788.840092071,3788.846435864,0.335087,6.303162,,pre
2,3788.845032091,3788.847361955,0.322538,2.298526,,pre
2,3788.847426793,3788.849431895,0.269999,1.974336,,pre
3,3788.845978868,3788.850452534,0.685136,4.433566,,pre
1,3788.842916832,3788.851450107,0.302388,8.500816,,pre
3,3788.850630283,3788.85253298,0.385794,1.861605,,pre
0,3788.846555064,3788.853458695,0.425323,6.867556,,pre
1,3788.851558511,3788.853810707,0.544844,2.222511,,pre
2,3788.849524285,3788.854635054,0.438624,5.081064,,pre
3,3788.852632891,3788.856694273,0.344511,4.021261,,pre
1,3788.853867463,3788.858363873,0.19167,4.463329,,pre
3,3788.856839763,3788.859453936,0.524743,2.574203,,pre
2,3788.854696947,3788.860813067,0.593086,6.082208,,pre
1,3788.858567801,3788.861246613,0.292983,2.642347,,pre
3,3788.859583562,3788.862184576,0.709803,2.436675,,pre
3,3788.862277507,3788.863757335,0.585055,1.447169,,pre
0,3788.853567109,3788.865024646,0.266514,11.420892,,pre
3,3788.863831417,3788.867030174,0.860681,3.164425,,pre
1,3788.861308777,3788.868618501,0.291801,6.990411,,pre
3,3788.86711996,3788.870024773,0.369839,2.86977,,pre
0,3788.8651199,3788.87103791,0.404352,5.881164,,pre
3,3788.870116281,3788.872028934,0.596813,1.857299,,pre
1,3788.868723069,3788.873903423,0.468539,4.301806,,pre
3,3788.872194284,3788.874984303,0.975755,2.731501,,pre
0,3788.87113094,3788.876299367,0.344801,5.132312,,pre
2,3788.860912648,3788.876696978,0.631365,15.751821,,pre
3,3788.875075561,3788.877589142,0.589632,2.477416,,pre
2,3788.87675747,3788.87950838,0.289878,2.690178,,pre
1,3788.874005438,3788.880324504,1.119854,6.287799,,pre
3,3788.877680801,3788.881170859,0.544804,3.452441,,pre
2,3788.879600158,3788.882293381,0.342939,2.659552,,pre
3,3788.881265983,3788.884085737,0.670484,2.781707,,pre
0,3788.87638755,3788.885080256,1.240135,8.656882,,pre
3,3788.884183705,3788.886080133,0.228385,1.858751,,pre
1,3788.880386047,3788.887035663,1.152694,6.615846,,pre
2,3788.88237825,3788.888118811,1.862887,5.705399,,pre
1,3788.887126731,3788.889071792,0.326934,1.913013,,pre
3,3788.886218523,3788.889978348,0.468278,3.722339,,pre
0,3788.8851687,3788.890956513,0.407917,5.753301,,pre
2,3788.888188467,3788.891993991,0.535109,3.774187,,pre
1,3788.889137011,3788.911427311,0.308807,22.255016,,pre
0,3788.891042953,3788.91286219,0.428528,21.78804,,pre
3,3788.890074444,3788.915311715,0.484092,25.200575,,pre
2,3788.892088344,3788.91653892,0.663964,24.414181,,pre
3,3788.915428792,3788.91693506,0.459244,1.469823,,pre
1,3788.911668185,3788.91806651,0.442569,6.360579,,pre
0,3788.912929562,3788.919855937,0.567968,6.891812,,pre
3,3788.917011235,3788.920871893,0.26457,3.821048,,pre
2,3788.916624109,3788.921983334,0.340155,5.318553,,pre
1,3788.918150397,3788.923118631,1.063068,4.928604,,pre
3,3788.920957353,3788.924207027,0.660849,3.205157,,pre
0,3788.919983019,3788.925333701,0.687319,5.312724,,pre
2,3788.922063495,3788.926438762,0.32363,4.33787,,pre
3,3788.924289662,3788.927464844,0.293924,3.136833,,pre
2,3788.926551492,3788.928647882,0.318442,2.058423,,pre
1,3788.923195707,3788.929697219,0.361687,6.464847,,pre
0,3788.925413291,3788.930791795,0.243088,5.341868,,pre
3,3788.927576422,3788.931889926,0.292292,4.27146,,pre
1,3788.929777651,3788.933011051,0.364421,3.19429,,pre
2,3788.928726912,3788.933422033,0.530843,4.656763,,pre
3,3788.931972671,3788.935149385,0.479395,3.1405,,pre
0,3788.930872266,3788.936271682,1.748825,5.331463,,pre
1,3788.933091232,3788.937424175,0.493616,4.296597,,pre
3,3788.935225671,3788.937800535,0.32399,2.538459,,pre
0,3788.936363361,3788.939148272,0.419825,2.746653,,pre
2,3788.933524558,3788.940703404,4.022944,7.139196,,pre
0,3788.939224277,3788.941780893,0.684805,2.51968,,pre
3,3788.937876179,3788.942781868,0.207233,4.867441,,pre
1,3788.937535163,3788.943875131,0.625055,6.300858,,pre
2,3788.940792358,3788.94496577,0.36372,4.138178,,pre
0,3788.941859552,3788.946101087,0.656973,4.203597,,pre
3,3788.942865704,3788.947179178,1.640161,4.275146,,pre
1,3788.943955733,3788.948454416,0.419714,4.33127,,pre
2,3788.945042366,3788.949555671,0.265261,4.475268,,pre
1,3788.948563691,3788.950618679,0.845018,2.017882,,pre
3,3788.947268824,3788.951648757,0.577934,4.343719,,pre
0,3788.946200097,3788.952680998,0.306444,6.443654,,pre
2,3788.949628481,3788.95378674,0.351672,4.121353,,pre
3,3788.951722168,3788.954895147,0.33019,3.135952,,pre
1,3788.950696326,3788.956029091,0.819139,5.267947,,pre
2,3788.953865759,3788.956386472,0.308306,2.484747,,pre
3,3788.954977511,3788.957435719,0.162105,2.418718,,pre
0,3788.952759777,3788.958542823,0.183688,5.742936,,pre
2,3788.956457629,3788.959620302,0.222096,3.125898,,pre
0,3788.958624036,3788.960739144,0.262417,2.077272,,pre
3,3788.957548559,3788.961735211,0.247014,4.148423,,pre
2,3788.959698611,3788.963622344,0.500787,3.884434,,pre
3,3788.961814671,3788.964599232,0.290369,2.750509,,pre
2,3788.963769356,3788.965407945,0.283889,1.60628,,pre
3,3788.964666564,3788.965731695,0.13862,1.036427,,pre
1,3788.956111265,3788.966635952,0.306424,10.492547,,pre
0,3788.960819946,3788.967867715,0.428228,7.01585,,pre
1,3788.966697875,3788.968629647,0.273925,1.903909,,pre
2,3788.965499042,3788.969280321,0.209887,3.750743,,pre
0,3788.96795054,3788.969989393,0.348818,2.00988,,pre
2,3788.969336776,3788.97077391,0.197689,1.409281,,pre
1,3788.968690088,3788.971558677,0.222427,2.839424,,pre
3,3788.965797204,3788.972264705,4.360444,6.436905,,pre
2,3788.97083361,3788.973157404,0.183608,2.295912,,pre
0,3788.970067291,3788.973958385,0.606347,3.863112,,pre
3,3788.97233468,3788.974310068,0.209637,1.945231,,pre
1,3788.971617586,3788.975131019,0.190057,3.48518,,pre
2,3788.973218126,3788.975374737,0.358332,2.130191,,pre
3,3788.974379533,3788.97669865,0.159061,2.28795,,pre
2,3788.975423691,3788.977530477,0.55583,2.078113,,pre
0,3788.974037996,3788.978249475,0.666387,4.182835,,pre
3,3788.976765381,3788.979573648,0.231049,2.7774,,pre
1,3788.975188666,3788.980857639,0.307886,5.639939,,pre
3,3788.979643363,3788.982726226,0.214234,3.052256,,pre
0,3788.978307633,3788.983618595,0.177638,5.280786,,pre
1,3788.980921085,3788.984393647,0.488949,3.444549,,pre
3,3788.982796862,3788.985179055,0.233253,2.350975,,pre
2,3788.977593953,3788.986086567,0.345012,8.461717,,pre
0,3788.983687659,3788.986345098,0.3966,2.629787,,pre
3,3788.985247799,3788.987375246,0.256297,2.097061,,pre
1,3788.984456983,3788.988915345,0.329508,4.428137,,pre
3,3788.987441686,3789.011349172,0.28389,23.868957,,pre
0,3788.98639968,3789.012529857,0.340174,26.096636,,pre
3,3789.011518168,3789.013956725,0.329518,2.342042,,pre
0,3789.012607244,3789.0149849,0.26415,2.345366,,pre
1,3788.988983598,3789.015473468,0.270188,26.459725,,pre
3,3789.01409229,3789.016323755,0.362067,2.201169,,pre
1,3789.015567,3789.017628658,0.282627,2.030581,,pre
2,3788.98615499,3789.018716473,0.411753,32.530556,,pre
3,3789.016397025,3789.01962025,0.192622,3.099497,,pre
2,3789.018783174,3789.020541543,0.220193,1.726271,,pre
0,3789.015053824,3789.021344107,0.698677,6.260027,,pre
3,3789.019686781,3789.022183346,0.205811,2.466801,,pre
1,3789.017698243,3789.023087443,0.230579,5.358664,,pre
3,3789.022248014,3789.023910848,0.242336,1.63367,,pre
2,3789.020611288,3789.024856408,0.220173,4.214333,,pre
0,3789.021407202,3789.025091614,0.223438,3.657531,,pre
1,3789.02315152,3789.025326108,0.464943,2.148439,,pre
3,3789.023975096,3789.026163776,0.17858,2.158855,,pre
1,3789.02537373,3789.027021592,0.219312,1.620551,,pre
3,3789.026229104,3789.02782616,0.188125,1.531796,,pre
3,3789.027889936,3789.029553332,0.198961,1.634461,,pre
0,3789.025139757,3789.030417899,0.204169,5.25012,,pre
1,3789.027084678,3789.03125162,0.260884,4.137757,,pre
3,3789.029618781,3789.032056197,0.526696,2.4069,,pre
0,3789.030508266,3789.032926122,0.234906,2.387591,,pre
3,3789.032122547,3789.033836709,0.214274,1.685489,,pre
1,3789.031312912,3789.034669709,0.191941,3.327402,,pre
2,3789.024922979,3789.035390959,0.221245,10.438947,,pre
3,3789.033899354,3789.035746017,0.17816,1.816918,,pre
0,3789.03303066,3789.03711045,0.400676,4.049564,,pre
3,3789.035810574,3789.037411816,0.303128,1.571517,,pre
3,3789.037498487,3789.03859157,0.187624,1.061415,,pre
2,3789.035451691,3789.039383858,0.23828,3.902822,,pre
1,3789.034731482,3789.039913789,0.275566,5.153974,,pre
3,3789.038659252,3789.040853942,0.168875,2.165165,,pre
2,3789.039513464,3789.042157243,0.290229,2.613483,,pre
1,3789.039971717,3789.042890401,0.273694,2.890381,,pre
0,3789.037173806,3789.043787238,0.220093,6.584118,,pre
2,3789.042225656,3789.044980983,0.295687,2.725242,,pre
3,3789.040921193,3789.045863759,0.357261,4.91261,,pre
0,3789.043929002,3789.046132415,0.165811,2.172696,,pre
2,3789.045044469,3789.047568106,0.25145,2.49291,,pre
3,3789.045931601,3789.048430931,0.134613,2.469706,,pre
0,3789.04619573,3789.049383872,0.222216,3.156944,,pre
3,3789.048644104,3789.049829787,0.163057,1.155107,,pre
2,3789.047636529,3789.050683999,0.166412,3.018265,,pre
1,3789.042976341,3789.051404458,0.180943,8.399544,,pre
3,3789.049895627,3789.052237569,0.172641,2.312217,,pre
2,3789.05074463,3789.053935962,0.248456,3.160164,,pre
1,3789.051464259,3789.054759237,0.216277,3.267257,,pre
0,3789.049449602,3789.055020522,0.279102,5.495156,,pre
2,3789.054006388,3789.056457986,0.226132,2.421883,,pre
0,3789.055072471,3789.056848226,0.263168,1.747833,,pre
1,3789.054822383,3789.057078855,0.318872,2.230573,,pre
3,3789.052586356,3789.058958103,5.39546,6.338787,,pre
0,3789.056905623,3789.059776055,0.254596,2.840957,,pre
3,3789.059027818,3789.060658194,0.176998,1.600731,,pre
1,3789.057127038,3789.061445159,0.205861,4.289147,,pre
2,3789.056594473,3789.061725954,0.404962,5.103589,,pre
3,3789.060722391,3789.062579961,0.272372,1.827153,,pre
0,3789.059842595,3789.063373425,0.239042,3.500294,,pre
3,3789.062668505,3789.064228594,0.193282,1.531176,,pre
3,3789.064333302,3789.065851619,0.26397,1.488752,,pre
2,3789.061777932,3789.066723923,0.586237,4.895855,,pre
3,3789.065920203,3789.067545992,0.18556,1.594211,,pre
0,3789.063439305,3789.068342491,0.260834,4.873852,,pre
2,3789.06679495,3789.068873714,0.194003,2.050311,,pre
3,3789.067611441,3789.069701221,0.187313,2.058614,,pre
2,3789.068932183,3789.070952698,0.275867,1.992564,,pre
1,3789.061541495,3789.0717872,0.187203,10.21584,,pre
0,3789.068449072,3789.072729075,0.159391,4.251079,,pre
3,3789.069768934,3789.073530983,0.272812,3.691733,,pre
1,3789.071849675,3789.074465371,0.163087,2.584609,,pre
2,3789.071022694,3789.074786757,0.196367,3.735469,,pre
0,3789.072808315,3789.075600998,0.295607,2.763029,,pre
3,3789.073600027,3789.075884042,0.186793,2.254039,,pre
2,3789.074842241,3789.077742037,1.100915,2.870622,,pre
3,3789.075951964,3789.078561281,0.230759,2.57878,,pre
0,3789.075661149,3789.079346373,0.235155,3.655519,,pre
3,3789.078628032,3789.080237356,0.141584,1.579539,,pre
1,3789.074559373,3789.081166756,0.213353,6.576326,,pre
0,3789.079451973,3789.081440711,0.184269,1.959283,,pre
3,3789.080314983,3789.082380908,0.15217,2.034396,,pre
2,3789.077829278,3789.082835981,0.495559,4.9586,,pre
0,3789.081520501,3789.084274376,0.232521,2.725011,,pre
2,3789.082899387,3789.084605928,0.192251,1.678648,,pre
2,3789.084664005,3789.085809087,0.167884,1.05097,,pre
3,3789.082444364,3789.086606899,0.156276,4.132009,,pre
2,3789.085879273,3789.088320936,0.166893,2.388001,,pre
1,3789.081231825,3789.088621521,0.202977,7.361974,,pre
3,3789.086673931,3789.089938298,0.29087,3.234632,,pre
1,3789.088675693,3789.090791573,0.293604,2.087156,,pre
0,3789.084338583,3789.091064396,0.17209,6.699082,,pre
3,3789.090006281,3789.091822708,0.176517,1.743557,,pre
2,3789.088390862,3789.092623043,0.186742,4.203087,,pre
1,3789.090854839,3789.111969854,0.369209,21.073262,,pre
2,3789.092683955,3789.112468708,0.497732,19.754718,,pre
3,3789.091886805,3789.11339203,0.624725,21.473888,,pre
0,3789.091117296,3789.114430725,0.652767,23.26023,,pre
3,3789.113463438,3789.115228607,0.200323,1.734944,,pre
2,3789.112577613,3789.116072919,0.414416,3.464429,,pre
2,3789.116171418,3789.118208133,0.156908,1.988673,,pre
3,3789.115294687,3789.11953427,0.210739,4.128615,,pre
2,3789.118427736,3789.121642908,0.2048,3.170786,,pre
1,3789.112188334,3789.122790759,0.273704,10.555884,,pre
3,3789.119647351,3789.124037811,0.293424,4.320945,,pre
2,3789.12176292,3789.125166237,0.188946,3.36571,,pre
0,3789.114550346,3789.126321019,0.216107,11.704963,,pre
2,3789.12526075,3789.130969073,0.199442,5.665168,,pre
3,3789.124122649,3789.131996087,0.226702,7.824885,,pre
0,3789.126431376,3789.133231921,0.308877,6.756749,,pre
2,3789.131072089,3789.134362085,0.301166,3.252309,,pre
3,3789.132122468,3789.135389489,0.227995,3.230817,,pre
0,3789.133320324,3789.13653724,0.15874,3.17359,,pre
2,3789.134450619,3789.13769759,0.255386,3.210025,,pre
3,3789.135510052,3789.138693617,0.336599,3.144857,,pre
2,3789.137795197,3789.139748912,0.177488,1.91723,,pre
1,3789.122901036,3789.140247121,0.275357,17.300225,,pre
0,3789.136624722,3789.142452076,0.980002,5.784158,,pre
3,3789.138787108,3789.143540187,0.200944,4.718416,,pre
3,3789.14360876,3789.144789646,0.221435,1.144942,,pre
2,3789.139833991,3789.145973366,0.26474,6.101809,,pre
1,3789.14035251,3789.147090881,0.270169,6.693513,,pre
0,3789.142569914,3789.148311758,0.355638,5.700602,,pre
3,3789.144872552,3789.149381511,0.673258,4.467977,,pre
2,3789.146070683,3789.150593274,0.219692,4.485023,,pre
1,3789.147194117,3789.151734535,0.270409,4.496862,,pre
3,3789.149463715,3789.152242578,0.221045,2.660093,,pre
2,3789.150727927,3789.153383554,0.263709,2.618541,,pre
2,3789.153509204,3789.155281875,0.332443,1.738359,,pre
3,3789.152324222,3789.156404603,0.308216,4.035523,,pre
1,3789.151836519,3789.157619044,0.244599,5.738549,,pre
0,3789.148391058,3789.158767932,0.222246,10.331706,,pre
3,3789.156593258,3789.159110446,0.459365,2.477337,,pre
1,3789.157706046,3789.160297005,0.217419,2.552901,,pre
3,3789.159185639,3789.162067538,0.171069,2.842259,,pre
0,3789.158848234,3789.16318319,0.149907,4.296839,,pre
1,3789.160375063,3789.164342333,0.205371,3.930775,,pre
3,3789.162155661,3789.165390203,0.509781,3.194702,,pre
2,3789.155356257,3789.166600163,0.251501,11.199919,,pre
0,3789.163263651,3789.167141487,1.363202,3.835962,,pre
3,3789.165470745,3789.169219104,0.331151,3.677211,,pre
2,3789.166790891,3789.170428473,0.170528,3.595988,,pre
3,3789.1693092,3789.171601097,0.23824,2.246918,,pre
2,3789.170586642,3789.172861282,0.203448,2.237163,,pre
1,3789.164418518,3789.173849312,0.313374,9.388539,,pre
2,3789.172955915,3789.175071735,0.17873,2.080918,,pre
3,3789.171707237,3789.176055674,0.246813,4.274034,,pre
0,3789.167242619,3789.177283586,0.267935,10.001496,,pre
2,3789.175159148,3789.180955624,0.186573,5.757588,,pre
0,3789.177363577,3789.182169645,0.231891,4.762403,,pre
2,3789.181057648,3789.183407682,0.364281,2.313028,,pre
3,3789.176164509,3789.185618286,0.167222,9.405995,,pre
1,3789.173956914,3789.186884416,0.147673,12.886189,,pre
3,3789.185732519,3789.188033629,0.31746,2.233829,,pre
1,3789.186968363,3789.189162782,0.263258,2.155991,,pre
0,3789.182279051,3789.190317418,0.173953,7.998357,,pre
2,3789.183527373,3789.191450016,0.332623,7.879697,,pre
0,3789.190399212,3789.192757568,0.162266,2.31391,,pre
2,3789.191675317,3789.193900202,0.260604,2.186157,,pre
3,3789.18812013,3789.194946945,0.181335,6.782688,,pre
0,3789.192869838,3789.196244593,0.1851,3.33223,,pre
3,3789.195098424,3789.196665595,0.211901,1.517725,,pre
1,3789.18924081,3789.212154064,0.42342,22.874426,,pre
3,3789.196733037,3789.212574746,0.430401,15.809641,,pre
0,3789.196329571,3789.213560952,0.28463,17.196729,,pre
3,3789.212645082,3789.214440047,0.44311,1.764037,,pre
3,3789.214529231,3789.215689666,0.22523,1.13043,,pre
0,3789.213625179,3789.216521089,0.20524,2.865614,,pre
3,3789.215752972,3789.217395106,0.21144,1.612689,,pre
2,3789.19399138,3789.218599578,0.18526,24.559364,,pre
3,3789.217460335,3789.219198033,0.135756,1.704909,,pre
0,3789.216586898,3789.220854483,0.177969,4.235826,,pre
1,3789.212291452,3789.221838942,0.209968,9.513859,,pre
3,3789.21928231,3789.223106364,0.166943,3.792045,,during
3,3789.223171743,3789.224183713,0.177719,0.983077,,during
1,3789.221904411,3789.224672297,0.155585,2.738442,,during
2,3789.218820332,3789.225505452,0.219622,6.617378,,during
0,3789.22092552,3789.227404039,0.186171,6.445138,,during
3,3789.224246107,3789.228424958,0.185861,4.146952,,during
2,3789.225677763,3789.230638255,0.617884,4.923716,,during
1,3789.224735783,3789.231724783,0.298331,6.954838,,during
0,3789.227538092,3789.232608099,0.222507,5.03805,,during
1,3789.23181527,3789.233459447,0.216047,1.61338,,during
3,3789.228518439,3789.234219001,0.242076,5.668784,,during
0,3789.232686578,3789.235133329,0.163878,2.417166,,during
1,3789.233550174,3789.235388204,0.19194,1.812391,,during
3,3789.234290649,3789.236624128,0.207554,2.302692,,during
1,3789.235437939,3789.237662834,0.271881,2.1956,,during
2,3789.230795813,3789.238629902,1.304112,7.791684,,during
3,3789.236693924,3789.239662233,0.19174,2.934017,,during
0,3789.235195863,3789.240904417,0.422268,5.675424,,during
3,3789.239751078,3789.242033951,0.322237,2.239688,,during
1,3789.237729235,3789.243268242,0.180563,5.504305,,during
0,3789.240975314,3789.244175745,1.855026,3.169203,,during
2,3789.238792898,3789.245064945,0.33681,6.231685,,during
0,3789.244239141,3789.246135829,0.267374,1.863468,,during
1,3789.2433592,3789.246508423,0.711877,3.097895,,during
3,3789.242168394,3789.247381909,1.15054,5.165091,,during
1,3789.246565809,3789.248674889,0.308427,2.07634,,during
2,3789.245190605,3789.250373003,0.177398,5.131862,,during
0,3789.246221198,3789.251347011,0.357851,5.09141,,during
1,3789.248763353,3789.252160892,0.234775,3.366732,,during
2,3789.250473364,3789.253054268,0.192792,2.521224,,during
3,3789.247533368,3789.254054381,3.726256,6.476055,,during
0,3789.251435104,3789.255646794,0.268776,4.176246,,during
1,3789.25223892,3789.256573325,0.399214,4.291881,,during
3,3789.25416657,3789.257645392,0.195045,3.432031,,during
0,3789.255745102,3789.258977531,0.198791,3.195553,,during
1,3789.256639445,3789.259945926,0.889174,3.275124,,during
0,3789.259074548,3789.260760177,0.305883,1.655804,,during
1,3789.260057124,3789.261651596,0.427737,1.564606,,during
3,3789.257791333,3789.262658163,1.036237,4.811097,,during
2,3789.253159677,3789.264047254,0.666578,10.807595,,during
0,3789.26082141,3789.265041122,0.388808,4.18542,,during
3,3789.262835702,3789.266022251,0.243779,3.13386,,during
2,3789.264153184,3789.268085852,1.63303,3.897415,,during
1,3789.261718647,3789.268445962,0.315227,6.693503,,during
3,3789.266134431,3789.270416187,3.10125,4.234865,,during
3,3789.270567215,3789.272725099,0.274485,2.110903,,during
0,3789.265136857,3789.275069489,6.783169,9.896308,,during
3,3789.272842977,3789.276180745,0.397932,3.289936,,during
2,3789.268185162,3789.277300548,0.493396,9.079922,,during
1,3789.268614777,3789.278222998,2.469675,9.573049,,during
0,3789.275172996,3789.279471256,0.408268,4.264419,,during
1,3789.278326295,3789.280502616,0.279062,2.120697,,during
3,3789.276306015,3789.281461712,0.291521,5.107985,,during
1,3789.280567815,3789.282698116,0.181965,2.098153,,post
3,3789.281608374,3789.283750113,0.218751,2.094808,,post
0,3789.279563135,3789.284976963,0.533567,5.379435,,post
3,3789.283874912,3789.286052104,0.315106,2.130993,,post
2,3789.277391466,3789.287340112,0.669613,9.913153,,during
0,3789.285069904,3789.288375643,0.250048,3.271157,,post
3,3789.286185066,3789.289303402,0.367686,3.077204,,post
2,3789.287439342,3789.290200188,0.186582,2.727915,,post
1,3789.282782264,3789.291452837,0.533217,8.632395,,post
0,3789.288465549,3789.311314657,0.232902,22.7851,,post
2,3789.290270754,3789.31254987,0.179762,22.238535,,post
0,3789.311452706,3789.313018474,0.299373,1.529743,,post
3,3789.289409072,3789.313921795,0.269387,24.473244,,post
1,3789.291576254,3789.315042024,0.404812,23.429485,,post
3,3789.314011531,3789.31656283,1.074986,2.515985,,post
0,3789.313102932,3789.317464628,0.308457,4.326794,,post
1,3789.315126071,3789.318339211,0.364311,3.181482,,post
3,3789.316651624,3789.31922739,0.17876,2.540232,,post
1,3789.318403708,3789.32024272,0.367376,1.805651,,post
2,3789.312702691,3789.321246894,0.374256,8.505103,,post
3,3789.319317857,3789.322223691,0.246713,2.874317,,post
1,3789.320326577,3789.323136336,0.236247,2.774817,,post
2,3789.321339494,3789.324060629,0.195005,2.68498,,post
3,3789.322310923,3789.32498026,0.223228,2.615315,,post
1,3789.323222236,3789.325892845,0.215916,2.637038,,post
0,3789.317579211,3789.326858135,0.169656,9.246304,,post
2,3789.324148412,3789.32770427,0.20503,3.520114,,post
1,3789.325977063,3789.328689134,0.253383,2.678921,,post
2,3789.327792193,3789.329577503,0.502911,1.749797,,post
3,3789.325045509,3789.330511606,0.184739,5.411024,,post
2,3789.329665246,3789.331343233,0.180412,1.64688,,post
0,3789.326923494,3789.332251262,0.216698,5.293576,,post
3,3789.330583014,3789.333350049,0.297149,2.733254,,post
2,3789.33140689,3789.33420391,0.168144,2.766254,,post
1,3789.328772651,3789.335131829,0.196848,6.324326,,post
3,3789.333438032,3789.335716719,0.195025,2.244325,,post
1,3789.335221224,3789.337192495,0.160823,1.93669,,post
2,3789.334268067,3789.338113483,0.173192,3.811665,,post
0,3789.332363421,3789.3391068,0.375618,6.707715,,post
3,3789.335807846,3789.340053557,1.005891,4.149996,,post
1,3789.337278425,3789.341133966,0.252482,3.820809,,post
2,3789.338204961,3789.342047833,0.186082,3.806657,,post
0,3789.33919252,3789.343034861,0.261485,3.80835,,post
2,3789.342165481,3789.343943601,0.226252,1.743557,,post
3,3789.340143183,3789.344886908,0.176757,4.710304,,post
1,3789.341221328,3789.345993836,0.174383,4.737616,,post
3,3789.344956032,3789.346831889,0.158139,1.842146,,post
2,3789.344057082,3789.347895628,0.276578,3.806206,,post
3,3789.346917128,3789.348345388,0.223659,1.397584,,post
0,3789.343148313,3789.353716476,0.184399,10.5325,,post
3,3789.348411028,3789.354718868,0.221375,6.273418,,post
1,3789.346078354,3789.355972679,0.355418,9.861234,,post
3,3789.355021515,3789.357090354,0.233083,2.031652,,post
2,3789.347965754,3789.358070256,0.209307,10.070821,,post
3,3789.357183175,3789.358990909,0.219131,1.776377,,post
0,3789.353834395,3789.359826337,0.189186,5.956368,,post
1,3789.356085539,3789.360740119,1.297943,4.622572,,post
0,3789.359912107,3789.361130399,0.177709,1.189008,,post
3,3789.359058671,3789.36193423,0.161183,2.840566,,post
3,3789.362023245,3789.363433338,0.171009,1.378064,,post
0,3789.361186024,3789.364424832,0.165741,3.205488,,post
2,3789.358143036,3789.364822288,0.213533,6.644259,,post
3,3789.363527991,3789.365762981,0.194765,2.204454,,post
1,3789.360805428,3789.367271668,0.230699,6.4331,,post
3,3789.365830784,3789.368135429,0.282978,2.269703,,post
0,3789.364545174,3789.369140324,0.174925,4.560638,,post
3,3789.368227529,3789.370175054,0.181365,1.911291,,post
0,3789.369226174,3789.371180179,0.241125,1.918702,,post
1,3789.367357347,3789.372077706,0.202656,4.689282,,post
3,3789.370267183,3789.373017393,0.18532,2.713654,,post
2,3789.364911713,3789.373958356,0.221976,9.012471,,post
3,3789.373157114,3789.374922244,0.150929,1.73224,,post
1,3789.372142404,3789.375951465,0.198741,3.774969,,post
3,3789.374987973,3789.376931353,0.485545,1.908356,,post
0,3789.371269704,3789.377339655,0.25804,6.034778,,post
2,3789.37403364,3789.378871707,0.197018,4.803004,,post
3,3789.377021499,3789.379297751,0.139982,2.245085,,post
1,3789.376071246,3789.380179379,0.174714,4.072989,,post
0,3789.377425284,3789.381685337,0.153833,4.227925,,post
2,3789.378996626,3789.382528878,0.298411,3.495026,,post
3,3789.379363761,3789.383594891,0.210007,4.200052,,post
2,3789.38261591,3789.384535303,0.290169,1.887594,,post
1,3789.380263456,3789.386713892,0.22473,6.415523,,post
2,3789.384602214,3789.387635972,0.540358,2.999316,,post
0,3789.381752188,3789.388591292,0.188154,6.804932,,post
3,3789.383663464,3789.389538069,0.270039,5.83877,,post
2,3789.3877276,3789.390530129,0.201064,2.766534,,post
1,3789.386807584,3789.391417266,0.23761,4.573076,,post
0,3789.388674528,3789.392284217,0.181585,3.578261,,post
3,3789.389628666,3789.411622901,0.156066,21.94486,,post
1,3789.391527733,3789.413046979,0.800801,21.479206,,post
3,3789.411826589,3789.414110703,0.184489,2.242973,,post
1,3789.413168103,3789.415470194,0.284791,2.265135,,post
2,3789.390597591,3789.416572176,0.236047,25.93846,,post
0,3789.392346381,3789.417500605,0.282206,25.100833,,post
3,3789.414607284,3789.41836029,0.193943,3.714308,,post
1,3789.415581783,3789.419562814,0.362448,3.945037,,post
2,3789.416671125,3789.420598285,0.248216,3.888691,,post
3,3789.418450146,3789.42142148,0.247845,2.939235,,post
0,3789.417586325,3789.422213442,0.240033,4.592245,,post
1,3789.419652089,3789.423526884,0.248386,3.808495,,post
3,3789.421515001,3789.424526365,0.214234,2.974338,,post
0,3789.422298741,3789.425414403,0.194344,3.080689,,post
2,3789.420691055,3789.426363394,0.250419,5.636945,,post
1,3789.423653966,3789.427448595,0.202426,3.630651,,post
0,3789.4255311,3789.428317494,0.248947,2.751712,,post
3,3789.42459554,3789.42932977,0.178711,4.700479,,post
2,3789.426451998,3789.430272356,0.327766,3.787759,,post
0,3789.428408833,3789.431141676,0.181915,2.698401,,post
1,3789.427545291,3789.432282686,0.420185,4.702782,,post
3,3789.429417783,3789.433339565,0.162295,3.889012,,post
0,3789.431254296,3789.434261314,0.268667,2.970743,,post
2,3789.430378566,3789.43520077,0.154293,4.78704,,post
1,3789.432424671,3789.436180441,0.156817,3.722551,,post
3,3789.433407187,3789.436563551,0.220443,3.124856,,post
2,3789.435349405,3789.437675242,0.206372,2.29439,,post
3,3789.436627698,3789.438039092,0.256267,1.38163,,post
0,3789.434353103,3789.438892438,0.161484,4.503912,,post
3,3789.438101617,3789.440340703,0.15229,2.206467,,post
0,3789.43897987,3789.44128744,0.248105,2.271956,,post
3,3789.440424089,3789.442251513,0.206262,1.794565,,post
1,3789.436285761,3789.443173899,0.165861,6.823821,,post
3,3789.442334459,3789.444585804,0.169897,2.207158,,post
0,3789.441376785,3789.445616337,0.182316,4.203908,,post
3,3789.444653266,3789.446613861,0.501849,1.927515,,post
1,3789.443242602,3789.447171024,0.272322,3.897225,,post
1,3789.447243904,3789.449117287,0.155996,1.840503,,post
2,3789.437820822,3789.449688511,0.22542,11.833728,,post
0,3789.445706454,3789.451172331,0.189466,5.430183,,post
3,3789.446775716,3789.452227672,0.236578,5.313356,,post
0,3789.451267565,3789.452849277,0.230509,1.54681,,post
1,3789.449187443,3789.453850446,1.464174,4.618115,,post
2,3789.449754371,3789.455000665,0.173322,5.206033,,post
0,3789.452934305,3789.456331042,0.334476,3.361053,,post
3,3789.452429307,3789.458579288,0.189086,6.104101,,post
0,3789.456420498,3789.4597542,0.266904,3.297567,,post
3,3789.458751939,3789.461007641,0.169817,2.215411,,post
0,3789.45984692,3789.462090073,0.200083,2.206097,,post
2,3789.45509602,3789.463159185,0.294546,8.017526,,post
1,3789.453978289,3789.464430988,1.873533,10.409453,,post
3,3789.46112609,3789.465541598,0.38979,4.329538,,post
0,3789.462209403,3789.466544329,0.188576,4.294105,,post
2,3789.463284764,3789.467623116,0.499486,4.285502,,post
1,3789.464566453,3789.469052268,0.177949,4.443551,,post
3,3789.465643552,3789.470182717,0.305082,4.501328,,post
0,3789.466634135,3789.471171217,0.307766,4.500857,,post
3,3789.470282809,3789.472324066,0.164368,2.006445,,post
2,3789.467730058,3789.473375376,0.243378,5.599459,,post
1,3789.469136425,3789.474754652,0.179501,5.576805,,post
0,3789.471336066,3789.475930515,0.182686,4.557523,,post
3,3789.472409946,3789.477112668,0.15862,4.664265,,post
0,3789.476047953,3789.478319488,0.269047,2.235751,,post
1,3789.474880392,3789.479267107,0.186241,4.33696,,post
2,3789.473514516,3789.480544318,0.356349,6.984093,,post
3,3789.477285129,3789.481809712,1.03146,4.481738,,post
0,3789.478403405,3789.482706363,0.386926,4.266924,,post
1,3789.479386758,3789.483724148,0.180533,4.289128,,post
0,3789.482793215,3789.485083819,0.278171,2.256162,,post
3,3789.481926609,3789.486136766,0.157348,4.170177,,post
0,3789.4851702,3789.487331388,0.148474,2.125775,,post
2,3789.480627234,3789.48853275,0.186442,7.859456,,post
3,3789.486240624,3789.489704522,0.204679,3.426552,,post
3,3789.489805365,3789.490973051,0.165991,1.134356,,post
1,3789.483835096,3789.491931431,0.32405,8.051658,,post
0,3789.487420753,3789.511589997,0.37032,24.122503,,post
2,3789.488672952,3789.513119415,0.182966,24.393813,,post
3,3789.491057779,3789.514146298,0.468809,23.041198,,post
0,3789.511780555,3789.514706581,0.316699,2.886115,,post
0,3789.514807584,3789.516268313,0.261666,1.429322,,post
1,3789.492075388,3789.517269232,0.44992,25.14528,,post
3,3789.514401514,3789.518519573,0.206513,4.054462,,post
0,3789.516336506,3789.520456708,0.229027,4.085719,,post
3,3789.518678583,3789.521383765,0.26434,2.666714,,post
1,3789.517385418,3789.522571671,0.23847,5.139523,,post
3,3789.521470897,3789.523868252,1.360698,2.339699,,post
2,3789.513344215,3789.525024551,0.262727,11.631532,,post
0,3789.520565813,3789.525769979,0.308706,5.167801,,post
1,3789.522682829,3789.526907569,0.274655,4.181764,,post
0,3789.525873245,3789.528090839,0.186171,2.181229,,post
3,3789.524016737,3789.529040715,0.200844,4.986812,,post
0,3789.528178271,3789.530525682,0.269518,2.311947,,post
3,3789.529134067,3789.531787129,0.170979,2.61815,,post
0,3789.530612693,3789.532789495,0.291631,2.14225,,post
3,3789.531883144,3789.533776728,0.212682,1.859313,,post
1,3789.527008642,3789.534784302,0.281455,7.72966,,post
2,3789.525134698,3789.535981022,0.299353,10.803781,,post
3,3789.533861807,3789.537172304,0.177619,3.275053,,post
0,3789.532879351,3789.538327131,0.198119,5.412316,,post
2,3789.536086151,3789.53935823,0.229356,3.22651,,post
3,3789.537257533,3789.540569642,0.211369,3.275513,,post
1,3789.534904203,3789.54173859,0.523622,6.767395,,post
3,3789.540665617,3789.542779454,0.278021,2.079365,,post
0,3789.538424688,3789.543774449,0.174994,5.312205,,post
3,3789.54286285,3789.544734671,0.407276,1.839152,,post
0,3789.543871046,3789.545636636,0.280624,1.729456,,post
3,3789.544815664,3789.546537187,0.310951,1.687292,,post
0,3789.545723768,3789.547498191,0.228075,1.724318,,post
3,3789.546667134,3789.548615961,0.175616,1.913764,,post
2,3789.539472482,3789.549730517,0.245201,10.16243,,post
0,3789.547582829,3789.551001991,0.315116,3.384299,,post
3,3789.548697024,3789.552142295,0.175966,3.410218,,post
0,3789.551090665,3789.55313067,0.21778,2.005113,,post
3,3789.552225631,3789.554179656,0.238121,1.919693,,post
1,3789.541838441,3789.555232148,0.223017,13.347296,,post
2,3789.549860964,3789.55603401,0.247784,6.100446,,post
3,3789.554262011,3789.557115366,0.18501,2.808157,,post
0,3789.55321689,3789.558275521,0.275086,5.021976,,post
0,3789.558377926,3789.559928221,0.147263,1.516904,,post
1,3789.555360432,3789.560946611,0.250159,5.538777,,post
2,3789.556114973,3789.562025132,0.189898,5.87155,,post
0,3789.56002652,3789.56368341,0.201225,3.619645,,post
3,3789.557353516,3789.564705666,0.381847,7.310306,,post
0,3789.563776972,3789.565918631,0.307635,2.105014,,post
3,3789.564850875,3789.56693626,0.199582,2.048598,,post
0,3789.566002528,3789.567971215,0.223829,1.927485,,post
1,3789.561060964,3789.569033411,0.301797,7.920039,,post
3,3789.567026786,3789.569543943,0.185511,2.437417,,post
2,3789.562104702,3789.570545548,1.562833,8.396069,,post
3,3789.569632888,3789.572442157,0.13917,2.772603,,post
0,3789.568082954,3789.573408118,0.134443,5.287987,,post
3,3789.572611793,3789.574468912,0.329559,1.821816,,post
2,3789.570646691,3789.575547443,0.302297,4.8533,,post
3,3789.574586219,3789.576905768,0.204128,2.284546,,post
1,3789.569151049,3789.5780975,0.176096,8.898639,,post
2,3789.575665943,3789.579231245,0.272061,3.522477,,post
0,3789.573532446,3789.580660056,0.731747,7.070563,,post
1,3789.578212955,3789.58228922,0.221315,4.026279,,post
0,3789.580902512,3789.58373755,0.260965,2.77709,,post
1,3789.582421019,3789.588170154,0.471323,5.690897,,post
3,3789.576994822,3789.611625648,0.312353,34.58078,,post
3,3789.611855606,3789.61398739,0.548409,2.092615,,post
0,3789.584030964,3789.614665326,0.450581,30.567561,,post
2,3789.579319698,3789.616059114,0.722774,36.659184,,post
3,3789.614069995,3789.618326643,0.244459,4.220283,,post
2,3789.616264915,3789.619722715,0.460446,3.409116,,post
1,3789.588360782,3789.620978124,0.566046,32.571622,,post
0,3789.614911468,3789.622218309,0.396289,7.250085,,post
3,3789.618431592,3789.623446687,0.29725,4.976867,,post
0,3789.62236444,3789.624703478,0.446075,2.289743,,post
3,3789.62360077,3789.62591517,0.280023,2.277475,,post
1,3789.621059056,3789.627011629,0.336189,5.909388,,post
3,3789.625999117,3789.628130161,0.233794,2.096872,,post
0,3789.624850841,3789.629096572,0.287474,4.1984,,post
2,3789.619854174,3789.630389117,0.308657,10.492049,,post
3,3789.628242671,3789.631390101,0.323369,3.111295,,post
0,3789.629209513,3789.632450545,0.242887,3.196655,,post
3,3789.631537804,3789.633671441,0.182015,2.097753,,post
0,3789.632591498,3789.635111159,0.218321,2.066976,,post
3,3789.633755308,3789.636313327,0.185821,2.524148,,post
0,3789.635221365,3789.637351767,0.249838,2.084994,,post
3,3789.636399998,3789.638445472,0.172781,2.011612,,post
1,3789.627125591,3789.639551584,0.207224,12.380424,,post
3,3789.638553034,3789.640600721,0.342217,2.012353,,post
2,3789.630534527,3789.64167125,0.265261,11.098205,,post
3,3789.640683206,3789.642636951,0.168355,1.918612,,post
2,3789.641759484,3789.643598435,0.246182,1.802947,,post
1,3789.639672708,3789.644178683,0.194003,4.474087,,post
0,3789.637455224,3789.645136531,0.191209,7.632503,,post
1,3789.644239765,3789.646771384,0.182356,2.498719,,post
2,3789.643684095,3789.647819419,0.636173,4.103466,,post
3,3789.642720377,3789.648841525,0.355428,6.086695,,post
0,3789.645255842,3789.649890261,0.263339,4.585525,,post
3,3789.648937249,3789.651114543,0.408458,2.142821,,post
0,3789.650014349,3789.652267516,0.223788,2.207409,,post
1,3789.646859387,3789.65358562,0.159261,6.688135,,post
0,3789.652372856,3789.654658593,0.188455,2.246848,,post
3,3789.651208505,3789.658192507,0.236227,3.843373,,post
2,3789.647884417,3789.65940439,1.544436,11.481725,,post
0,3789.654749841,3789.660860613,0.219042,6.073926,,post
0,3789.660966172,3789.662645693,0.47642,1.588773,,post
1,3789.653691921,3789.663730133,0.217169,10.001136,,post
0,3789.662819285,3789.664747902,0.210088,1.893494,,post
2,3789.659528448,3789.665826153,0.358522,6.260739,,post
3,3789.658404668,3789.666997515,0.200002,8.541088,,post
0,3789.664834022,3789.667473675,0.197268,2.603638,,post
0,3789.667580857,3789.669203171,0.213733,1.590295,,post
3,3789.667194923,3789.670178756,0.192702,2.941048,,post
1,3789.663835202,3789.671164537,0.234585,7.29317,,post
3,3789.670297195,3789.672323259,0.150808,1.988928,,post
2,3789.665918673,3789.673278584,0.618075,7.323316,,post
0,3789.669268069,3789.674265006,0.167323,4.960772,,post
1,3789.671260472,3789.675253752,0.255877,3.956945,,post
0,3789.674359329,3789.676235937,0.575641,1.840353,,post
3,3789.672418083,3789.677144381,0.203277,4.68764,,post
1,3789.675341725,3789.678304736,0.209137,2.926275,,post
2,3789.673363493,3789.678939476,0.250619,5.544827,,post
0,3789.676322668,3789.679835321,0.216909,3.477259,,post
3,3789.677252124,3789.682396585,0.287044,5.104811,,post
2,3789.679000799,3789.683518441,0.249197,4.452765,,post
0,3789.679928191,3789.685943108,0.232451,5.975477,,post
3,3789.682537227,3789.687032286,0.177859,4.454958,,post
0,3789.686042248,3789.688183567,0.249948,2.106245,,post
1,3789.678396154,3789.689133594,0.22494,10.700223,,post
3,3789.687189744,3789.690160837,0.222116,2.932766,,post
0,3789.688271139,3789.691191326,0.237249,2.884993,,post
3,3789.690266768,3789.692117096,0.203819,1.813322,,post
2,3789.683741268,3789.711455104,0.239863,27.666794,,post
3,3789.692215455,3789.712714618,0.401367,20.448947,,post
0,3789.691280972,3789.713538725,0.495209,22.160226,,post
3,3789.712980661,3789.715695046,0.422819,2.674074,,post
0,3789.713749924,3789.716819897,0.195635,3.028971,,post
3,3789.715799694,3789.717943346,0.332453,2.107187,,post
3,3789.718044369,3789.71969124,0.174695,1.613551,,post
0,3789.716927159,3789.72102648,0.223749,4.062424,,post
1,3789.689246374,3789.722143549,0.264961,32.848651,,post
3,3789.720168312,3789.723423004,0.279403,3.21349,,post
0,3789.721117617,3789.724774067,0.274965,3.617761,,post
3,3789.723601834,3789.725875033,0.248566,2.230464,,post
0,3789.724962773,3789.727043059,0.220012,2.043631,,post
1,3789.722352906,3789.728038014,0.234004,5.620461,,post
2,3789.711665492,3789.728546393,1.227025,16.841452,,post
3,3789.726006391,3789.729658184,0.150617,3.607646,,post
0,3789.727129219,3789.731324044,0.166742,4.15898,,post
3,3789.729809754,3789.732840557,0.244951,2.986216,,post
0,3789.731418877,3789.734010837,0.161775,2.554914,,post
2,3789.728610279,3789.734944119,0.195526,6.296903,,post
3,3789.733003964,3789.736052175,0.250188,2.9817,,post
1,3789.728196884,3789.737082022,0.214154,8.84696,,post
3,3789.736186408,3789.738041393,0.155896,1.81815,,post
0,3789.734102516,3789.738985701,0.202065,4.84704,,post
3,3789.738130107,3789.739943981,0.223448,1.779151,,post
0,3789.739074265,3789.741095162,0.299042,1.985082,,post
3,3789.740057853,3789.742053972,0.213153,1.958171,,post
2,3789.735049699,3789.7425487,0.209507,7.45782,,post
0,3789.741189154,3789.743539869,0.194244,2.313399,,post
3,3789.742164098,3789.745757313,0.432634,3.551141,,post
1,3789.737174993,3789.746792328,0.143557,9.579539,,post
0,3789.743630456,3789.74793718,1.716266,4.27151,,post
3,3789.745910585,3789.749309015,0.321716,3.354444,,post
0,3789.748061287,3789.750453666,0.174153,2.356374,,post
1,3789.746900332,3789.751565037,0.210388,4.624685,,post
0,3789.750564503,3789.752700955,0.518073,2.102059,,post
3,3789.749503439,3789.753869863,0.294986,4.318201,,post
0,3789.752787726,3789.755040313,0.214555,2.217904,,post
2,3789.742664535,3789.756140126,0.388708,13.437433,,post
3,3789.754057356,3789.757241932,0.187794,3.138367,,post
0,3789.755124109,3789.758725577,0.206302,3.565523,,post
1,3789.751676205,3789.759647521,0.436059,7.93464,,post
2,3789.756267669,3789.760688115,0.256458,4.388488,,post
3,3789.757418329,3789.761649218,0.17883,4.148665,,post
2,3789.760755777,3789.762162454,0.301676,1.372766,,post
0,3789.75882017,3789.763901474,0.166532,5.043067,,post
1,3789.759738438,3789.765094739,0.18503,5.320257,,post
3,3789.761834739,3789.76561105,0.193473,3.697021,,post
2,3789.762251109,3789.766055272,0.190859,3.771094,,post
3,3789.765792435,3789.768445477,0.238761,2.610889,,post
0,3789.764089058,3789.769341412,0.670184,5.215899,,post
2,3789.766134051,3789.769952026,0.551514,3.781759,,post
1,3789.765182883,3789.770777634,0.208455,5.563424,,post
3,3789.768696827,3789.773184745,0.222026,4.435358,,post
1,3789.77090728,3789.774554176,0.256358,3.60998,,post
0,3789.769436356,3789.775684926,0.226583,6.212186,,post
0,3789.775794642,3789.776878061,0.243318,1.051571,,post
3,3789.77339329,3789.777831883,0.217249,4.387366,,post
0,3789.776947275,3789.779895374,1.385565,2.912785,,post
2,3789.77004773,3789.780271964,0.255847,10.158984,,post
1,3789.774674458,3789.780708724,0.202877,6.002879,,post
3,3789.778042211,3789.7812613,0.498934,3.170545,,post
