migration_client_ms,migration_server_insert_ms,migration_wal_wait_ms,wait_wal_supported,rep,root
32.693267,,24.080422,True,0,root1
32.6229,,22.902605,True,1,root1
30.462579,,22.536683,True,2,root1
29.758458,,23.284668,True,3,root1
38.99399,,29.592037,True,4,root1
31.636214,,23.168227,True,5,root1
37.631064,,27.821569,True,6,root1
30.564272,,22.257119,True,7,root1
31.509697,,24.024907,True,8,root1
37.576512,,28.891709,True,9,root1
44.612397,,36.642164,True,10,root1
34.096835,,24.957082,True,11,root1
30.556355,,23.302841,True,12,root1
38.745795,,30.519815,True,13,root1
30.664193,,24.248431,True,14,root1
30.924995,,23.794765,True,0,root2
35.051254,,24.427943,True,1,root2
26.636622,,19.553684,True,2,root2
33.415331,,21.181304,True,3,root2
30.615047,,23.568974,True,4,root2
35.690991,,27.717716,True,5,root2
31.267623,,22.648502,True,6,root2
32.75962,,25.532674,True,7,root2
34.778367,,26.67484,True,8,root2
33.828876,,24.673814,True,9,root2
32.556783,,21.829575,True,10,root2
35.174836,,27.719995,True,11,root2
42.778307,,34.009078,True,12,root2
39.676077,,32.85282,True,13,root2
37.407036,,30.308944,True,14,root2
