pair,bins,static_hes,temporal_hes,reduction_pct,static_layout,temporal_layout
pair1,2,902,899,0.3325942350332594,"((0, 1), (2, 3), (4, 5), (6, 7))","((0, 6), (1, 7), (2, 4), (3, 5))"
pair1,3,966,946,2.070393374741201,"((0, 1), (2, 3), (4, 5), (6, 7))","((0, 6), (1, 7), (2, 3), (4, 5))"
pair1,4,1025,1065,-3.902439024390244,"((0, 1), (2, 3), (4, 5), (6, 7))","((0, 6), (1, 7), (2, 4), (3, 5))"
pair1,5,1025,1018,0.6829268292682927,"((0, 1), (2, 3), (4, 5), (6, 7))","((0, 6), (1, 7), (2, 3), (4, 5))"
pair1,6,1048,1126,-7.442748091603053,"((0, 1), (2, 3), (4, 5), (6, 7))","((0, 6), (1, 7), (2, 4), (3, 5))"
pair2,2,888,870,2.027027027027027,"((0, 1), (2, 3), (4, 5), (6, 7))","((0, 6), (1, 7), (2, 4), (3, 5))"
pair2,3,1060,1022,3.5849056603773586,"((0, 1), (2, 3), (4, 5), (6, 7))","((0, 6), (1, 7), (2, 3), (4, 5))"
pair2,4,1180,1148,2.711864406779661,"((0, 1), (2, 3), (4, 5), (6, 7))","((0, 6), (1, 7), (2, 4), (3, 5))"
pair2,5,1315,1259,4.258555133079848,"((0, 1), (2, 3), (4, 5), (6, 7))","((0, 6), (1, 7), (2, 4), (3, 5))"
pair2,6,1443,1439,0.2772002772002772,"((0, 1), (2, 3), (4, 5), (6, 7))","((0, 6), (1, 7), (2, 4), (3, 5))"
