segment,qid,static,temporal,gain_pct
anomaly1,0,1.6213015,1.4448195,10.885205496941811
anomaly1,1,1.486863,1.453934,2.2146626824394704
anomaly1,2,1.5249865,1.6655739999999999,-9.218934069252407
anomaly1,3,1.6246019999999999,1.7472925,-7.552034282858204
anomaly1,4,1.8863925,1.802626,4.440565788933101
anomaly1,5,1.8203079999999998,1.697627,6.739573742465552
anomaly1,6,1.647757,1.687662,-2.421776997457761
anomaly1,7,1.5744665,1.8354210000000002,-16.57415384830355
anomaly1,8,1.667742,1.6130995000000001,3.276436043464752
anomaly1,9,1.645233,1.7047379999999999,-3.616812937741944
anomaly1,10,1.575457,1.5652475,0.6480341894447265
anomaly1,11,1.625183,1.552312,4.483864278668933
anomaly1,12,1.5460385,1.65653,-7.146749579651475
anomaly1,13,1.6032294999999999,1.4692865,8.354574313908266
anomaly1,14,1.5867049999999998,1.5870605,-0.022404920889527363
anomaly1,15,1.7690955000000002,2.098623,-18.626891538642187
anomaly1,16,1.6620985,1.8387609999999999,-10.628882704605049
anomaly1,17,1.80195,1.8086655,-0.37267959710314363
anomaly1,18,2.06,1.8690215000000001,9.270800970873783
anomaly1,19,1.7258645000000001,1.8111234999999999,-4.9400749595347575
anomaly1,20,1.5721325,1.585137,-0.8271885480390544
anomaly1,21,1.7136369999999999,1.7893105,-4.4159585723230865
anomaly1,22,1.8568625,1.9203895,-3.421201085163812
anomaly1,23,1.663386,1.8126715,-8.97479598842361
anomaly1,24,1.7629260000000002,1.7464564999999999,0.9342139148211756
anomaly1,25,1.8190305,1.7615690000000002,3.1589080007179557
anomaly1,26,1.665674,1.8812045,-12.939536788110988
anomaly1,27,1.7675480000000001,1.8188849999999999,-2.904419003048276
anomaly1,28,1.7416289999999999,1.5349065,11.869491148803789
anomaly1,29,1.6958190000000002,1.6435355,3.0830825695431026
anomaly1,30,1.8027565,1.807669,-0.27249936416814335
anomaly1,31,1.696516,1.901952,-12.109287504509254
anomaly1,32,1.8202280000000002,1.6118175,11.449692016604528
anomaly1,33,2.1460195,1.794544,16.378019864218384
anomaly1,34,1.9220869999999999,1.779256,7.431037200709435
anomaly1,35,1.7248139999999998,1.8804284999999998,-9.022103252872483
anomaly1,36,1.72275,1.91804,-11.33594543607604
anomaly1,37,1.7990605,1.503989,16.401421742070372
anomaly1,38,1.5429979999999999,1.6694105000000001,-8.192654818736012
anomaly1,39,1.540815,1.5514815,-0.6922635098957313
anomaly1,40,1.645133,1.497179,8.993437004789273
anomaly1,41,1.458796,1.5329234999999999,-5.081416455762143
anomaly1,42,1.556864,1.552663,0.26983731398504435
anomaly1,43,1.43157,1.4458015,-0.9941183455925978
anomaly1,44,1.5795335000000001,1.4837985,6.060966734798605
anomaly1,45,1.6041604999999999,1.564626,2.464497785601865
anomaly1,46,1.4808545,1.613184,-8.936023086670566
anomaly1,47,1.7007215,1.6654285,2.075178093532658
anomaly1,48,1.6196545,1.6209965,-0.08285717725601073
anomaly1,49,1.570916,1.52408,2.98144522049555
anomaly1,50,1.6049769999999999,1.490349,7.142033811076417
anomaly1,51,1.444419,1.468251,-1.649936756578256
anomaly1,52,1.510995,1.495527,1.023696306076462
anomaly1,53,1.572173,1.527009,2.872711845324909
anomaly1,54,1.5956025,1.534235,3.8460393487726434
anomaly1,55,1.5507,1.5568089999999999,-0.39395111884954664
anomaly1,56,1.52766,1.5332884999999998,-0.3684393124124356
anomaly1,57,1.562097,1.4707795,5.845827755894811
anomaly1,58,1.5312405,1.5611315000000001,-1.9520774169701045
anomaly1,59,1.457404,1.638568,-12.430595771659753
anomaly1,60,1.5394335,1.581196,-2.7128485900820105
anomaly1,61,1.6724145,1.5861435,5.158469984564233
anomaly1,62,1.56385,1.5300085,2.1639863158231196
anomaly1,63,1.6938165,1.577145,6.888083803646973
anomaly1,64,1.5443305,1.5428285000000002,0.09725897403437232
anomaly1,65,1.6140155,1.598878,0.9378782297939534
anomaly1,66,1.513283,1.6388585,-8.29821652658492
anomaly1,67,1.554666,1.5288015000000001,1.6636692382801164
anomaly1,68,1.6019675,1.6929949999999998,-5.6822313810985445
anomaly1,69,1.5342799999999999,1.5518415,-1.1446085460281195
anomaly1,70,1.7568165,1.688048,3.9143814963031147
anomaly1,71,1.5909605,1.4922365,6.205308051331257
anomaly1,72,1.860198,1.529648,17.769613772297365
anomaly1,73,1.459417,1.6979475000000002,-16.34423197756366
anomaly1,74,1.5109595,1.6149475,-6.8822493256768285
anomaly1,75,1.4052205,1.460178,-3.910952053432183
anomaly1,76,1.573129,1.5213055,3.2942943649249377
anomaly1,77,1.498606,1.7431510000000001,-16.318165014686983
anomaly1,78,1.5541800000000001,1.7027649999999999,-9.560346935361395
anomaly1,79,1.5982669999999999,1.432336,10.381932430563843
anomaly2,0,2.1237719999999998,1.813122,14.627276374300061
anomaly2,1,1.9726325,2.299997,-16.595311088101806
anomaly2,2,1.717913,1.7049984999999999,0.7517551820144653
anomaly2,3,1.924185,1.8855659999999999,2.007031548421809
anomaly2,4,1.6979575,1.614811,4.896854014308368
anomaly2,5,1.822912,1.670121,8.3816991714356
anomaly2,6,1.875771,1.5739204999999998,16.092076271570477
anomaly2,7,1.670146,1.5189625,9.052112809299302
anomaly2,8,1.4986465,1.5483470000000001,-3.3163591280532234
anomaly2,9,2.0226385000000002,2.119881,-4.807705380867597
anomaly2,10,1.8863925,2.2064055,-16.964285004313783
anomaly2,11,1.8746195,1.6609764999999999,11.39660608459478
anomaly2,12,1.810027,1.682484,7.046469472554827
anomaly2,13,1.655713,1.639459,0.9816918753431295
anomaly2,14,1.9909554999999999,1.89433,4.853222485384522
anomaly2,15,1.795455,2.1902265,-21.9872678513246
anomaly2,16,1.9224775,1.949278,-1.3940605286667855
anomaly2,17,1.7622745,1.896082,-7.592886352268054
anomaly2,18,1.844119,1.8032664999999999,2.2152854560904247
anomaly2,19,1.983735,2.1454395,-8.151517213740753
anomaly2,20,2.0149165,1.688123,16.21871179277156
anomaly2,21,2.058047,2.1035565,-2.2112954660413315
anomaly2,22,1.9969595,1.9336495,3.170319678491225
anomaly2,23,1.680061,1.940585,-15.50681790720694
anomaly2,24,1.5805395,1.636469,-3.5386334855914683
anomaly2,25,1.6280265,1.709751,-5.019850721103126
anomaly2,26,1.547856,1.6027635,-3.5473261078550014
anomaly2,27,1.6284524999999999,1.6409665,-0.7684596265472979
anomaly2,28,1.660642,1.5704645,5.430279373880706
anomaly2,29,1.4686805,1.859126,-26.584781373484567
anomaly2,30,1.5615160000000001,1.580199,-1.1964654861045152
anomaly2,31,1.542748,1.469562,4.7438726221003025
anomaly2,32,1.4483000000000001,1.5152860000000001,-4.625146723745079
anomaly2,33,1.724072,1.576504,8.55927130653477
anomaly2,34,1.6325585,1.5851419999999998,2.9044288458882295
anomaly2,35,1.5320019999999999,1.536899,-0.3196471022883881
anomaly2,36,1.6229585,1.6109615000000002,0.7392055927492794
anomaly2,37,1.6618780000000002,1.5321265,7.8075225738592255
anomaly2,38,1.5621775,1.725965,-10.48456401401249
anomaly2,39,1.6364044999999998,1.496127,8.572299819512832
anomaly2,40,1.5416965,1.4531424999999998,5.74393209039524
anomaly2,41,1.5303545,1.6063795,-4.967803211608814
anomaly2,42,1.5287115,1.486072,2.7892444061551145
anomaly2,43,1.4040935,1.4883205,-5.998674589690774
anomaly2,44,1.726231,1.659154,3.8857487786976397
anomaly2,45,1.6907915,1.5028225,11.117219361464736
anomaly2,46,1.6012870000000001,1.519468,5.109577483611625
anomaly2,47,1.6394039999999999,1.519668,7.3036298557280475
anomaly2,48,1.4491015,1.539844,-6.261983718876832
anomaly2,49,1.566374,1.5829434999999998,-1.0578252703377293
anomaly2,50,1.7111725,1.5600635,8.830728637819972
anomaly2,51,1.5384915000000001,1.6071105,-4.460148138614999
anomaly2,52,1.7793109999999999,1.7999125,-1.1578358139751939
anomaly2,53,1.7446435,1.6186475,7.2218765610280835
anomaly2,54,1.6927699999999999,1.912878,-13.00282968152792
anomaly2,55,1.593245,1.6782175000000001,-5.333297766507983
anomaly2,56,1.8113495,1.901576,-4.981175637280381
anomaly2,57,1.787889,1.7397405,2.6930363126570023
anomaly2,58,1.672404,1.79196,-7.148751139078835
anomaly2,59,1.552913,1.6080515,-3.5506496500447855
anomaly2,60,1.647201,1.6093935,2.295257227260061
anomaly2,61,1.6164645000000002,1.489838,7.833546607426281
anomaly2,62,1.5441150000000001,1.6757195,-8.522972706048442
anomaly2,63,1.713591,1.5772300000000001,7.9576164907495395
anomaly2,64,1.430518,1.4998025,-4.843315498302012
anomaly2,65,1.7789804999999999,1.581607,11.09475342759518
anomaly2,66,1.4647445000000001,1.5191469999999998,-3.7141289829045054
anomaly2,67,1.6832355,1.5846015,5.859786108360957
anomaly2,68,1.6089734999999998,1.6144765,-0.3420193060979723
anomaly2,69,1.727457,1.8041385,-4.438981693900344
anomaly2,70,1.703151,2.243758,-31.74157781664691
anomaly2,71,1.7611785,1.7340170000000001,1.542234361820783
anomaly2,72,1.6193485,1.808805,-11.699550776130025
anomaly2,73,1.591502,1.6977375000000001,-6.675172258658812
anomaly2,74,1.559338,1.7235909999999999,-10.533508450380868
anomaly2,75,1.717392,1.889763,-10.036788339528776
anomaly2,76,1.7554395,1.946905,-10.906983692687788
anomaly2,77,1.777232,1.979388,-11.37476705348542
anomaly2,78,1.9269585,1.9729990000000002,-2.389283422554256
anomaly2,79,2.0191785,1.893173,6.2404339190418385
normal1,0,2.032564,1.8641429999999999,8.286135147527949
normal1,1,1.7830810000000001,1.845446,-3.4975976974685827
normal1,2,1.80187,1.9821974999999998,-10.007797454866319
normal1,3,1.787819,1.819602,-1.7777526695935044
normal1,4,1.7800965,1.85788,-4.369622658097469
normal1,5,1.812326,1.637401,9.651961071021438
normal1,6,1.699004,1.7162704999999998,-1.0162718863522306
normal1,7,1.778905,1.9244350000000001,-8.180875313746386
normal1,8,1.84489,1.9974705,-8.27043888795538
normal1,9,1.8941845000000002,2.0031695,-5.753663383899491
normal1,10,2.0515515,1.826462,10.971671927319395
normal1,11,1.9610505000000003,1.7333865,11.609287981110139
normal1,12,1.8802884999999998,1.9066035000000001,-1.3995192758983694
normal1,13,1.7188145000000001,1.954701,-13.723790438118822
normal1,14,1.8450004999999998,1.69234,8.274279600466226
normal1,15,1.894275,1.897945,-0.1937416689762607
normal1,16,1.7565415,1.718083,2.189444428156121
normal1,17,1.8735285,1.666941,11.026653717837755
normal1,18,1.6011765,1.5835245,1.1024393625562205
normal1,19,1.731118,1.6052475,7.271052579893456
normal1,20,1.8116344999999998,1.671182,7.752805546593415
normal1,21,1.772035,1.6294495,8.046426848228169
normal1,22,1.7465864999999998,1.7587795,-0.6981045599516612
normal1,23,1.5876014999999999,1.66988,-5.182566280014232
normal1,24,1.605693,1.6672064999999998,-3.8309627058223317
normal1,25,2.7237865,2.452984,9.942133864016151
normal1,26,2.0060785,1.7338015,13.572599477039413
normal1,27,1.5920524999999999,1.536373,3.4973406969933394
normal1,28,1.4521655,1.9448409999999998,-33.926952540877735
normal1,29,1.7318835,1.6862745000000001,2.633491225015989
normal1,30,1.7272414999999999,1.7567165,-1.7064782197509811
normal1,31,2.024071,1.8446245000000001,8.86562279682877
normal1,32,1.9123665,1.8179485,4.93723352715079
normal1,33,1.7919295,1.8935084999999998,-5.668693997168966
normal1,34,1.7342724999999999,1.738459,-0.24139805019107974
normal1,35,1.6516825000000002,1.6707715,-1.1557305959226372
normal1,36,1.934561,1.9461175000000002,-0.5973706696247981
normal1,37,1.7256945,1.880128,-8.949063695804798
normal1,38,1.8117255,1.7589245,2.9144039756574656
normal1,39,1.771159,1.7479135000000001,1.3124456923404284
normal1,40,1.705164,1.7614839999999998,-3.302908107372659
normal1,41,1.5800745,1.6769415,-6.130533718505047
normal1,42,1.5616240000000001,1.7406774999999999,-11.465852215386018
normal1,43,1.60375,1.671037,-4.195604053000785
normal1,44,1.6992500000000001,1.680121,1.1257319405620227
normal1,45,1.740572,1.6279724999999998,6.469109005545314
normal1,46,1.666711,1.665784,0.055618520547360766
normal1,47,1.694352,1.639545,3.2346879515000455
normal1,48,1.6109605,1.827649,-13.450888460641963
normal1,49,1.5903749999999999,1.5618319999999999,1.7947339463962895
normal1,50,1.6362095,1.5475655000000001,5.417643645266693
normal1,51,1.5267789999999999,1.6595805,-8.698148193025974
normal1,52,1.6964805,1.630441,3.892735578157251
normal1,53,1.5754869999999999,1.6407465,-4.1421795292503365
normal1,54,1.6192034999999998,2.138494,-32.070737248282896
normal1,55,1.837394,1.7095555,6.9575986424250855
normal1,56,1.7845185,1.563024,12.41200357407334
normal1,57,1.725314,1.6205905,6.069822652572226
normal1,58,1.5842405,2.1777830000000002,-37.465429017879565
normal1,59,2.0986085,1.45146,30.837028440511897
normal1,60,1.7205465,1.6150419999999999,6.132034211223011
normal1,61,2.0696795,1.889437,8.708715528177184
normal1,62,2.0071145,1.7527400000000002,12.673641688104984
normal1,63,3.131034,2.1974975,29.815597658792594
normal1,64,3.072371,2.968333,3.3862446950579885
normal1,65,2.2013235,2.3792324999999996,-8.081910723253518
normal1,66,1.8979855,1.8567175,2.174305335841611
normal1,67,1.972082,1.8946155,3.928158159751972
normal1,68,1.881055,1.9526124999999999,-3.8041152438392256
normal1,69,1.7378035,1.67922,3.3711233749960865
normal1,70,1.9063575,1.6895099999999998,11.374965083936255
normal1,71,1.7421440000000001,2.0197345,-15.93384358583447
normal1,72,1.6834105,1.7431269999999999,-3.5473522352391145
normal1,73,1.7848445,1.769526,0.8582540383770134
normal1,74,1.7340170000000001,1.641493,5.335818506969657
normal1,75,1.736066,1.6056525000000001,7.512012792140388
normal1,76,1.777253,1.7105169999999998,3.755008431551396
normal1,77,1.7088695,1.5370945,10.051967104568256
normal1,78,1.656705,1.6661145,-0.5679647251622859
normal1,79,1.5891735,1.6157085,-1.6697358721373075
normal2,0,1.8180744999999998,1.451575,20.158662365046087
normal2,1,1.7383445,1.5095625,13.160912580906722
normal2,2,1.5137995,1.594957,-5.361178940804247
normal2,3,1.666721,1.7820144999999998,-6.917384493265517
normal2,4,1.6873369999999999,1.9307849999999998,-14.42794178045049
normal2,5,1.727898,1.8984405,-9.86994023952803
normal2,6,2.0342315,1.872457,7.952610113450713
normal2,7,2.0985035,1.8972995,9.587975431063144
normal2,8,1.941561,1.8811550000000001,3.1112079404149524
normal2,9,1.9322425,1.8749255,2.9663460978629783
normal2,10,1.816006,1.8487615,-1.8037110009548392
normal2,11,1.8020955,1.7769965,1.392767475419587
normal2,12,1.950154,1.7876880000000002,8.330931813590096
normal2,13,1.809191,1.806201,0.16526723822968653
normal2,14,1.888511,1.672169,11.455691812226672
normal2,15,1.811925,1.6519534999999999,8.828814658443378
normal2,16,2.0010465,1.786492,10.722114653507562
normal2,17,1.7848985000000002,1.6867255,5.500200711693133
normal2,18,1.6783679999999999,1.6474965,1.8393761082194098
normal2,19,1.81154,1.5157515,16.328013734170927
normal2,20,1.511531,1.7675275,-16.936238820110205
normal2,21,1.7096900000000002,1.5631435,8.5715246623657
normal2,22,1.6149925,1.6151675,-0.010835963634508287
normal2,23,1.712048,1.6257835,5.038672981131368
normal2,24,1.8558515,1.559944,15.94456776309958
normal2,25,1.8604085000000001,1.7280875,7.1124701913585175
normal2,26,1.8347224999999998,1.6368200000000002,10.786508586448342
normal2,27,1.7862360000000002,1.750241,2.0151312592513095
normal2,28,1.6825695,1.6848885,-0.13782491599900984
normal2,29,1.694162,1.602659,5.401077346794456
normal2,30,1.6590535000000002,1.7272370000000001,-4.109783078122553
normal2,31,1.8702934999999998,1.979088,-5.816974715465789
normal2,32,1.9912459999999998,1.957165,1.711541416781242
normal2,33,1.717026,1.534626,10.62301910396231
normal2,34,1.5698295,1.4568675,7.195813303291855
normal2,35,1.684192,1.5727785,6.615249330242623
normal2,36,1.577281,1.7283335,-9.57676533223947
normal2,37,1.5539105000000002,1.73289,-11.51800570238761
normal2,38,1.7867324999999998,1.548467,13.335264232334712
normal2,39,2.1355345000000003,2.3300989999999997,-9.110810431767753
normal2,40,1.6715529999999998,1.6866305000000001,-0.9020055002743138
normal2,41,1.6501705,1.6516775,-0.09132389653068729
normal2,42,1.6253630000000001,1.6859145,-3.7254139536829536
normal2,43,1.678037,1.5850325,5.542458241385615
normal2,44,1.6926795000000001,1.8628465,-10.053114012428221
normal2,45,1.5533785,1.4962019999999998,3.6807835308651553
normal2,46,1.7040575,1.6135755,5.309797351321769
normal2,47,1.8984055,1.862486,1.892087860048861
normal2,48,1.5537945,1.7006515000000002,-9.45150726173894
normal2,49,1.7358145,1.5642245,9.885272879100857
normal2,50,1.638558,1.565433,4.462765431556276
normal2,51,1.512723,1.6236795,-7.334885501178993
normal2,52,1.4958625,1.5219615,-1.7447459241741718
normal2,53,1.4996025,1.4618655,2.5164668637188794
normal2,54,1.5544354999999999,1.4890365,4.207250799405943
normal2,55,1.552177,1.536123,1.0342892595367676
normal2,56,1.3660105,1.4828675,-8.554619455706964
normal2,57,1.543474,1.4781855,4.229970832032161
normal2,58,1.555968,1.4336734999999998,7.859705340983889
normal2,59,1.658573,1.458516,12.061995462364342
normal2,60,1.7168565,1.5049109999999999,12.344974667364461
normal2,61,1.6076864999999998,1.7036215000000001,-5.967270360235054
normal2,62,1.539939,1.6128095,-4.732038087222939
normal2,63,1.456182,1.5615415000000001,-7.235324979981901
normal2,64,1.4714355000000001,1.409536,4.206742327475463
normal2,65,2.5406625,1.768028,30.410749164833973
normal2,66,1.779912,1.8727170000000002,-5.214021816808935
normal2,67,2.537737,1.8076495,28.769234164139156
normal2,68,1.7555295,1.544606,12.014808067879237
normal2,69,1.646906,1.6646625,-1.0781732533611483
normal2,70,1.5374094999999999,2.122224,-38.03895448805281
normal2,71,1.5312860000000001,1.4994415,2.0795919246959778
normal2,72,1.6698555,1.9046500000000002,-14.060767533478211
normal2,73,1.525301,1.6579465,-8.696349114043718
normal2,74,1.571692,1.5658475,0.3718603899491777
normal2,75,1.5536094999999999,1.4562575,6.26618207471053
normal2,76,1.575968,1.52064,3.5107311823590353
normal2,77,1.5988335,1.5078555,5.690273565071034
normal2,78,1.476818,1.4688409999999998,0.540147804265666
normal2,79,1.893308,2.3729735,-25.334784409087167
