pair,calibration,heldout,qid,lo,hi,atoms,template,window_samples,static_hes,temporal_hes
pair1,normal1,anomaly1,0,6,12,"0,1",short_level,6,3,8
pair1,normal1,anomaly1,1,0,12,"2,3",medium,12,8,8
pair1,normal1,anomaly1,2,0,12,"4,5",long,24,3,3
pair1,normal1,anomaly1,3,0,12,"6,7",trend,12,8,14
pair1,normal1,anomaly1,4,0,12,"0,2,4,6",level_family,24,25,18
pair1,normal1,anomaly1,5,0,12,"1,3,5,7",variation_family,24,25,18
pair1,normal1,anomaly1,6,0,12,"0,1,6,7",fast_trend,36,14,14
pair1,normal1,anomaly1,7,0,12,"2,3,4,5",slow_context,36,11,11
pair1,normal1,anomaly1,8,10,16,"0,1",short_level,6,4,8
pair1,normal1,anomaly1,9,4,16,"2,3",medium,12,6,6
pair1,normal1,anomaly1,10,0,16,"4,5",long,24,5,5
pair1,normal1,anomaly1,11,4,16,"6,7",trend,12,9,15
pair1,normal1,anomaly1,12,0,16,"0,2,4,6",level_family,24,35,25
pair1,normal1,anomaly1,13,0,16,"1,3,5,7",variation_family,24,35,24
pair1,normal1,anomaly1,14,0,16,"0,1,6,7",fast_trend,36,20,19
pair1,normal1,anomaly1,15,0,16,"2,3,4,5",slow_context,36,15,15
pair1,normal1,anomaly1,16,14,20,"0,1",short_level,6,3,8
pair1,normal1,anomaly1,17,8,20,"2,3",medium,12,7,7
pair1,normal1,anomaly1,18,0,20,"4,5",long,24,6,6
pair1,normal1,anomaly1,19,8,20,"6,7",trend,12,9,15
pair1,normal1,anomaly1,20,0,20,"0,2,4,6",level_family,24,41,30
pair1,normal1,anomaly1,21,0,20,"1,3,5,7",variation_family,24,41,29
pair1,normal1,anomaly1,22,0,20,"0,1,6,7",fast_trend,36,23,23
pair1,normal1,anomaly1,23,0,20,"2,3,4,5",slow_context,36,18,18
pair1,normal1,anomaly1,24,18,24,"0,1",short_level,6,4,8
pair1,normal1,anomaly1,25,12,24,"2,3",medium,12,6,6
pair1,normal1,anomaly1,26,0,24,"4,5",long,24,8,8
pair1,normal1,anomaly1,27,12,24,"6,7",trend,12,9,15
pair1,normal1,anomaly1,28,0,24,"0,2,4,6",level_family,24,52,36
pair1,normal1,anomaly1,29,0,24,"1,3,5,7",variation_family,24,52,37
pair1,normal1,anomaly1,30,0,24,"0,1,6,7",fast_trend,36,30,29
pair1,normal1,anomaly1,31,0,24,"2,3,4,5",slow_context,36,22,22
pair1,normal1,anomaly1,32,22,28,"0,1",short_level,6,5,10
pair1,normal1,anomaly1,33,16,28,"2,3",medium,12,6,6
pair1,normal1,anomaly1,34,4,28,"4,5",long,24,7,7
pair1,normal1,anomaly1,35,16,28,"6,7",trend,12,10,17
pair1,normal1,anomaly1,36,4,28,"0,2,4,6",level_family,24,52,33
pair1,normal1,anomaly1,37,4,28,"1,3,5,7",variation_family,24,52,37
pair1,normal1,anomaly1,38,0,28,"0,1,6,7",fast_trend,36,37,36
pair1,normal1,anomaly1,39,0,28,"2,3,4,5",slow_context,36,25,25
pair1,normal1,anomaly1,40,26,32,"0,1",short_level,6,3,6
pair1,normal1,anomaly1,41,20,32,"2,3",medium,12,6,6
pair1,normal1,anomaly1,42,8,32,"4,5",long,24,8,8
pair1,normal1,anomaly1,43,20,32,"6,7",trend,12,8,15
pair1,normal1,anomaly1,44,8,32,"0,2,4,6",level_family,24,52,34
pair1,normal1,anomaly1,45,8,32,"1,3,5,7",variation_family,24,52,38
pair1,normal1,anomaly1,46,0,32,"0,1,6,7",fast_trend,36,38,38
pair1,normal1,anomaly1,47,0,32,"2,3,4,5",slow_context,36,28,28
pair1,normal1,anomaly1,48,30,36,"0,1",short_level,6,3,5
pair1,normal1,anomaly1,49,24,36,"2,3",medium,12,5,5
pair1,normal1,anomaly1,50,12,36,"4,5",long,24,7,7
pair1,normal1,anomaly1,51,24,36,"6,7",trend,12,7,12
pair1,normal1,anomaly1,52,12,36,"0,2,4,6",level_family,24,47,29
pair1,normal1,anomaly1,53,12,36,"1,3,5,7",variation_family,24,47,34
pair1,normal1,anomaly1,54,0,36,"0,1,6,7",fast_trend,36,43,41
pair1,normal1,anomaly1,55,0,36,"2,3,4,5",slow_context,36,29,29
pair1,normal1,anomaly1,56,34,40,"0,1",short_level,6,3,6
pair1,normal1,anomaly1,57,28,40,"2,3",medium,12,5,5
pair1,normal1,anomaly1,58,16,40,"4,5",long,24,6,6
pair1,normal1,anomaly1,59,28,40,"6,7",trend,12,6,8
pair1,normal1,anomaly1,60,16,40,"0,2,4,6",level_family,24,43,25
pair1,normal1,anomaly1,61,16,40,"1,3,5,7",variation_family,24,43,32
pair1,normal1,anomaly1,62,4,40,"0,1,6,7",fast_trend,36,42,40
pair1,normal1,anomaly1,63,4,40,"2,3,4,5",slow_context,36,24,24
pair1,normal1,anomaly1,64,38,44,"0,1",short_level,6,3,8
pair1,normal1,anomaly1,65,32,44,"2,3",medium,12,2,2
pair1,normal1,anomaly1,66,20,44,"4,5",long,24,4,4
pair1,normal1,anomaly1,67,32,44,"6,7",trend,12,9,12
pair1,normal1,anomaly1,68,20,44,"0,2,4,6",level_family,24,39,20
pair1,normal1,anomaly1,69,20,44,"1,3,5,7",variation_family,24,39,29
pair1,normal1,anomaly1,70,8,44,"0,1,6,7",fast_trend,36,43,40
pair1,normal1,anomaly1,71,8,44,"2,3,4,5",slow_context,36,23,23
pair1,normal1,anomaly1,72,42,48,"0,1",short_level,6,1,6
pair1,normal1,anomaly1,73,36,48,"2,3",medium,12,3,3
pair1,normal1,anomaly1,74,24,48,"4,5",long,24,2,2
pair1,normal1,anomaly1,75,36,48,"6,7",trend,12,8,11
pair1,normal1,anomaly1,76,24,48,"0,2,4,6",level_family,24,32,15
pair1,normal1,anomaly1,77,24,48,"1,3,5,7",variation_family,24,32,25
pair1,normal1,anomaly1,78,12,48,"0,1,6,7",fast_trend,36,39,37
pair1,normal1,anomaly1,79,12,48,"2,3,4,5",slow_context,36,20,20
pair2,normal2,anomaly2,0,6,12,"0,1",short_level,6,5,11
pair2,normal2,anomaly2,1,0,12,"2,3",medium,12,5,7
pair2,normal2,anomaly2,2,0,12,"4,5",long,24,3,7
pair2,normal2,anomaly2,3,0,12,"6,7",trend,12,7,17
pair2,normal2,anomaly2,4,0,12,"0,2,4,6",level_family,24,24,11
pair2,normal2,anomaly2,5,0,12,"1,3,5,7",variation_family,24,24,13
pair2,normal2,anomaly2,6,0,12,"0,1,6,7",fast_trend,36,16,17
pair2,normal2,anomaly2,7,0,12,"2,3,4,5",slow_context,36,8,7
pair2,normal2,anomaly2,8,10,16,"0,1",short_level,6,2,9
pair2,normal2,anomaly2,9,4,16,"2,3",medium,12,4,5
pair2,normal2,anomaly2,10,0,16,"4,5",long,24,3,9
pair2,normal2,anomaly2,11,4,16,"6,7",trend,12,11,18
pair2,normal2,anomaly2,12,0,16,"0,2,4,6",level_family,24,31,13
pair2,normal2,anomaly2,13,0,16,"1,3,5,7",variation_family,24,31,19
pair2,normal2,anomaly2,14,0,16,"0,1,6,7",fast_trend,36,21,23
pair2,normal2,anomaly2,15,0,16,"2,3,4,5",slow_context,36,10,9
pair2,normal2,anomaly2,16,14,20,"0,1",short_level,6,4,10
pair2,normal2,anomaly2,17,8,20,"2,3",medium,12,3,4
pair2,normal2,anomaly2,18,0,20,"4,5",long,24,3,9
pair2,normal2,anomaly2,19,8,20,"6,7",trend,12,11,20
pair2,normal2,anomaly2,20,0,20,"0,2,4,6",level_family,24,37,16
pair2,normal2,anomaly2,21,0,20,"1,3,5,7",variation_family,24,37,23
pair2,normal2,anomaly2,22,0,20,"0,1,6,7",fast_trend,36,27,30
pair2,normal2,anomaly2,23,0,20,"2,3,4,5",slow_context,36,10,9
pair2,normal2,anomaly2,24,18,24,"0,1",short_level,6,6,11
pair2,normal2,anomaly2,25,12,24,"2,3",medium,12,6,8
pair2,normal2,anomaly2,26,0,24,"4,5",long,24,3,13
pair2,normal2,anomaly2,27,12,24,"6,7",trend,12,10,21
pair2,normal2,anomaly2,28,0,24,"0,2,4,6",level_family,24,47,22
pair2,normal2,anomaly2,29,0,24,"1,3,5,7",variation_family,24,47,28
pair2,normal2,anomaly2,30,0,24,"0,1,6,7",fast_trend,36,34,37
pair2,normal2,anomaly2,31,0,24,"2,3,4,5",slow_context,36,13,13
pair2,normal2,anomaly2,32,22,28,"0,1",short_level,6,4,8
pair2,normal2,anomaly2,33,16,28,"2,3",medium,12,6,11
pair2,normal2,anomaly2,34,4,28,"4,5",long,24,3,14
pair2,normal2,anomaly2,35,16,28,"6,7",trend,12,10,19
pair2,normal2,anomaly2,36,4,28,"0,2,4,6",level_family,24,48,22
pair2,normal2,anomaly2,37,4,28,"1,3,5,7",variation_family,24,48,29
pair2,normal2,anomaly2,38,0,28,"0,1,6,7",fast_trend,36,39,42
pair2,normal2,anomaly2,39,0,28,"2,3,4,5",slow_context,36,17,18
pair2,normal2,anomaly2,40,26,32,"0,1",short_level,6,2,6
pair2,normal2,anomaly2,41,20,32,"2,3",medium,12,7,12
pair2,normal2,anomaly2,42,8,32,"4,5",long,24,4,15
pair2,normal2,anomaly2,43,20,32,"6,7",trend,12,8,15
pair2,normal2,anomaly2,44,8,32,"0,2,4,6",level_family,24,47,20
pair2,normal2,anomaly2,45,8,32,"1,3,5,7",variation_family,24,47,30
pair2,normal2,anomaly2,46,0,32,"0,1,6,7",fast_trend,36,42,45
pair2,normal2,anomaly2,47,0,32,"2,3,4,5",slow_context,36,20,20
pair2,normal2,anomaly2,48,30,36,"0,1",short_level,6,1,5
pair2,normal2,anomaly2,49,24,36,"2,3",medium,12,6,9
pair2,normal2,anomaly2,50,12,36,"4,5",long,24,4,17
pair2,normal2,anomaly2,51,24,36,"6,7",trend,12,7,10
pair2,normal2,anomaly2,52,12,36,"0,2,4,6",level_family,24,45,18
pair2,normal2,anomaly2,53,12,36,"1,3,5,7",variation_family,24,45,30
pair2,normal2,anomaly2,54,0,36,"0,1,6,7",fast_trend,36,44,47
pair2,normal2,anomaly2,55,0,36,"2,3,4,5",slow_context,36,22,22
pair2,normal2,anomaly2,56,34,40,"0,1",short_level,6,1,6
pair2,normal2,anomaly2,57,28,40,"2,3",medium,12,6,7
pair2,normal2,anomaly2,58,16,40,"4,5",long,24,4,16
pair2,normal2,anomaly2,59,28,40,"6,7",trend,12,8,10
pair2,normal2,anomaly2,60,16,40,"0,2,4,6",level_family,24,42,15
pair2,normal2,anomaly2,61,16,40,"1,3,5,7",variation_family,24,42,28
pair2,normal2,anomaly2,62,4,40,"0,1,6,7",fast_trend,36,44,45
pair2,normal2,anomaly2,63,4,40,"2,3,4,5",slow_context,36,18,19
pair2,normal2,anomaly2,64,38,44,"0,1",short_level,6,1,6
pair2,normal2,anomaly2,65,32,44,"2,3",medium,12,5,6
pair2,normal2,anomaly2,66,20,44,"4,5",long,24,4,16
pair2,normal2,anomaly2,67,32,44,"6,7",trend,12,9,10
pair2,normal2,anomaly2,68,20,44,"0,2,4,6",level_family,24,38,11
pair2,normal2,anomaly2,69,20,44,"1,3,5,7",variation_family,24,38,28
pair2,normal2,anomaly2,70,8,44,"0,1,6,7",fast_trend,36,41,43
pair2,normal2,anomaly2,71,8,44,"2,3,4,5",slow_context,36,18,19
pair2,normal2,anomaly2,72,42,48,"0,1",short_level,6,3,7
pair2,normal2,anomaly2,73,36,48,"2,3",medium,12,6,7
pair2,normal2,anomaly2,74,24,48,"4,5",long,24,4,14
pair2,normal2,anomaly2,75,36,48,"6,7",trend,12,10,12
pair2,normal2,anomaly2,76,24,48,"0,2,4,6",level_family,24,36,5
pair2,normal2,anomaly2,77,24,48,"1,3,5,7",variation_family,24,36,29
pair2,normal2,anomaly2,78,12,48,"0,1,6,7",fast_trend,36,40,41
pair2,normal2,anomaly2,79,12,48,"2,3,4,5",slow_context,36,21,22
