qid,segment,lo,hi,atoms,template,window_samples,static_hes,temporal_hes
0,normal1,6,12,"0,1",short_level,6,4,9
1,normal1,0,12,"2,3",medium,12,6,6
2,normal1,0,12,"4,5",long,24,4,4
3,normal1,0,12,"6,7",trend,12,8,14
4,normal1,0,12,"0,2,4,6",level_family,24,25,17
5,normal1,0,12,"1,3,5,7",variation_family,24,25,17
6,normal1,0,12,"0,1,6,7",fast_trend,36,15,14
7,normal1,0,12,"2,3,4,5",slow_context,36,10,10
8,normal1,10,16,"0,1",short_level,6,3,8
9,normal1,4,16,"2,3",medium,12,6,6
10,normal1,0,16,"4,5",long,24,5,5
11,normal1,4,16,"6,7",trend,12,9,17
12,normal1,0,16,"0,2,4,6",level_family,24,33,23
13,normal1,0,16,"1,3,5,7",variation_family,24,33,23
14,normal1,0,16,"0,1,6,7",fast_trend,36,20,20
15,normal1,0,16,"2,3,4,5",slow_context,36,13,13
16,normal1,14,20,"0,1",short_level,6,6,11
17,normal1,8,20,"2,3",medium,12,6,6
18,normal1,0,20,"4,5",long,24,8,8
19,normal1,8,20,"6,7",trend,12,10,18
20,normal1,0,20,"0,2,4,6",level_family,24,46,32
21,normal1,0,20,"1,3,5,7",variation_family,24,46,31
22,normal1,0,20,"0,1,6,7",fast_trend,36,28,27
23,normal1,0,20,"2,3,4,5",slow_context,36,18,18
24,normal1,18,24,"0,1",short_level,6,5,9
25,normal1,12,24,"2,3",medium,12,7,7
26,normal1,0,24,"4,5",long,24,9,9
27,normal1,12,24,"6,7",trend,12,10,19
28,normal1,0,24,"0,2,4,6",level_family,24,56,40
29,normal1,0,24,"1,3,5,7",variation_family,24,56,37
30,normal1,0,24,"0,1,6,7",fast_trend,36,34,33
31,normal1,0,24,"2,3,4,5",slow_context,36,22,22
32,normal1,22,28,"0,1",short_level,6,6,9
33,normal1,16,28,"2,3",medium,12,7,7
34,normal1,4,28,"4,5",long,24,9,9
35,normal1,16,28,"6,7",trend,12,9,19
36,normal1,4,28,"0,2,4,6",level_family,24,57,40
37,normal1,4,28,"1,3,5,7",variation_family,24,57,38
38,normal1,0,28,"0,1,6,7",fast_trend,36,40,39
39,normal1,0,28,"2,3,4,5",slow_context,36,24,24
40,normal1,26,32,"0,1",short_level,6,6,11
41,normal1,20,32,"2,3",medium,12,7,7
42,normal1,8,32,"4,5",long,24,9,9
43,normal1,20,32,"6,7",trend,12,9,20
44,normal1,8,32,"0,2,4,6",level_family,24,59,41
45,normal1,8,32,"1,3,5,7",variation_family,24,59,39
46,normal1,0,32,"0,1,6,7",fast_trend,36,48,47
47,normal1,0,32,"2,3,4,5",slow_context,36,28,28
48,normal1,30,36,"0,1",short_level,6,3,10
49,normal1,24,36,"2,3",medium,12,7,7
50,normal1,12,36,"4,5",long,24,10,10
51,normal1,24,36,"6,7",trend,12,10,20
52,normal1,12,36,"0,2,4,6",level_family,24,62,46
53,normal1,12,36,"1,3,5,7",variation_family,24,62,41
54,normal1,0,36,"0,1,6,7",fast_trend,36,53,53
55,normal1,0,36,"2,3,4,5",slow_context,36,33,33
56,normal1,34,40,"0,1",short_level,6,4,10
57,normal1,28,40,"2,3",medium,12,10,10
58,normal1,16,40,"4,5",long,24,9,9
59,normal1,28,40,"6,7",trend,12,12,21
60,normal1,16,40,"0,2,4,6",level_family,24,65,47
61,normal1,16,40,"1,3,5,7",variation_family,24,65,43
62,normal1,4,40,"0,1,6,7",fast_trend,36,56,57
63,normal1,4,40,"2,3,4,5",slow_context,36,34,34
64,normal1,38,44,"0,1",short_level,6,3,8
65,normal1,32,44,"2,3",medium,12,10,10
66,normal1,20,44,"4,5",long,24,8,8
67,normal1,32,44,"6,7",trend,12,10,18
68,normal1,20,44,"0,2,4,6",level_family,24,61,44
69,normal1,20,44,"1,3,5,7",variation_family,24,61,43
70,normal1,8,44,"0,1,6,7",fast_trend,36,53,55
71,normal1,8,44,"2,3,4,5",slow_context,36,34,34
72,normal1,42,48,"0,1",short_level,6,2,6
73,normal1,36,48,"2,3",medium,12,6,6
74,normal1,24,48,"4,5",long,24,7,7
75,normal1,36,48,"6,7",trend,12,9,15
76,normal1,24,48,"0,2,4,6",level_family,24,53,36
77,normal1,24,48,"1,3,5,7",variation_family,24,53,39
78,normal1,12,48,"0,1,6,7",fast_trend,36,52,54
79,normal1,12,48,"2,3,4,5",slow_context,36,32,32
0,anomaly1,6,12,"0,1",short_level,6,3,8
1,anomaly1,0,12,"2,3",medium,12,8,8
2,anomaly1,0,12,"4,5",long,24,3,3
3,anomaly1,0,12,"6,7",trend,12,8,14
4,anomaly1,0,12,"0,2,4,6",level_family,24,25,18
5,anomaly1,0,12,"1,3,5,7",variation_family,24,25,18
6,anomaly1,0,12,"0,1,6,7",fast_trend,36,14,14
7,anomaly1,0,12,"2,3,4,5",slow_context,36,11,11
8,anomaly1,10,16,"0,1",short_level,6,4,8
9,anomaly1,4,16,"2,3",medium,12,6,6
10,anomaly1,0,16,"4,5",long,24,5,5
11,anomaly1,4,16,"6,7",trend,12,9,15
12,anomaly1,0,16,"0,2,4,6",level_family,24,35,25
13,anomaly1,0,16,"1,3,5,7",variation_family,24,35,24
14,anomaly1,0,16,"0,1,6,7",fast_trend,36,20,19
15,anomaly1,0,16,"2,3,4,5",slow_context,36,15,15
16,anomaly1,14,20,"0,1",short_level,6,3,8
17,anomaly1,8,20,"2,3",medium,12,7,7
18,anomaly1,0,20,"4,5",long,24,6,6
19,anomaly1,8,20,"6,7",trend,12,9,15
20,anomaly1,0,20,"0,2,4,6",level_family,24,41,30
21,anomaly1,0,20,"1,3,5,7",variation_family,24,41,29
22,anomaly1,0,20,"0,1,6,7",fast_trend,36,23,23
23,anomaly1,0,20,"2,3,4,5",slow_context,36,18,18
24,anomaly1,18,24,"0,1",short_level,6,4,8
25,anomaly1,12,24,"2,3",medium,12,6,6
26,anomaly1,0,24,"4,5",long,24,8,8
27,anomaly1,12,24,"6,7",trend,12,9,15
28,anomaly1,0,24,"0,2,4,6",level_family,24,52,36
29,anomaly1,0,24,"1,3,5,7",variation_family,24,52,37
30,anomaly1,0,24,"0,1,6,7",fast_trend,36,30,29
31,anomaly1,0,24,"2,3,4,5",slow_context,36,22,22
32,anomaly1,22,28,"0,1",short_level,6,5,10
33,anomaly1,16,28,"2,3",medium,12,6,6
34,anomaly1,4,28,"4,5",long,24,7,7
35,anomaly1,16,28,"6,7",trend,12,10,17
36,anomaly1,4,28,"0,2,4,6",level_family,24,52,33
37,anomaly1,4,28,"1,3,5,7",variation_family,24,52,37
38,anomaly1,0,28,"0,1,6,7",fast_trend,36,37,36
39,anomaly1,0,28,"2,3,4,5",slow_context,36,25,25
40,anomaly1,26,32,"0,1",short_level,6,3,6
41,anomaly1,20,32,"2,3",medium,12,6,6
42,anomaly1,8,32,"4,5",long,24,8,8
43,anomaly1,20,32,"6,7",trend,12,8,15
44,anomaly1,8,32,"0,2,4,6",level_family,24,52,34
45,anomaly1,8,32,"1,3,5,7",variation_family,24,52,38
46,anomaly1,0,32,"0,1,6,7",fast_trend,36,38,38
47,anomaly1,0,32,"2,3,4,5",slow_context,36,28,28
48,anomaly1,30,36,"0,1",short_level,6,3,5
49,anomaly1,24,36,"2,3",medium,12,5,5
50,anomaly1,12,36,"4,5",long,24,7,7
51,anomaly1,24,36,"6,7",trend,12,7,12
52,anomaly1,12,36,"0,2,4,6",level_family,24,47,29
53,anomaly1,12,36,"1,3,5,7",variation_family,24,47,34
54,anomaly1,0,36,"0,1,6,7",fast_trend,36,43,41
55,anomaly1,0,36,"2,3,4,5",slow_context,36,29,29
56,anomaly1,34,40,"0,1",short_level,6,3,6
57,anomaly1,28,40,"2,3",medium,12,5,5
58,anomaly1,16,40,"4,5",long,24,6,6
59,anomaly1,28,40,"6,7",trend,12,6,8
60,anomaly1,16,40,"0,2,4,6",level_family,24,43,25
61,anomaly1,16,40,"1,3,5,7",variation_family,24,43,32
62,anomaly1,4,40,"0,1,6,7",fast_trend,36,42,40
63,anomaly1,4,40,"2,3,4,5",slow_context,36,24,24
64,anomaly1,38,44,"0,1",short_level,6,3,8
65,anomaly1,32,44,"2,3",medium,12,2,2
66,anomaly1,20,44,"4,5",long,24,4,4
67,anomaly1,32,44,"6,7",trend,12,9,12
68,anomaly1,20,44,"0,2,4,6",level_family,24,39,20
69,anomaly1,20,44,"1,3,5,7",variation_family,24,39,29
70,anomaly1,8,44,"0,1,6,7",fast_trend,36,43,40
71,anomaly1,8,44,"2,3,4,5",slow_context,36,23,23
72,anomaly1,42,48,"0,1",short_level,6,1,6
73,anomaly1,36,48,"2,3",medium,12,3,3
74,anomaly1,24,48,"4,5",long,24,2,2
75,anomaly1,36,48,"6,7",trend,12,8,11
76,anomaly1,24,48,"0,2,4,6",level_family,24,32,15
77,anomaly1,24,48,"1,3,5,7",variation_family,24,32,25
78,anomaly1,12,48,"0,1,6,7",fast_trend,36,39,37
79,anomaly1,12,48,"2,3,4,5",slow_context,36,20,20
0,normal2,6,12,"0,1",short_level,6,5,11
1,normal2,0,12,"2,3",medium,12,5,5
2,normal2,0,12,"4,5",long,24,7,7
3,normal2,0,12,"6,7",trend,12,9,19
4,normal2,0,12,"0,2,4,6",level_family,24,30,24
5,normal2,0,12,"1,3,5,7",variation_family,24,30,19
6,normal2,0,12,"0,1,6,7",fast_trend,36,18,19
7,normal2,0,12,"2,3,4,5",slow_context,36,12,12
8,normal2,10,16,"0,1",short_level,6,4,11
9,normal2,4,16,"2,3",medium,12,6,6
10,normal2,0,16,"4,5",long,24,9,9
11,normal2,4,16,"6,7",trend,12,11,20
12,normal2,0,16,"0,2,4,6",level_family,24,41,32
13,normal2,0,16,"1,3,5,7",variation_family,24,41,28
14,normal2,0,16,"0,1,6,7",fast_trend,36,24,26
15,normal2,0,16,"2,3,4,5",slow_context,36,17,17
16,normal2,14,20,"0,1",short_level,6,5,12
17,normal2,8,20,"2,3",medium,12,6,6
18,normal2,0,20,"4,5",long,24,10,10
19,normal2,8,20,"6,7",trend,12,11,22
20,normal2,0,20,"0,2,4,6",level_family,24,52,39
21,normal2,0,20,"1,3,5,7",variation_family,24,52,35
22,normal2,0,20,"0,1,6,7",fast_trend,36,32,34
23,normal2,0,20,"2,3,4,5",slow_context,36,20,20
24,normal2,18,24,"0,1",short_level,6,3,8
25,normal2,12,24,"2,3",medium,12,9,9
26,normal2,0,24,"4,5",long,24,10,10
27,normal2,12,24,"6,7",trend,12,11,19
28,normal2,0,24,"0,2,4,6",level_family,24,59,43
29,normal2,0,24,"1,3,5,7",variation_family,24,59,41
30,normal2,0,24,"0,1,6,7",fast_trend,36,36,38
31,normal2,0,24,"2,3,4,5",slow_context,36,23,23
32,normal2,22,28,"0,1",short_level,6,5,10
33,normal2,16,28,"2,3",medium,12,8,8
34,normal2,4,28,"4,5",long,24,8,8
35,normal2,16,28,"6,7",trend,12,10,19
36,normal2,4,28,"0,2,4,6",level_family,24,59,42
37,normal2,4,28,"1,3,5,7",variation_family,24,59,41
38,normal2,0,28,"0,1,6,7",fast_trend,36,43,45
39,normal2,0,28,"2,3,4,5",slow_context,36,26,26
40,normal2,26,32,"0,1",short_level,6,5,9
41,normal2,20,32,"2,3",medium,12,9,9
42,normal2,8,32,"4,5",long,24,6,6
43,normal2,20,32,"6,7",trend,12,10,19
44,normal2,8,32,"0,2,4,6",level_family,24,58,39
45,normal2,8,32,"1,3,5,7",variation_family,24,58,40
46,normal2,0,32,"0,1,6,7",fast_trend,36,49,51
47,normal2,0,32,"2,3,4,5",slow_context,36,28,28
48,normal2,30,36,"0,1",short_level,6,4,11
49,normal2,24,36,"2,3",medium,12,6,6
50,normal2,12,36,"4,5",long,24,4,4
51,normal2,24,36,"6,7",trend,12,10,20
52,normal2,12,36,"0,2,4,6",level_family,24,56,37
53,normal2,12,36,"1,3,5,7",variation_family,24,56,40
54,normal2,0,36,"0,1,6,7",fast_trend,36,55,58
55,normal2,0,36,"2,3,4,5",slow_context,36,29,29
56,normal2,34,40,"0,1",short_level,6,3,10
57,normal2,28,40,"2,3",medium,12,4,4
58,normal2,16,40,"4,5",long,24,1,1
59,normal2,28,40,"6,7",trend,12,11,19
60,normal2,16,40,"0,2,4,6",level_family,24,50,30
61,normal2,16,40,"1,3,5,7",variation_family,24,50,34
62,normal2,4,40,"0,1,6,7",fast_trend,36,55,58
63,normal2,4,40,"2,3,4,5",slow_context,36,26,26
64,normal2,38,44,"0,1",short_level,6,4,11
65,normal2,32,44,"2,3",medium,12,4,4
66,normal2,20,44,"4,5",long,24,1,1
67,normal2,32,44,"6,7",trend,12,12,22
68,normal2,20,44,"0,2,4,6",level_family,24,51,31
69,normal2,20,44,"1,3,5,7",variation_family,24,51,35
70,normal2,8,44,"0,1,6,7",fast_trend,36,57,60
71,normal2,8,44,"2,3,4,5",slow_context,36,23,23
72,normal2,42,48,"0,1",short_level,6,5,11
73,normal2,36,48,"2,3",medium,12,6,6
74,normal2,24,48,"4,5",long,24,1,1
75,normal2,36,48,"6,7",trend,12,12,21
76,normal2,24,48,"0,2,4,6",level_family,24,51,31
77,normal2,24,48,"1,3,5,7",variation_family,24,51,34
78,normal2,12,48,"0,1,6,7",fast_trend,36,57,60
79,normal2,12,48,"2,3,4,5",slow_context,36,24,24
0,anomaly2,6,12,"0,1",short_level,6,4,10
1,anomaly2,0,12,"2,3",medium,12,9,9
2,anomaly2,0,12,"4,5",long,24,6,6
3,anomaly2,0,12,"6,7",trend,12,9,18
4,anomaly2,0,12,"0,2,4,6",level_family,24,32,24
5,anomaly2,0,12,"1,3,5,7",variation_family,24,32,24
6,anomaly2,0,12,"0,1,6,7",fast_trend,36,17,18
7,anomaly2,0,12,"2,3,4,5",slow_context,36,15,15
8,anomaly2,10,16,"0,1",short_level,6,2,9
9,anomaly2,4,16,"2,3",medium,12,10,10
10,anomaly2,0,16,"4,5",long,24,7,7
11,anomaly2,4,16,"6,7",trend,12,11,18
12,anomaly2,0,16,"0,2,4,6",level_family,24,42,31
13,anomaly2,0,16,"1,3,5,7",variation_family,24,42,33
14,anomaly2,0,16,"0,1,6,7",fast_trend,36,22,24
15,anomaly2,0,16,"2,3,4,5",slow_context,36,20,20
16,anomaly2,14,20,"0,1",short_level,6,4,10
17,anomaly2,8,20,"2,3",medium,12,10,10
18,anomaly2,0,20,"4,5",long,24,8,8
19,anomaly2,8,20,"6,7",trend,12,12,20
20,anomaly2,0,20,"0,2,4,6",level_family,24,53,38
21,anomaly2,0,20,"1,3,5,7",variation_family,24,53,41
22,anomaly2,0,20,"0,1,6,7",fast_trend,36,29,31
23,anomaly2,0,20,"2,3,4,5",slow_context,36,24,24
24,anomaly2,18,24,"0,1",short_level,6,5,10
25,anomaly2,12,24,"2,3",medium,12,9,9
26,anomaly2,0,24,"4,5",long,24,9,9
27,anomaly2,12,24,"6,7",trend,12,11,20
28,anomaly2,0,24,"0,2,4,6",level_family,24,62,43
29,anomaly2,0,24,"1,3,5,7",variation_family,24,62,48
30,anomaly2,0,24,"0,1,6,7",fast_trend,36,35,37
31,anomaly2,0,24,"2,3,4,5",slow_context,36,27,27
32,anomaly2,22,28,"0,1",short_level,6,4,9
33,anomaly2,16,28,"2,3",medium,12,8,8
34,anomaly2,4,28,"4,5",long,24,7,7
35,anomaly2,16,28,"6,7",trend,12,11,19
36,anomaly2,4,28,"0,2,4,6",level_family,24,60,39
37,anomaly2,4,28,"1,3,5,7",variation_family,24,60,48
38,anomaly2,0,28,"0,1,6,7",fast_trend,36,41,43
39,anomaly2,0,28,"2,3,4,5",slow_context,36,31,31
40,anomaly2,26,32,"0,1",short_level,6,2,6
41,anomaly2,20,32,"2,3",medium,12,8,8
42,anomaly2,8,32,"4,5",long,24,6,6
43,anomaly2,20,32,"6,7",trend,12,9,16
44,anomaly2,8,32,"0,2,4,6",level_family,24,58,36
45,anomaly2,8,32,"1,3,5,7",variation_family,24,58,47
46,anomaly2,0,32,"0,1,6,7",fast_trend,36,44,46
47,anomaly2,0,32,"2,3,4,5",slow_context,36,35,35
48,anomaly2,30,36,"0,1",short_level,6,1,5
49,anomaly2,24,36,"2,3",medium,12,7,7
50,anomaly2,12,36,"4,5",long,24,6,6
51,anomaly2,24,36,"6,7",trend,12,8,11
52,anomaly2,12,36,"0,2,4,6",level_family,24,52,32
53,anomaly2,12,36,"1,3,5,7",variation_family,24,52,43
54,anomaly2,0,36,"0,1,6,7",fast_trend,36,46,48
55,anomaly2,0,36,"2,3,4,5",slow_context,36,36,36
56,anomaly2,34,40,"0,1",short_level,6,1,7
57,anomaly2,28,40,"2,3",medium,12,5,5
58,anomaly2,16,40,"4,5",long,24,5,5
59,anomaly2,28,40,"6,7",trend,12,9,10
60,anomaly2,16,40,"0,2,4,6",level_family,24,46,25
61,anomaly2,16,40,"1,3,5,7",variation_family,24,46,39
62,anomaly2,4,40,"0,1,6,7",fast_trend,36,44,46
63,anomaly2,4,40,"2,3,4,5",slow_context,36,31,31
64,anomaly2,38,44,"0,1",short_level,6,1,6
65,anomaly2,32,44,"2,3",medium,12,4,4
66,anomaly2,20,44,"4,5",long,24,4,4
67,anomaly2,32,44,"6,7",trend,12,10,11
68,anomaly2,20,44,"0,2,4,6",level_family,24,40,20
69,anomaly2,20,44,"1,3,5,7",variation_family,24,40,35
70,anomaly2,8,44,"0,1,6,7",fast_trend,36,43,44
71,anomaly2,8,44,"2,3,4,5",slow_context,36,27,27
72,anomaly2,42,48,"0,1",short_level,6,1,6
73,anomaly2,36,48,"2,3",medium,12,3,3
74,anomaly2,24,48,"4,5",long,24,2,2
75,anomaly2,36,48,"6,7",trend,12,10,11
76,anomaly2,24,48,"0,2,4,6",level_family,24,32,13
77,anomaly2,24,48,"1,3,5,7",variation_family,24,32,30
78,anomaly2,12,48,"0,1,6,7",fast_trend,36,40,41
79,anomaly2,12,48,"2,3,4,5",slow_context,36,24,24
