seed,affinity_cost_ms,statichyper_cost_ms,temporal_cost_ms,gain_vs_affinity_pct,gain_vs_statichyper_pct,affinity_fragments,statichyper_fragments,temporal_fragments
0,0.04398260660206224,0.04398260660206224,0.04332966302315036,1.4845495284521515,1.4845495284521515,1,1,3
1,0.04330983539490567,0.04330983539490567,0.04326689839896913,0.09913913443686838,0.09913913443686838,1,1,3
2,0.043672191945819075,0.043672191945819075,0.04293615502215709,1.68536748642049,1.68536748642049,1,1,3
3,0.04341371918424605,0.04341371918424605,0.04233964958065663,2.474032687757337,2.474032687757337,1,1,2
4,0.04366600838692983,0.04366600838692983,0.04245427616253136,2.775001125958567,2.775001125958567,1,1,3
5,0.04260985652863629,0.04260985652863629,0.04194024435832951,1.5714959515452898,1.5714959515452898,1,1,2
6,0.04409267395029201,0.04409267395029201,0.04409267395029201,0.0,0.0,1,1,1
7,0.04313051218711586,0.04313051218711586,0.0428788264354841,0.5835445462364415,0.5835445462364415,1,1,3
8,0.04351018270291926,0.04351018270291926,0.042807065542282904,1.6159830112347007,1.6159830112347007,1,1,3
9,0.04190864095058888,0.04190864095058888,0.04190864095058888,0.0,0.0,1,1,1
10,0.043495342161584946,0.043495342161584946,0.04275802055639134,1.695173709530699,1.695173709530699,1,1,3
11,0.043821834070940355,0.043821834070940355,0.04342158180439477,0.9133626536434902,0.9133626536434902,1,1,3
12,0.0436499311338176,0.0436499311338176,0.04285479180677765,1.8216279072750245,1.8216279072750245,1,1,3
13,0.04285348874887493,0.04285348874887493,0.042666957410094575,0.4352769032958882,0.4352769032958882,1,1,3
14,0.04409885750918127,0.04409885750918127,0.04353550092879673,1.2774856588229084,1.2774856588229084,1,1,2
15,0.04387624938916622,0.04387624938916622,0.043283145228188484,1.3517658624763458,1.3517658624763458,1,1,2
16,0.0441087512034042,0.0441087512034042,0.0435997640634534,1.1539368630130569,1.1539368630130569,1,1,3
17,0.04370063631670992,0.04370063631670992,0.04332262045038624,0.8650122702655909,0.8650122702655909,1,1,2
18,0.04319853133489826,0.04319853133489826,0.04292887279458998,0.6242308059451029,0.6242308059451029,1,1,3
19,0.04363509059248326,0.04363509059248326,0.04303172017884663,1.3827642052393714,1.3827642052393714,1,1,3
20,0.04378225929404879,0.04378225929404879,0.043381457040319864,0.9154444292997129,0.9154444292997129,1,1,3
21,0.043264077059124925,0.043264077059124925,0.04280436404534687,1.0625744151430971,1.0625744151430971,1,1,3
22,0.043050125921554855,0.043050125921554855,0.042080387995747294,2.2525786047051275,2.2525786047051275,1,1,3
23,0.0431663768286738,0.0431663768286738,0.0431663768286738,0.0,0.0,1,1,1
24,0.0429054306435451,0.0429054306435451,0.0429054306435451,0.0,0.0,1,1,1
25,0.043579438562479506,0.043579438562479506,0.04326777999087108,0.7151504973190606,0.7151504973190606,1,1,2
26,0.04333333291868513,0.04333333291868513,0.04271585768224093,1.424942866967762,1.424942866967762,1,1,2
27,0.043022918262441937,0.043022918262441937,0.042882448921049005,0.3264988686635854,0.3264988686635854,1,1,3
28,0.04369321604604276,0.04369321604604276,0.04269295018331984,2.289293289074595,2.289293289074595,1,1,3
29,0.0439529255193936,0.0439529255193936,0.043026843883129745,2.1069852013724,2.1069852013724,1,1,3
30,0.043986316737395864,0.043986316737395864,0.04310112315051133,2.0124294383847965,2.0124294383847965,1,1,2
31,0.04347926490847277,0.04347926490847277,0.04326990773326163,0.4815103835169652,0.4815103835169652,1,1,2
32,0.04385151515360895,0.04385151515360895,0.04315758174915876,1.5824616367744344,1.5824616367744344,1,1,2
33,0.043793389700049506,0.043793389700049506,0.04279791763607475,2.2731103273643782,2.2731103273643782,1,1,3
34,0.04307115002177857,0.04307115002177857,0.04307115002177857,0.0,0.0,1,1,1
35,0.044254683193191924,0.044254683193191924,0.04368562236984032,1.2858770694784882,1.2858770694784882,1,1,2
36,0.04319234777600897,0.04319234777600897,0.042556315511234934,1.4725577504432843,1.4725577504432843,1,1,3
37,0.044164403233407895,0.044164403233407895,0.04315844298668153,2.277762571385566,2.277762571385566,1,1,3
38,0.04341495589602394,0.04341495589602394,0.04231881784356048,2.524793656565359,2.524793656565359,1,1,2
39,0.04393066470739218,0.04393066470739218,0.043923754159775064,0.01573057831732363,0.01573057831732363,1,1,2
40,0.04237611800262045,0.04237611800262045,0.04188976870055505,1.1476966862215239,1.1476966862215239,1,1,3
41,0.043235632688234105,0.043235632688234105,0.04285584782705262,0.8784070859331586,0.8784070859331586,1,1,3
42,0.0431762705228967,0.0431762705228967,0.0431762705228967,0.0,0.0,1,1,1
43,0.0435151295500307,0.0435151295500307,0.04312491261854669,0.8967385263908478,0.8967385263908478,1,1,2
44,0.04369939960493199,0.04369939960493199,0.043419723633391756,0.639999574522009,0.639999574522009,1,1,2
45,0.04377236559982586,0.04377236559982586,0.042736431926631895,2.3666385378040657,2.3666385378040657,1,1,3
46,0.04398508002561803,0.04398508002561803,0.04364646191757693,0.7698476570779975,0.7698476570779975,1,1,3
47,0.0438478050182754,0.0438478050182754,0.043847805018275385,3.164990311836661e-14,3.164990311836661e-14,1,1,1
48,0.04347184463780561,0.04347184463780561,0.04259929797123223,2.007153535450771,2.007153535450771,1,1,3
49,0.04385522528894255,0.04385522528894255,0.04293339587436865,2.101983078413967,2.101983078413967,1,1,2
