seed,opt_changed,design_distance,B_on_A_penalty_pct,A_on_B_penalty_pct,static_opt_same
0,1,0.2,2.0080512658765315,1.3749545608658487,1
1,1,0.2,2.5930721066991014,0.7692632563067292,1
2,1,0.2,1.2369659350598639,1.933312567667289,1
3,1,0.06666666666666667,0.8657161933795399,0.8693381639605535,1
4,1,0.2,1.8586091384055203,1.3407012213366931,1
5,1,0.13333333333333333,1.6830425216747935,0.9845959520524028,1
6,1,0.2,1.962662244749347,1.2425305876913262,1
7,1,0.13333333333333333,1.0436287917371834,1.0559493332653158,1
8,1,0.13333333333333333,1.4286867330050024,0.9671473701730937,1
9,1,0.2,1.9261948100520287,1.3432403478312427,1
10,1,0.13333333333333333,1.2447163802725925,0.9895669637295157,1
11,1,0.13333333333333333,0.9105568803896569,1.032553574006867,1
12,1,0.06666666666666667,1.185990327238362,0.07818548249773905,1
13,1,0.2,1.6776758021600502,1.6290170286473282,1
14,1,0.2,1.004644901140317,2.242564606907038,1
15,1,0.2,2.2526109984519316,1.1441338333065598,1
16,1,0.2,2.3325486476556634,1.0296032129804455,1
17,1,0.2,2.3337458785814835,0.8881474978545301,1
18,1,0.2,1.6762705433010616,1.640214574175114,1
19,1,0.06666666666666667,0.5393308067420222,0.4354717259569041,1
20,1,0.2,1.0134591412315208,2.170991342806694,1
21,1,0.13333333333333333,2.6936696830323514,0.3244073868988506,1
22,1,0.13333333333333333,0.1468536970149481,1.5814701587476332,1
23,1,0.2,1.8118604712222153,1.502178599780124,1
24,1,0.06666666666666667,0.4761437272888136,0.4761839559756176,1
25,1,0.2,1.82354789537853,1.2744290295606087,1
26,1,0.13333333333333333,1.9133219754425168,0.9131312922056711,1
27,1,0.2,1.5318406477646151,1.7072920656849178,1
28,1,0.2,2.3888463217456746,0.871856714250141,1
29,1,0.2,2.2343462937040925,1.1699233574839596,1
30,1,0.2,2.355174600638832,0.8630505221310703,1
31,1,0.13333333333333333,1.6243726096550892,0.4261137353193112,1
32,1,0.2,1.6058958960281755,1.7124525645357602,1
33,1,0.13333333333333333,0.18550124189409267,2.382512415587823,1
34,1,0.2,1.814447055177637,1.3438851261799556,1
35,1,0.2,1.625392831894179,1.7231683150818355,1
36,1,0.13333333333333333,1.0447441040280614,1.4699580965456205,1
37,1,0.2,1.8571964732673862,1.3767641172254708,1
38,1,0.2,1.6752409703720161,1.6091735255627793,1
39,1,0.06666666666666667,1.5024618827781833,0.0743979296388586,1
40,1,0.2,1.6048760002107088,1.6785794025865997,1
41,1,0.2,1.6043022763954307,1.6514725818780551,1
42,1,0.2,2.679097643859407,0.5465262651046965,1
43,1,0.06666666666666667,0.7969043571553369,0.11304657921857864,1
44,1,0.2,2.328653254116042,0.9881696973624177,1
45,1,0.06666666666666667,1.922246853280818,0.033152725954699314,1
46,1,0.13333333333333333,1.670904826732067,0.8384960580147371,1
47,1,0.2,2.3923017851641415,0.9407782921525776,1
48,1,0.13333333333333333,0.7354706876903983,0.7433093690923043,1
49,1,0.2,1.0562508660221015,2.0172176437070366,1
50,1,0.2,0.5990568097373306,2.4844220934659544,1
51,1,0.2,2.4001763696148704,1.0302576424542575,1
52,1,0.13333333333333333,1.54639224190265,0.4664058185737785,1
53,1,0.13333333333333333,2.215648610284293,0.5569476126146222,1
54,1,0.2,2.6000944258981917,0.7797000455327163,1
55,1,0.13333333333333333,1.6405065887231451,0.6400676740424771,1
56,1,0.13333333333333333,0.9877851093042178,0.5916624741072019,1
57,1,0.2,2.515434501307978,0.7744952068888811,1
58,1,0.2,1.0045919529724667,2.139877135028101,1
59,1,0.2,2.326050203137564,1.0048713694527533,1
60,1,0.2,0.8457064893132804,2.072046559079488,1
61,1,0.2,1.9450364518367458,1.343205865038688,1
62,1,0.13333333333333333,1.5184303789396392,0.6628434855875165,1
63,1,0.13333333333333333,0.9148199458716366,0.9788483267832104,1
64,1,0.13333333333333333,2.1583727513070583,0.2657598045745724,1
65,1,0.2,2.1018027656212857,1.0786166789457763,1
66,1,0.13333333333333333,1.2443105614488248,0.3191581084130535,1
67,1,0.2,2.395818066117794,0.9809547467753976,1
68,1,0.13333333333333333,1.332743721680174,0.7216625688261091,1
69,1,0.06666666666666667,0.44796535332514154,0.05726325171762081,1
70,1,0.13333333333333333,0.3204814575604731,0.8568921473032232,1
71,1,0.2,1.14171437782018,2.071616323856751,1
72,1,0.06666666666666667,0.3089748412753668,1.1392786298167756,1
73,1,0.13333333333333333,0.6236953285809532,1.6591528417628787,1
74,1,0.2,2.5148383854719736,0.9571798866111036,1
75,1,0.2,1.126794310034862,1.9152836824403385,1
76,1,0.2,1.571789451579697,1.5163644785638697,1
77,1,0.2,1.6672378007718924,1.635594932123552,1
78,1,0.2,2.2458435528067477,1.0121399124598973,1
79,1,0.13333333333333333,1.4348330468057169,0.5089496306473151,1
