ratio,state_bytes,window_fraction,psi,rep,singleton_ratio,multistart_ratio,singleton_exact,multistart_exact
2,256,0.2,0.3,0,1.0,1.0,1,1
2,256,0.2,0.3,1,1.0,1.0,1,1
2,256,0.2,0.3,2,1.0000000000000002,1.0,1,1
2,256,0.2,0.3,3,1.0000000000000002,1.0,1,1
2,256,0.2,0.7,0,1.0,1.0,1,1
2,256,0.2,0.7,1,1.0,1.0,1,1
2,256,0.2,0.7,2,1.0,1.0,1,1
2,256,0.2,0.7,3,1.0,1.0,1,1
2,256,0.4,0.3,0,1.0,1.0,1,1
2,256,0.4,0.3,1,0.9999999999999996,0.9999999999999996,1,1
2,256,0.4,0.3,2,1.0000000000000002,1.0000000000000002,1,1
2,256,0.4,0.3,3,1.0,1.0,1,1
2,256,0.4,0.7,0,0.9999999999999999,0.9999999999999999,1,1
2,256,0.4,0.7,1,1.0000000000000002,1.0,1,1
2,256,0.4,0.7,2,1.0000000000000002,1.0,1,1
2,256,0.4,0.7,3,1.0,1.0,1,1
2,256,0.6,0.3,0,1.0,1.0,1,1
2,256,0.6,0.3,1,0.9999999999999998,0.9999999999999998,1,1
2,256,0.6,0.3,2,1.0,1.0,1,1
2,256,0.6,0.3,3,0.9999999999999997,0.9999999999999997,1,1
2,256,0.6,0.7,0,1.0000000000000002,1.0000000000000002,1,1
2,256,0.6,0.7,1,1.0,1.0,1,1
2,256,0.6,0.7,2,0.9999999999999998,0.9999999999999998,1,1
2,256,0.6,0.7,3,1.0000000000000002,1.0,1,1
2,512,0.2,0.3,0,1.0,1.0,1,1
2,512,0.2,0.3,1,1.0,1.0,1,1
2,512,0.2,0.3,2,0.9999999999999998,0.9999999999999998,1,1
2,512,0.2,0.3,3,0.9999999999999998,0.9999999999999998,1,1
2,512,0.2,0.7,0,1.0,1.0,1,1
2,512,0.2,0.7,1,1.0000000000000002,1.0,1,1
2,512,0.2,0.7,2,1.0,1.0,1,1
2,512,0.2,0.7,3,1.0,1.0,1,1
2,512,0.4,0.3,0,0.9999999999999998,0.9999999999999998,1,1
2,512,0.4,0.3,1,1.0000000000000002,1.0,1,1
2,512,0.4,0.3,2,1.0,1.0,1,1
2,512,0.4,0.3,3,1.0,1.0,1,1
2,512,0.4,0.7,0,1.0,1.0,1,1
2,512,0.4,0.7,1,1.0000000000000002,1.0,1,1
2,512,0.4,0.7,2,1.0,1.0,1,1
2,512,0.4,0.7,3,1.0,1.0,1,1
2,512,0.6,0.3,0,1.0,1.0,1,1
2,512,0.6,0.3,1,1.0,1.0,1,1
2,512,0.6,0.3,2,1.0000000000000002,1.0,1,1
2,512,0.6,0.3,3,1.0030117504747353,1.0,0,1
2,512,0.6,0.7,0,1.0,1.0,1,1
2,512,0.6,0.7,1,1.0,1.0,1,1
2,512,0.6,0.7,2,1.0,1.0,1,1
2,512,0.6,0.7,3,1.0,1.0,1,1
2,1024,0.2,0.3,0,1.0000000000000002,1.0,1,1
2,1024,0.2,0.3,1,1.0,1.0,1,1
2,1024,0.2,0.3,2,1.0,1.0,1,1
2,1024,0.2,0.3,3,1.0,1.0,1,1
2,1024,0.2,0.7,0,1.0424104841576018,1.0361781069295772,0,0
2,1024,0.2,0.7,1,0.9999999999999998,0.9999999999999998,1,1
2,1024,0.2,0.7,2,1.0,1.0,1,1
2,1024,0.2,0.7,3,1.0000000000000002,1.0,1,1
2,1024,0.4,0.3,0,1.0,1.0,1,1
2,1024,0.4,0.3,1,1.0,1.0,1,1
2,1024,0.4,0.3,2,0.9999999999999997,0.9999999999999997,1,1
2,1024,0.4,0.3,3,1.018801337838452,1.0,0,1
2,1024,0.4,0.7,0,0.9999999999999997,0.9999999999999997,1,1
2,1024,0.4,0.7,1,1.0,1.0,1,1
2,1024,0.4,0.7,2,1.0,1.0,1,1
2,1024,0.4,0.7,3,1.0000000000000002,1.0,1,1
2,1024,0.6,0.3,0,1.0,1.0,1,1
2,1024,0.6,0.3,1,0.9999999999999998,0.9999999999999998,1,1
2,1024,0.6,0.3,2,1.0,1.0,1,1
2,1024,0.6,0.3,3,1.0,1.0,1,1
2,1024,0.6,0.7,0,1.0000000000000002,1.0,1,1
2,1024,0.6,0.7,1,1.0000000000000002,1.0,1,1
2,1024,0.6,0.7,2,0.9999999999999998,0.9999999999999998,1,1
2,1024,0.6,0.7,3,0.9999999999999998,0.9999999999999998,1,1
2,2048,0.2,0.3,0,0.9999999999999999,0.9999999999999999,1,1
2,2048,0.2,0.3,1,1.0,1.0,1,1
2,2048,0.2,0.3,2,0.9999999999999999,0.9999999999999999,1,1
2,2048,0.2,0.3,3,0.9999999999999999,0.9999999999999999,1,1
2,2048,0.2,0.7,0,1.0000000000000002,1.0,1,1
2,2048,0.2,0.7,1,1.0,1.0,1,1
2,2048,0.2,0.7,2,1.0,1.0,1,1
2,2048,0.2,0.7,3,0.9999999999999999,0.9999999999999999,1,1
2,2048,0.4,0.3,0,1.0,1.0,1,1
2,2048,0.4,0.3,1,1.0,1.0,1,1
2,2048,0.4,0.3,2,1.0,1.0,1,1
2,2048,0.4,0.3,3,1.0,1.0,1,1
2,2048,0.4,0.7,0,1.0,1.0,1,1
2,2048,0.4,0.7,1,1.0,1.0,1,1
2,2048,0.4,0.7,2,1.0035042489155834,1.0035042489155832,0,0
2,2048,0.4,0.7,3,1.0,1.0,1,1
2,2048,0.6,0.3,0,1.0073345270321412,1.0073345270321412,0,0
2,2048,0.6,0.3,1,1.0,1.0,1,1
2,2048,0.6,0.3,2,1.0,1.0,1,1
2,2048,0.6,0.3,3,1.0,1.0,1,1
2,2048,0.6,0.7,0,0.9999999999999999,0.9999999999999999,1,1
2,2048,0.6,0.7,1,1.0,1.0,1,1
2,2048,0.6,0.7,2,1.0,1.0,1,1
2,2048,0.6,0.7,3,1.0,1.0,1,1
5,256,0.2,0.3,0,1.0000000000000002,1.0,1,1
5,256,0.2,0.3,1,1.0,1.0,1,1
5,256,0.2,0.3,2,0.9999999999999999,0.9999999999999999,1,1
5,256,0.2,0.3,3,1.0,1.0,1,1
5,256,0.2,0.7,0,0.9999999999999999,0.9999999999999999,1,1
5,256,0.2,0.7,1,0.9999999999999998,0.9999999999999998,1,1
5,256,0.2,0.7,2,0.9999999999999998,0.9999999999999998,1,1
5,256,0.2,0.7,3,1.0,1.0,1,1
5,256,0.4,0.3,0,0.9999999999999999,0.9999999999999999,1,1
5,256,0.4,0.3,1,0.9999999999999999,0.9999999999999999,1,1
5,256,0.4,0.3,2,0.9999999999999998,0.9999999999999998,1,1
5,256,0.4,0.3,3,1.0,1.0,1,1
5,256,0.4,0.7,0,1.0000000000000002,1.0,1,1
5,256,0.4,0.7,1,0.9999999999999997,0.9999999999999997,1,1
5,256,0.4,0.7,2,0.9999999999999999,0.9999999999999999,1,1
5,256,0.4,0.7,3,1.0,1.0,1,1
5,256,0.6,0.3,0,1.0,1.0,1,1
5,256,0.6,0.3,1,1.0000000000000002,1.0,1,1
5,256,0.6,0.3,2,0.9999999999999998,0.9999999999999998,1,1
5,256,0.6,0.3,3,0.9999999999999998,0.9999999999999998,1,1
5,256,0.6,0.7,0,0.9999999999999998,0.9999999999999998,1,1
5,256,0.6,0.7,1,1.0,1.0,1,1
5,256,0.6,0.7,2,1.0,1.0,1,1
5,256,0.6,0.7,3,0.9999999999999999,0.9999999999999999,1,1
5,512,0.2,0.3,0,1.0,1.0,1,1
5,512,0.2,0.3,1,1.0,1.0,1,1
5,512,0.2,0.3,2,1.0,1.0,1,1
5,512,0.2,0.3,3,0.9999999999999998,0.9999999999999998,1,1
5,512,0.2,0.7,0,1.0000000000000002,1.0,1,1
5,512,0.2,0.7,1,1.0,1.0,1,1
5,512,0.2,0.7,2,1.0,1.0,1,1
5,512,0.2,0.7,3,1.0,1.0,1,1
5,512,0.4,0.3,0,0.9999999999999996,0.9999999999999996,1,1
5,512,0.4,0.3,1,1.0,1.0,1,1
5,512,0.4,0.3,2,0.9999999999999996,0.9999999999999996,1,1
5,512,0.4,0.3,3,0.9999999999999998,0.9999999999999998,1,1
5,512,0.4,0.7,0,0.9999999999999996,0.9999999999999996,1,1
5,512,0.4,0.7,1,1.0000000000000002,1.0,1,1
5,512,0.4,0.7,2,1.0,1.0,1,1
5,512,0.4,0.7,3,1.0,1.0,1,1
5,512,0.6,0.3,0,1.0,1.0,1,1
5,512,0.6,0.3,1,0.9999999999999998,0.9999999999999998,1,1
5,512,0.6,0.3,2,1.0,1.0,1,1
5,512,0.6,0.3,3,1.0000000000000002,1.0,1,1
5,512,0.6,0.7,0,1.0,1.0,1,1
5,512,0.6,0.7,1,1.0,1.0,1,1
5,512,0.6,0.7,2,1.0,1.0,1,1
5,512,0.6,0.7,3,1.0000000000000002,1.0,1,1
5,1024,0.2,0.3,0,1.0,1.0,1,1
5,1024,0.2,0.3,1,1.0,1.0,1,1
5,1024,0.2,0.3,2,1.0006922915866692,1.0,0,1
5,1024,0.2,0.3,3,1.0,1.0,1,1
5,1024,0.2,0.7,0,1.0199069726444698,1.0,0,1
5,1024,0.2,0.7,1,1.0083523794595883,1.0,0,1
5,1024,0.2,0.7,2,1.0,1.0,1,1
5,1024,0.2,0.7,3,1.0000000000000002,1.0000000000000002,1,1
5,1024,0.4,0.3,0,1.0,1.0,1,1
5,1024,0.4,0.3,1,1.0013565130687252,1.0,0,1
5,1024,0.4,0.3,2,1.0,1.0,1,1
5,1024,0.4,0.3,3,1.0,1.0,1,1
5,1024,0.4,0.7,0,1.0022485715604241,1.0,0,1
5,1024,0.4,0.7,1,1.0,1.0,1,1
5,1024,0.4,0.7,2,0.9999999999999998,0.9999999999999998,1,1
5,1024,0.4,0.7,3,1.0000000000000002,1.0000000000000002,1,1
5,1024,0.6,0.3,0,1.0,1.0,1,1
5,1024,0.6,0.3,1,1.0157118505204388,1.0,0,1
5,1024,0.6,0.3,2,1.0,1.0,1,1
5,1024,0.6,0.3,3,1.0101356170009759,1.0,0,1
5,1024,0.6,0.7,0,1.0,1.0,1,1
5,1024,0.6,0.7,1,1.0171240045436036,1.0171240045436036,0,0
5,1024,0.6,0.7,2,1.0000000000000002,1.0,1,1
5,1024,0.6,0.7,3,1.0,1.0,1,1
5,2048,0.2,0.3,0,0.9999999999999999,0.9999999999999999,1,1
5,2048,0.2,0.3,1,1.0,1.0,1,1
5,2048,0.2,0.3,2,1.0069830591811795,1.0069830591811795,0,0
5,2048,0.2,0.3,3,1.0000000000000002,1.0,1,1
5,2048,0.2,0.7,0,0.9999999999999999,0.9999999999999999,1,1
5,2048,0.2,0.7,1,1.0,1.0,1,1
5,2048,0.2,0.7,2,0.9999999999999997,0.9999999999999997,1,1
5,2048,0.2,0.7,3,1.0000000000000002,1.0,1,1
5,2048,0.4,0.3,0,1.0,1.0,1,1
5,2048,0.4,0.3,1,1.0148439895865045,1.0148439895865045,0,0
5,2048,0.4,0.3,2,1.0,1.0,1,1
5,2048,0.4,0.3,3,1.0,1.0,1,1
5,2048,0.4,0.7,0,1.0,1.0,1,1
5,2048,0.4,0.7,1,1.005254473149978,1.005254473149978,0,0
5,2048,0.4,0.7,2,1.0055787019341875,1.0055787019341875,0,0
5,2048,0.4,0.7,3,1.0,1.0,1,1
5,2048,0.6,0.3,0,1.0,1.0,1,1
5,2048,0.6,0.3,1,1.0,1.0,1,1
5,2048,0.6,0.3,2,0.9999999999999999,0.9999999999999999,1,1
5,2048,0.6,0.3,3,1.003197214574353,1.003197214574353,0,0
5,2048,0.6,0.7,0,1.0,1.0,1,1
5,2048,0.6,0.7,1,1.0,1.0,1,1
5,2048,0.6,0.7,2,1.0,1.0,1,1
5,2048,0.6,0.7,3,1.0000000000000002,1.0,1,1
10,256,0.2,0.3,0,1.0,1.0,1,1
10,256,0.2,0.3,1,1.0000000000000002,1.0,1,1
10,256,0.2,0.3,2,1.0000000000000002,1.0,1,1
10,256,0.2,0.3,3,0.9999999999999999,0.9999999999999999,1,1
10,256,0.2,0.7,0,0.9999999999999999,0.9999999999999999,1,1
10,256,0.2,0.7,1,0.9999999999999999,0.9999999999999999,1,1
10,256,0.2,0.7,2,0.9999999999999999,0.9999999999999999,1,1
10,256,0.2,0.7,3,0.9999999999999999,0.9999999999999999,1,1
10,256,0.4,0.3,0,1.0,1.0,1,1
10,256,0.4,0.3,1,0.9999999999999999,0.9999999999999999,1,1
10,256,0.4,0.3,2,1.0000000000000002,1.0,1,1
10,256,0.4,0.3,3,1.0000000000000002,1.0,1,1
10,256,0.4,0.7,0,1.0000000000000002,1.0,1,1
10,256,0.4,0.7,1,0.9999999999999999,0.9999999999999999,1,1
10,256,0.4,0.7,2,1.0000000000000002,1.0,1,1
10,256,0.4,0.7,3,0.9999999999999999,0.9999999999999999,1,1
10,256,0.6,0.3,0,0.9999999999999999,0.9999999999999999,1,1
10,256,0.6,0.3,1,0.9999999999999998,0.9999999999999998,1,1
10,256,0.6,0.3,2,1.0000000000000002,1.0,1,1
10,256,0.6,0.3,3,0.9999999999999999,0.9999999999999999,1,1
10,256,0.6,0.7,0,1.0000000000000002,1.0,1,1
10,256,0.6,0.7,1,1.0000000000000002,1.0,1,1
10,256,0.6,0.7,2,1.0,1.0,1,1
10,256,0.6,0.7,3,0.9999999999999999,0.9999999999999999,1,1
10,512,0.2,0.3,0,1.0000000000000002,1.0,1,1
10,512,0.2,0.3,1,0.9999999999999999,0.9999999999999999,1,1
10,512,0.2,0.3,2,1.0000000000000002,1.0,1,1
10,512,0.2,0.3,3,1.0000000000000004,1.0,1,1
10,512,0.2,0.7,0,1.0000000000000004,1.0,1,1
10,512,0.2,0.7,1,0.9999999999999999,0.9999999999999999,1,1
10,512,0.2,0.7,2,0.9999999999999997,0.9999999999999997,1,1
10,512,0.2,0.7,3,1.0000000000000002,1.0,1,1
10,512,0.4,0.3,0,1.0000000000000002,1.0,1,1
10,512,0.4,0.3,1,0.9999999999999999,0.9999999999999999,1,1
10,512,0.4,0.3,2,1.0000000000000004,1.0,1,1
10,512,0.4,0.3,3,1.0,1.0,1,1
10,512,0.4,0.7,0,1.0000000000000002,1.0,1,1
10,512,0.4,0.7,1,0.9999999999999999,0.9999999999999999,1,1
10,512,0.4,0.7,2,1.0,1.0,1,1
10,512,0.4,0.7,3,0.9999999999999998,0.9999999999999998,1,1
10,512,0.6,0.3,0,1.0000000000000002,1.0,1,1
10,512,0.6,0.3,1,1.0,1.0,1,1
10,512,0.6,0.3,2,1.0000000000000002,1.0,1,1
10,512,0.6,0.3,3,1.0000000000000002,1.0,1,1
10,512,0.6,0.7,0,1.0000000000000004,1.0,1,1
10,512,0.6,0.7,1,1.0,1.0,1,1
10,512,0.6,0.7,2,1.0000000000000002,1.0,1,1
10,512,0.6,0.7,3,1.0000000000000002,1.0,1,1
10,1024,0.2,0.3,0,1.0,1.0,1,1
10,1024,0.2,0.3,1,0.9999999999999998,0.9999999999999998,1,1
10,1024,0.2,0.3,2,1.0000000000000002,1.0,1,1
10,1024,0.2,0.3,3,0.9999999999999998,0.9999999999999998,1,1
10,1024,0.2,0.7,0,1.0000000000000002,1.0,1,1
10,1024,0.2,0.7,1,1.0,1.0,1,1
10,1024,0.2,0.7,2,1.0000000000000002,1.0,1,1
10,1024,0.2,0.7,3,1.0,1.0,1,1
10,1024,0.4,0.3,0,1.0,1.0,1,1
10,1024,0.4,0.3,1,1.0,1.0,1,1
10,1024,0.4,0.3,2,0.9999999999999998,0.9999999999999998,1,1
10,1024,0.4,0.3,3,1.0000000000000002,1.0,1,1
10,1024,0.4,0.7,0,1.0,1.0,1,1
10,1024,0.4,0.7,1,1.0000000000000002,1.0,1,1
10,1024,0.4,0.7,2,0.9999999999999998,0.9999999999999998,1,1
10,1024,0.4,0.7,3,0.9999999999999998,0.9999999999999998,1,1
10,1024,0.6,0.3,0,1.0,1.0,1,1
10,1024,0.6,0.3,1,0.9999999999999998,0.9999999999999998,1,1
10,1024,0.6,0.3,2,1.0,1.0,1,1
10,1024,0.6,0.3,3,1.0000000000000002,1.0,1,1
10,1024,0.6,0.7,0,1.0,1.0,1,1
10,1024,0.6,0.7,1,0.9999999999999998,0.9999999999999998,1,1
10,1024,0.6,0.7,2,1.0,1.0,1,1
10,1024,0.6,0.7,3,1.0000000000000002,1.0,1,1
10,2048,0.2,0.3,0,1.0,1.0,1,1
10,2048,0.2,0.3,1,1.0000000000000002,1.0,1,1
10,2048,0.2,0.3,2,1.0,1.0,1,1
10,2048,0.2,0.3,3,1.0000000000000002,1.0,1,1
10,2048,0.2,0.7,0,1.0,1.0,1,1
10,2048,0.2,0.7,1,1.0,1.0,1,1
10,2048,0.2,0.7,2,0.9999999999999998,0.9999999999999998,1,1
10,2048,0.2,0.7,3,1.001500555048898,1.001500555048898,0,0
10,2048,0.4,0.3,0,1.0000000000000002,1.0,1,1
10,2048,0.4,0.3,1,1.0,1.0,1,1
10,2048,0.4,0.3,2,1.0,1.0,1,1
10,2048,0.4,0.3,3,1.0,1.0,1,1
10,2048,0.4,0.7,0,1.0,1.0,1,1
10,2048,0.4,0.7,1,1.0000000000000002,1.0,1,1
10,2048,0.4,0.7,2,1.0,1.0,1,1
10,2048,0.4,0.7,3,1.0000000000000002,1.0000000000000002,1,1
10,2048,0.6,0.3,0,1.0128229049748818,1.0,0,1
10,2048,0.6,0.3,1,0.9999999999999999,0.9999999999999999,1,1
10,2048,0.6,0.3,2,0.9999999999999999,0.9999999999999999,1,1
10,2048,0.6,0.3,3,0.9999999999999998,0.9999999999999998,1,1
10,2048,0.6,0.7,0,0.9999999999999998,0.9999999999999998,1,1
10,2048,0.6,0.7,1,1.0032974969403654,1.0,0,1
10,2048,0.6,0.7,2,1.0,1.0,1,1
10,2048,0.6,0.7,3,1.0,1.0,1,1
