factor,value,cases,exact_rate_pct,mean_gap_pct,worst_gap_pct
ratio,2.0,96,96.875,0.048975919663852424,3.6178106929577236
ratio,5.0,96,93.75,0.0551890030935441,1.7124004543603633
ratio,10.0,96,98.95833333333334,0.0015630781759324215,0.15005550488980113
state_bytes,256.0,72,100.0,-4.009138700035288e-15,2.220446049250313e-14
state_bytes,512.0,72,100.0,-4.625929269271485e-15,0.0
state_bytes,1024.0,72,97.22222222222221,0.07403071037941356,3.6178106929577236
state_bytes,2048.0,72,88.88888888888889,0.06693995753170034,1.4843989586504458
window_fraction,0.2,96,96.875,0.046522626207971124,3.6178106929577236
window_fraction,0.4,96,95.83333333333334,0.0303973058190093,1.4843989586504458
window_fraction,0.6,96,96.875,0.028808068906348527,1.7124004543603633
psi,0.3,144,97.22222222222221,0.022471382204286572,1.4843989586504458
psi,0.7,144,95.83333333333334,0.04801395175126606,3.6178106929577236
