query_update_ratio,state_bytes,mean_gain_pct,ci95_low,ci95_high,win_rate_pct,wilcoxon_p,holm_p_36,significant
1,256,0.20326379611711948,0.0,0.5421509423515144,30.0,0.125,1.0,False
1,512,0.008644957844095035,0.0,0.025934873532281986,10.0,0.25,1.0,False
1,1024,0.02563313271845987,0.0,0.07217225989084258,20.0,0.125,1.0,False
1,2048,0.007814161223641295,0.0,0.02344248367091991,10.0,0.25,1.0,False
1,4096,0.0,0.0,0.0,0.0,1.0,1.0,False
1,8192,0.0,0.0,0.0,0.0,1.0,1.0,False
2,256,0.979619596947084,0.29930600843542604,1.7243378372975524,60.0,0.0078125,0.2265625,False
2,512,0.612545755605804,0.24595181802403643,0.9860632603813392,60.0,0.0078125,0.2265625,False
2,1024,0.18791429663144493,0.004408557544870764,0.45574888591993,40.0,0.0625,1.0,False
2,2048,0.04713272572544017,0.014387591710989458,0.09622006698560137,30.0,0.03125,0.6875,False
2,4096,2.0814269097359144e-15,0.0,6.2442807292077435e-15,0.0,1.0,1.0,False
2,8192,0.0,0.0,0.0,0.0,1.0,1.0,False
5,256,1.8019482551410768,0.9922529117053587,2.6325329149739005,80.0,0.00390625,0.125,False
5,512,2.578492867603933,1.277252097515225,4.209875286979209,90.0,0.001953125,0.068359375,False
5,1024,0.4744790429864543,0.08262665585496423,1.0184734753348326,50.0,0.015625,0.40625,False
5,2048,0.0789836029586137,0.0024611815955200345,0.21773144442576986,30.0,0.015625,0.40625,False
5,4096,0.07882902368449515,6.677730852976887e-15,0.1639123867660608,30.0,0.0625,1.0,False
5,8192,0.01281950271195465,0.0,0.030209038526206176,20.0,0.25,1.0,False
10,256,1.7873662241241206e-15,0.0,5.362098672372362e-15,0.0,1.0,1.0,False
10,512,0.9878000058823282,0.5258167276976176,1.5696725499026423,90.0,0.001953125,0.068359375,False
10,1024,6.114251646615889,3.8042915707627647,8.287794355838649,90.0,0.001953125,0.068359375,False
10,2048,0.5948059866157858,0.2761062998468728,0.9476600022640078,70.0,0.0078125,0.2265625,False
10,4096,0.328273602151723,0.07897836653383326,0.5945381134325395,50.0,0.00390625,0.125,False
10,8192,0.0020465436538467207,2.1510665909549665e-15,0.006139630961527155,10.0,0.0625,1.0,False
20,256,7.536883734106349e-15,1.8737432190087286e-15,1.3200024249203967e-14,0.0,1.0,1.0,False
20,512,5.42879816216668e-15,0.0,1.4473450458821585e-14,0.0,1.0,1.0,False
20,1024,0.55750734014163,0.051765741538992924,1.0905531609315484,40.0,0.0625,1.0,False
20,2048,5.824654713507781,3.371821102057028,8.062128400041045,100.0,0.0009765625,0.03515625,True
20,4096,0.19138015629401792,0.045288626607756746,0.36860984241537637,50.0,0.015625,0.40625,False
20,8192,0.24918258908559027,0.015467455505667416,0.6662722051879375,40.0,0.0625,1.0,False
40,256,1.9336061088107884e-15,0.0,5.800818326432365e-15,0.0,1.0,1.0,False
40,512,3.756745173393081e-15,0.0,9.354699971210321e-15,0.0,1.0,1.0,False
40,1024,3.617077922854815e-15,0.0,1.0851233768564443e-14,0.0,1.0,1.0,False
40,2048,0.3785654204606969,0.03912764303345541,0.8276304855580005,40.0,0.015625,0.40625,False
40,4096,4.913356079852182,2.5705182905227164,7.245649139730461,80.0,0.00390625,0.125,False
40,8192,0.07921133303965479,0.0,0.23763399911896435,10.0,0.5,1.0,False
