psi,window_fraction,mean_gain_pct,ci95_low,ci95_high,win_rate_pct,wilcoxon_p,holm_p_36,significant
0.0,0.1,6.200526244191487e-15,0.0,1.4511716211866165e-14,0.0,1.0,1.0,False
0.0,0.2,5.8574035713196036e-15,1.9016688257332425e-15,1.1724637946077059e-14,0.0,1.0,1.0,False
0.0,0.35,1.779589142861693e-15,0.0,5.3387674285850796e-15,0.0,1.0,1.0,False
0.0,0.5,1.0607788221313468,0.5924240706352,1.497404895105321,70.0,0.001953125,0.044921875,True
0.0,0.65,4.7904419875518,3.963652682305553,5.683110647519005,100.0,0.0009765625,0.03515625,True
0.0,0.8,7.2856528000604825,6.522608703610323,8.200946506246519,100.0,0.0009765625,0.03515625,True
0.2,0.1,1.0180633812365718e-14,2.0504614534125617e-15,1.8385789910491618e-14,0.0,1.0,1.0,False
0.2,0.2,7.614268597670732e-15,1.9378586803364158e-15,1.3428261492884677e-14,0.0,1.0,1.0,False
0.2,0.35,0.06077327780414521,1.2336077692980576e-14,0.1438382680022447,30.0,0.015625,0.296875,False
0.2,0.5,0.9902759606380144,0.24116594968221783,1.8895781992669634,60.0,0.00390625,0.0859375,False
0.2,0.65,4.690997244560859,4.034648169686383,5.324104811393143,100.0,0.0009765625,0.03515625,True
0.2,0.8,6.937154078581399,6.232614611585888,7.609036332680819,100.0,0.0009765625,0.03515625,True
0.4,0.1,5.958205637435e-15,0.0,1.4011143868177626e-14,0.0,1.0,1.0,False
0.4,0.2,5.7136251657449085e-15,0.0,1.1456054477425494e-14,0.0,1.0,1.0,False
0.4,0.35,0.0953422807552238,0.0,0.2421824967800547,20.0,0.25,1.0,False
0.4,0.5,1.5694010793544073,0.8265429642625896,2.439763892883838,100.0,0.0009765625,0.03515625,True
0.4,0.65,4.201901905647086,3.6467189984364667,4.798606131920715,100.0,0.0009765625,0.03515625,True
0.4,0.8,6.90437364822579,5.921105686637785,8.019664485561611,100.0,0.0009765625,0.03515625,True
0.6,0.1,5.92539918847224e-15,0.0,1.1855276301675056e-14,0.0,1.0,1.0,False
0.6,0.2,3.635099508350785e-15,0.0,9.057611674438878e-15,0.0,1.0,1.0,False
0.6,0.35,0.06478780080824453,0.0,0.19436340242473013,10.0,0.25,1.0,False
0.6,0.5,0.7493597414882217,0.286308548698808,1.271490310314507,60.0,0.015625,0.296875,False
0.6,0.65,4.922353704968581,4.351562773263112,5.457902609644474,100.0,0.0009765625,0.03515625,True
0.6,0.8,7.374354793435531,6.872188142460689,7.917511763564427,100.0,0.0009765625,0.03515625,True
0.8,0.1,7.705090819448005e-15,0.0,1.7199962835224683e-14,0.0,1.0,1.0,False
0.8,0.2,3.665526151382728e-15,0.0,9.158756615809898e-15,0.0,1.0,1.0,False
0.8,0.35,0.1643363653004665,0.0,0.49300909590139597,10.0,0.25,1.0,False
0.8,0.5,1.1434348051110348,0.5097713863729948,1.7994922182826807,70.0,0.0078125,0.15625,False
0.8,0.65,5.243793886598205,4.578627439159772,5.9458626478310554,100.0,0.0009765625,0.03515625,True
0.8,0.8,7.5246745999832685,7.125303754266596,7.846345222680905,100.0,0.0009765625,0.03515625,True
1.0,0.1,5.678854632057567e-15,1.885754158653172e-15,1.1377779904551683e-14,0.0,1.0,1.0,False
1.0,0.2,5.295626685587875e-15,0.0,1.0615013583985865e-14,0.0,1.0,1.0,False
1.0,0.35,0.09449204595107738,3.4285748390564308e-15,0.2431250486710513,30.0,0.0625,1.0,False
1.0,0.5,1.1559677695857737,0.520153790124128,1.8251846683518944,70.0,0.00390625,0.0859375,False
1.0,0.65,5.154236025964439,4.555168744227071,5.827767032379094,100.0,0.0009765625,0.03515625,True
1.0,0.8,7.761377223615957,7.397701660340836,8.130817010022842,100.0,0.0009765625,0.03515625,True
