workload,rep,heldout_R2,heldout_Spearman,heldout_Kendall,selected_design_regret,raw_ordering_Spearman,raw_ordering_Kendall,affine_scale,affine_intercept
0,0,0.9321358280269653,0.9621467864528577,0.845869711922789,1.0,0.9584023442722074,0.8429304683810798,1.1600958769518857,-0.5584748903347707
0,1,0.9267194746174751,0.9587499067790374,0.8425512048961977,1.0874079187980659,0.9584023442722074,0.8429304683810798,1.1081494380499113,-0.47123952672074454
0,2,0.9331385834348696,0.9553216214362693,0.8363358015817682,1.014855820188456,0.9584023442722074,0.8429304683810798,1.2272911406627984,-0.6447267802068362
0,3,0.9299474821807131,0.9555264561718111,0.8362003164170806,1.014855820188456,0.9584023442722074,0.8429304683810798,1.12202526660807,-0.513938654949065
0,4,0.8986836539563285,0.9656223317380578,0.859640915748708,1.014855820188456,0.9584023442722074,0.8429304683810798,0.9166208611486433,-0.1665531831072531
0,5,0.9416257362757084,0.9583469754531342,0.8446681677225699,1.014855820188456,0.9584023442722074,0.8429304683810798,1.154967682699493,-0.5559990516443489
0,6,0.9300074261526049,0.9522418504676962,0.8346998440573481,1.0874079187980659,0.9584023442722074,0.8429304683810798,1.143553092254125,-0.5235388963402214
0,7,0.9315661596236593,0.9448886315451656,0.8230627106167514,1.0,0.9584023442722074,0.8429304683810798,1.1945910865956109,-0.6190004740722461
0,8,0.8941199562793325,0.9619956757882837,0.8522256521501362,1.014855820188456,0.9584023442722074,0.8429304683810798,0.9354747395415808,-0.23039876810599114
0,9,0.9152131797231753,0.9671334383837968,0.8638782092336061,1.014855820188456,0.9584023442722074,0.8429304683810798,1.2724230240612322,-0.709557378994151
0,10,0.9270025044465661,0.960677906423339,0.8473948987198173,1.014855820188456,0.9584023442722074,0.8429304683810798,1.238874932789914,-0.7025730826351149
0,11,0.9242293987841124,0.9553753569245973,0.8362003164170806,1.0,0.9584023442722074,0.8429304683810798,1.1826914540223903,-0.6228493260803738
0,12,0.9147423686796023,0.9591669710282985,0.8473948987198173,1.014855820188456,0.9584023442722074,0.8429304683810798,1.261522873220346,-0.6975732555549055
0,13,0.8896889582012332,0.9610667619029813,0.851019056201687,1.014855820188456,0.9584023442722074,0.8429304683810798,1.286219826543193,-0.7170244123632084
0,14,0.9399031387456668,0.9553249905088593,0.8362003164170806,1.014855820188456,0.9584023442722074,0.8429304683810798,1.1663749743891103,-0.5889763013419482
0,15,0.8712258618774434,0.9630814185324977,0.8552529818544318,1.0874079187980659,0.9584023442722074,0.8429304683810798,1.335100173515126,-0.7952770976904486
0,16,0.9227325066157314,0.9526052040590121,0.8330248721775221,1.014855820188456,0.9584023442722074,0.8429304683810798,1.0339928385561228,-0.3825245353872133
0,17,0.9333958964557691,0.9514431143788723,0.8299798613544211,1.0,0.9584023442722074,0.8429304683810798,1.1942564579267423,-0.6362199415667733
0,18,0.9233510314852238,0.9604845691425448,0.8448103885515647,1.014855820188456,0.9584023442722074,0.8429304683810798,1.2742022848787613,-0.7318759268276465
0,19,0.9284228753683675,0.9540658301154116,0.8340833535907083,1.014855820188456,0.9584023442722074,0.8429304683810798,1.2799242373934057,-0.7610360102503513
0,20,0.8676932851015118,0.9541882914519652,0.8373951249529928,1.014855820188456,0.9584023442722074,0.8429304683810798,1.4282234891223458,-0.9598813157622714
0,21,0.9222532643899995,0.9669596325443173,0.8637208331599213,1.014855820188456,0.9584023442722074,0.8429304683810798,1.207429067714199,-0.6037655613720083
0,22,0.9318729345520346,0.9559008789838027,0.8352764782105437,1.014855820188456,0.9584023442722074,0.8429304683810798,1.1671431601989866,-0.5934137281777188
0,23,0.9295587802886908,0.9513460436655642,0.8309079093511497,1.014855820188456,0.9584023442722074,0.8429304683810798,1.2278654676378382,-0.6962028813591195
0,24,0.9258902578286482,0.9569334685250578,0.839513771695442,1.014855820188456,0.9584023442722074,0.8429304683810798,1.303027560672799,-0.7998702708477139
0,25,0.9387578404427213,0.9598972564692346,0.8473948987198173,1.014855820188456,0.9584023442722074,0.8429304683810798,1.1605100515120002,-0.5518443650815152
0,26,0.8080899547691147,0.9634564122124983,0.8532849755213608,1.014855820188456,0.9584023442722074,0.8429304683810798,1.5124631910807096,-1.0833755360192954
0,27,0.93473446414656,0.9516986085757296,0.8287909465247774,1.014855820188456,0.9584023442722074,0.8429304683810798,1.1433796196976964,-0.5477334394486886
0,28,0.9246420401558727,0.953558663682907,0.8373951249529928,1.014855820188456,0.9584023442722074,0.8429304683810798,1.0429703315588452,-0.38749541595109194
0,29,0.9305977929465256,0.9732786054098027,0.8702341494609535,1.014855820188456,0.9584023442722074,0.8429304683810798,1.0660516049599296,-0.40782324356852073
0,30,0.9252579255403295,0.960123896778491,0.8421052926104552,1.014855820188456,0.9584023442722074,0.8429304683810798,1.269712901345115,-0.7236052933034567
0,31,0.9266566591244466,0.9519504406544192,0.8340833535907083,1.014855820188456,0.9584023442722074,0.8429304683810798,1.2756908313573505,-0.7512044495638135
0,32,0.9289733230352828,0.956480136531336,0.8426917418091155,1.014855820188456,0.9584023442722074,0.8429304683810798,1.1606280161963338,-0.5903800669933619
0,33,0.9381303436452878,0.9618726245547881,0.8531360190280595,1.014855820188456,0.9584023442722074,0.8429304683810798,1.0901024894469686,-0.4500525592013791
0,34,0.9140501216717216,0.9583186496169853,0.8416324184378909,1.0874079187980659,0.9584023442722074,0.8429304683810798,1.313236933651704,-0.7933305107029036
0,35,0.9299235376529011,0.9541631063412028,0.8373951249529928,1.014855820188456,0.9584023442722074,0.8429304683810798,1.1132926133896894,-0.5051321043203663
0,36,0.9128359793036259,0.9484247915527652,0.8234985394588465,1.014855820188456,0.9584023442722074,0.8429304683810798,1.2023306606714057,-0.6605937768641981
0,37,0.9350867637713054,0.9588223518322316,0.839513771695442,1.014855820188456,0.9584023442722074,0.8429304683810798,1.1374481215372843,-0.5421868313286604
0,38,0.8938292379795533,0.9566367001586462,0.8360655737704918,1.014855820188456,0.9584023442722074,0.8429304683810798,1.3625210544597837,-0.8767477245504285
0,39,0.9341169230156173,0.9454930057031818,0.8251785530604961,1.0,0.9584023442722074,0.8429304683810798,1.1420277045466836,-0.5406979822323914
0,40,0.9271217848322777,0.9502272699409756,0.8315260803917308,1.014855820188456,0.9584023442722074,0.8429304683810798,1.1235170133610468,-0.49508709277969687
0,41,0.9297370427468841,0.956480136531336,0.8384544483242174,1.0874079187980659,0.9584023442722074,0.8429304683810798,1.1118671744442483,-0.5010214107373034
0,42,0.9272003152744172,0.9613156777977012,0.8522256521501362,1.014855820188456,0.9584023442722074,0.8429304683810798,1.0697123083581201,-0.4161475553667304
0,43,0.9272982485168749,0.9523497783663157,0.8320985080968701,1.014855820188456,0.9584023442722074,0.8429304683810798,1.1448473280378557,-0.5362287880790861
0,44,0.9313211300163442,0.9481186797582463,0.8310391847256456,1.0874079187980659,0.9584023442722074,0.8429304683810798,1.2842487872961974,-0.780242828012911
0,45,0.9344746190432038,0.9644134464214665,0.8575222690062589,1.014855820188456,0.9584023442722074,0.8429304683810798,1.0889822138594527,-0.4480829336739427
0,46,0.9056368153740983,0.970004541010701,0.8670561793472797,1.014855820188456,0.9584023442722074,0.8429304683810798,0.9475173965526361,-0.23152759753670815
0,47,0.9327623901694213,0.9467123334176762,0.8330248721775221,1.014855820188456,0.9584023442722074,0.8429304683810798,1.3099046855658765,-0.8094591661695174
0,48,0.9333198314577619,0.956735250149521,0.838317279243453,1.014855820188456,0.9584023442722074,0.8429304683810798,1.1892383878803248,-0.6070917830757316
0,49,0.9238425698401882,0.9566060620851475,0.839513771695442,1.0874079187980659,0.9584023442722074,0.8429304683810798,1.1077087619123056,-0.4676679487250057
0,50,0.9262190412675455,0.9597542009304375,0.845869711922789,1.0874079187980659,0.9584023442722074,0.8429304683810798,1.1771694420426297,-0.6119732239498727
0,51,0.9152301908713082,0.9550445852178838,0.8384544483242174,1.0,0.9584023442722074,0.8429304683810798,1.0734333326260501,-0.40322984160647457
0,52,0.9157357408630886,0.9583186496169853,0.8416324184378909,1.014855820188456,0.9584023442722074,0.8429304683810798,1.2374853392561116,-0.6582211651122303
0,53,0.9234271040775628,0.9599083343410095,0.8499605747885008,1.014855820188456,0.9584023442722074,0.8429304683810798,1.3020292213281763,-0.8117065749229178
0,54,0.9220140268676514,0.9590993880506171,0.8426917418091155,1.014855820188456,0.9584023442722074,0.8429304683810798,1.1051644288260096,-0.5062577230462508
0,55,0.9268609253134868,0.9674129302859585,0.8605453889203626,1.014855820188456,0.9584023442722074,0.8429304683810798,1.0862646308058637,-0.4709796301970135
0,56,0.8647493519772119,0.9641112250923185,0.8543442988925855,1.014855820188456,0.9584023442722074,0.8429304683810798,1.458918020923294,-1.0228391808201445
0,57,0.9313935611449853,0.9562534705344751,0.8363358015817682,1.014855820188456,0.9584023442722074,0.8429304683810798,1.1424973388200665,-0.5536916371915939
0,58,0.9319373375885447,0.9439568880515573,0.8167151832855168,1.014855820188456,0.9584023442722074,0.8429304683810798,1.126160115582601,-0.5232375593092427
0,59,0.9319050263321853,0.947060905106229,0.8268018912407475,1.014855820188456,0.9584023442722074,0.8429304683810798,1.1838907607272735,-0.6287945734698561
0,60,0.9333467966273997,0.9462086692602971,0.8234985394588465,1.0536748727230196,0.9584023442722074,0.8429304683810798,1.2155185910769832,-0.6455093316451412
0,61,0.9311912926787018,0.9616600144301154,0.8495107411635621,1.014855820188456,0.9584023442722074,0.8429304683810798,1.2214657269904745,-0.6473963686118764
0,62,0.9240393755203442,0.9548431043317853,0.8426917418091155,1.014855820188456,0.9584023442722074,0.8429304683810798,1.1108981055168061,-0.507740411368667
0,63,0.9017483846480657,0.9679897321497156,0.8607002391199324,1.0,0.9584023442722074,0.8429304683810798,1.0175097305104563,-0.3735266410555702
0,64,0.9377545984528161,0.9592756838259535,0.8469290352940136,1.014855820188456,0.9584023442722074,0.8429304683810798,1.0886614870854912,-0.44559097833325656
0,65,0.9311752353471765,0.9583469754531342,0.8446681677225699,1.0874079187980659,0.9584023442722074,0.8429304683810798,1.1173904025237757,-0.516300310578393
0,66,0.9412608152737855,0.9547097116129291,0.8346998440573481,1.014855820188456,0.9584023442722074,0.8429304683810798,1.1908742118120204,-0.6090374506530172
0,67,0.8651856739489012,0.9552964363255071,0.839513771695442,1.0874079187980659,0.9584023442722074,0.8429304683810798,1.4162391063592725,-0.9347169084629297
0,68,0.9302087193769779,0.9614696932288846,0.8573699446808042,1.014855820188456,0.9584023442722074,0.8429304683810798,1.1900556214759452,-0.5912237727640157
0,69,0.9338947827692776,0.9545694942727906,0.8393757606566392,1.0874079187980659,0.9584023442722074,0.8429304683810798,1.145559636966048,-0.5614098445241964
0,70,0.9170531120418259,0.9614164182407505,0.8501070054076874,1.0,0.9584023442722074,0.8429304683810798,1.0139302749740893,-0.3219115839826763
0,71,0.9134764830311687,0.9644890017537535,0.8532849755213608,1.0874079187980659,0.9584023442722074,0.8429304683810798,1.1083948803071004,-0.5175014950995129
0,72,0.8725867677081903,0.9577142069586897,0.845869711922789,1.014855820188456,0.9584023442722074,0.8429304683810798,0.8737816265487055,-0.1295875072511603
0,73,0.9176557259627859,0.9497488070658793,0.8325840016136032,1.014855820188456,0.9584023442722074,0.8429304683810798,1.095135594818557,-0.43829430444497985
0,74,0.9258447663505849,0.9568502034225698,0.8399894501667102,1.014855820188456,0.9584023442722074,0.8429304683810798,1.229708065672589,-0.6891626719602331
0,75,0.848014646758107,0.9657734424026315,0.8585815923774835,1.014855820188456,0.9584023442722074,0.8429304683810798,0.8840681592259747,-0.17224732305564583
0,76,0.9275261915780736,0.9580164282878376,0.8416324184378909,1.014855820188456,0.9584023442722074,0.8429304683810798,1.052974733264764,-0.38829031333828334
0,77,0.9275211995089065,0.9571349494111564,0.8426917418091155,1.0,0.9584023442722074,0.8429304683810798,1.1097114112117719,-0.5062537593838778
0,78,0.9313951033887409,0.9558790210819765,0.8414927234830115,1.014855820188456,0.9584023442722074,0.8429304683810798,1.2431637820651829,-0.7068901352574177
0,79,0.9230686655885114,0.9594550365993683,0.8489020933753147,1.014855820188456,0.9584023442722074,0.8429304683810798,1.2217873376603792,-0.6318045873110933
0,80,0.9196791128907161,0.957109764300394,0.8426917418091155,1.014855820188456,0.9584023442722074,0.8429304683810798,1.0144685960281663,-0.3464514741828699
0,81,0.9059432407387297,0.9483744251370275,0.8234985394588465,1.014855820188456,0.9584023442722074,0.8429304683810798,1.2239663966777692,-0.7027056090532258
0,82,0.908697323428554,0.9449705409129566,0.8257425678695229,1.014855820188456,0.9584023442722074,0.8429304683810798,1.1762143259065934,-0.6321968406802898
0,83,0.9306100577356544,0.9441394322578,0.8183273042709512,1.0536748727230196,0.9584023442722074,0.8429304683810798,1.1732282232018676,-0.5986047977731879
0,84,0.9321152236685994,0.953231257242997,0.8342171548393194,1.0,0.9584023442722074,0.8429304683810798,1.0753814818499257,-0.44093429303225107
0,85,0.9367507437479873,0.9531592346321291,0.8351418350038944,1.0874079187980659,0.9584023442722074,0.8429304683810798,1.1193895705747388,-0.5184702731345361
0,86,0.9217333198869141,0.9510942115868746,0.8287909465247774,1.0,0.9584023442722074,0.8429304683810798,1.1715419155121138,-0.5934308548938831
0,87,0.9202458122002218,0.9592173355414664,0.8431632138323276,1.014855820188456,0.9584023442722074,0.8429304683810798,1.3004157389285118,-0.7812601986915961
0,88,0.8839223027786872,0.9600594335882231,0.8467851305489423,1.014855820188456,0.9584023442722074,0.8429304683810798,1.3967341479976088,-0.9498427463899948
0,89,0.9347161956293627,0.9515475093285158,0.8340833535907083,1.0874079187980659,0.9584023442722074,0.8429304683810798,1.1493203921441193,-0.5408707579145766
0,90,0.932876579291353,0.9581958762059204,0.8436096863093839,1.0,0.9584023442722074,0.8429304683810798,1.1717152706846619,-0.578001802848062
0,91,0.9262052506209709,0.9550227920144319,0.8393757606566392,1.014855820188456,0.9584023442722074,0.8429304683810798,1.136897430600773,-0.5083864335122845
0,92,0.9350251655215628,0.9644413117574216,0.8594869075071766,1.014855820188456,0.9584023442722074,0.8429304683810798,1.0840910869998164,-0.45229019998371767
0,93,0.9221560465445033,0.9529542210246115,0.8342171548393194,1.0,0.9584023442722074,0.8429304683810798,1.0961473603100025,-0.4891963182769541
0,94,0.8638014996861036,0.9553971767685563,0.8416324184378909,1.014855820188456,0.9584023442722074,0.8429304683810798,0.8843022779343842,-0.16237926482469156
0,95,0.9306853858895611,0.9580667985093622,0.8479883586652381,1.014855820188456,0.9584023442722074,0.8429304683810798,1.3024198097434854,-0.7886831271724044
0,96,0.9290299468907173,0.9646427774203731,0.862662351746735,1.014855820188456,0.9584023442722074,0.8429304683810798,1.192939796545936,-0.5895242585252403
0,97,0.9304347437929337,0.9628939450027316,0.8505686623854345,1.0,0.9584023442722074,0.8429304683810798,1.0581602854768914,-0.401794592943034
0,98,0.9170703214901721,0.9522022727331089,0.838317279243453,1.014855820188456,0.9584023442722074,0.8429304683810798,1.0465601026733764,-0.3662113581757307
0,99,0.9230810851243536,0.9622755558806912,0.8499605747885008,1.0874079187980659,0.9584023442722074,0.8429304683810798,1.1407175644206249,-0.5607370389063746
1,0,0.9293713817393772,0.9494346654579336,0.8096245372818615,1.1614293073572801,0.9607048684802882,0.8317683881064162,1.1193934463393307,-0.5025610582109301
1,1,0.9252913093654329,0.9572914305859839,0.8254891591750397,1.1614293073572801,0.9607048684802882,0.8317683881064162,1.1315333835818069,-0.5104069663279631
1,2,0.9165244121070437,0.9553776031829972,0.826546800634585,1.1614293073572801,0.9607048684802882,0.8317683881064162,0.9796306542691259,-0.2805671673154937
1,3,0.9136916968475831,0.9533126841429327,0.8212585933368589,1.106736614536331,0.9607048684802882,0.8317683881064162,1.1483843352883014,-0.5361067409613995
1,4,0.8845333506020391,0.9558308780942308,0.8202009518773137,1.1614293073572801,0.9607048684802882,0.8317683881064162,1.254890221580624,-0.6820271822792647
1,5,0.9173040413675141,0.9614212686661125,0.8339502908514014,1.1614293073572801,0.9607048684802882,0.8317683881064162,1.0543872525068556,-0.40948862280127685
1,6,0.9192730953614588,0.9569388834328021,0.8223162347964041,1.1614293073572801,0.9607048684802882,0.8317683881064162,1.0194823869828253,-0.3408514573698138
1,7,0.926601350528919,0.9578454332552694,0.826546800634585,1.1614293073572801,0.9607048684802882,0.8317683881064162,1.1334020935872329,-0.5147292008439395
1,8,0.9031037713575891,0.9614212686661125,0.8328926493918563,1.106736614536331,0.9607048684802882,0.8317683881064162,1.2131871694412333,-0.6212910252209833
1,9,0.8521947804916965,0.9605147188436454,0.8297197250132206,1.1614293073572801,0.9607048684802882,0.8317683881064162,1.2903170472341856,-0.7291734933973391
1,10,0.9206037171156742,0.9612701770290348,0.8371232152300372,1.1614293073572801,0.9607048684802882,0.8317683881064162,1.1538686966261584,-0.5679188699739142
1,11,0.9134375673741371,0.9645941930447484,0.8402961396086728,1.1614293073572801,0.9607048684802882,0.8317683881064162,0.9985364810445708,-0.3032735053005169
1,12,0.9135474253260688,0.9603636272065675,0.8307773664727658,1.1614293073572801,0.9607048684802882,0.8317683881064162,1.1477675768255056,-0.5611358586280406
1,13,0.9205540447742911,0.9674649341492283,0.8455843469063988,1.0,0.9607048684802882,0.8317683881064162,1.0181400543768582,-0.3352223060691546
1,14,0.9242383461546105,0.9563345168844906,0.8254891591750397,1.1614293073572801,0.9607048684802882,0.8317683881064162,1.0449883764907857,-0.3884807498334648
1,15,0.9105767698221563,0.9616227241822166,0.8307773664727658,1.1614293073572801,0.9607048684802882,0.8317683881064162,1.0143469549820263,-0.3525908108449849
1,16,0.9092557730506893,0.9643927375286446,0.8381808566895824,1.0,0.9607048684802882,0.8317683881064162,0.9842490791082782,-0.25731070852124693
1,17,0.9227181941515233,0.9632847321900734,0.8360655737704918,1.0,0.9607048684802882,0.8317683881064162,1.0152425855735756,-0.3290317563410452
1,18,0.9197742502826322,0.9626803656417617,0.8392384981491274,1.1614293073572801,0.9607048684802882,0.8317683881064162,1.162951987981982,-0.5570145034700564
1,19,0.916472132595753,0.9633350960690992,0.8424114225277632,1.1614293073572801,0.9607048684802882,0.8317683881064162,1.1260857740958263,-0.5011717569939285
1,20,0.9313001570187665,0.960917629875853,0.8381808566895824,1.1614293073572801,0.9607048684802882,0.8317683881064162,1.1758650078496047,-0.5652457510149447
1,21,0.8885322263851004,0.9589030747148146,0.8254891591750397,1.1614293073572801,0.9607048684802882,0.8317683881064162,0.8939193898287954,-0.14989686268292401
1,22,0.917429631260824,0.9566367001586462,0.8297197250132206,1.1614293073572801,0.9607048684802882,0.8317683881064162,1.0397584713702992,-0.3786460665280582
1,23,0.9214512765625994,0.9541185062073481,0.8254891591750397,1.1614293073572801,0.9607048684802882,0.8317683881064162,0.9843835985183371,-0.2769527783655432
1,24,0.9272103441266761,0.9658029261413713,0.841353781068218,1.0,0.9607048684802882,0.8317683881064162,1.100703247253829,-0.4718302136548196
1,25,0.9014380908046454,0.9669612953589685,0.8434690639873085,1.0,0.9607048684802882,0.8317683881064162,0.9446008765541261,-0.22445711270215307
1,26,0.8396960647007733,0.9644431014076704,0.8455843469063988,1.1614293073572801,0.9607048684802882,0.8317683881064162,1.3608511263212677,-0.8454896717948304
1,27,0.9273965722150037,0.9554783309410492,0.8202009518773137,1.1614293073572801,0.9607048684802882,0.8317683881064162,1.086621895267139,-0.43676311526209055
1,28,0.9078235199661261,0.9594067135050742,0.8297197250132206,1.1614293073572801,0.9607048684802882,0.8317683881064162,1.0454555332176518,-0.3572591369190561
1,29,0.8935721564642175,0.9578957971342954,0.8328926493918563,1.1614293073572801,0.9607048684802882,0.8317683881064162,0.9364059012749605,-0.22582699484074298
1,30,0.9017112382883038,0.9584497998035809,0.831835007932311,1.1614293073572801,0.9607048684802882,0.8317683881064162,0.9800541371176585,-0.3030088869623304
1,31,0.9008895865627047,0.9656518345042936,0.8455843469063988,1.106736614536331,0.9607048684802882,0.8317683881064162,1.0299177452768007,-0.3832969862155984
1,32,0.918523922535461,0.9572914305859839,0.8254891591750397,1.1614293073572801,0.9607048684802882,0.8317683881064162,1.0391713882838953,-0.38821374478107495
1,33,0.9164732667975775,0.9563848807635164,0.8233738762559494,1.106736614536331,0.9607048684802882,0.8317683881064162,1.0963492711486584,-0.4835934637102035
1,34,0.9151759976123058,0.9589534385938404,0.8328926493918563,1.1614293073572801,0.9607048684802882,0.8317683881064162,1.1873582527499564,-0.5989865207897236
1,35,0.9284211903290677,0.9584497998035809,0.8286620835536754,1.1614293073572801,0.9607048684802882,0.8317683881064162,1.0763365526170623,-0.41644511151553654
1,36,0.9228171589996972,0.9522550426833875,0.8202009518773137,1.1614293073572801,0.9607048684802882,0.8317683881064162,1.0911736704532964,-0.45726900208884347
1,37,0.9080495410255767,0.9508448540706606,0.8138551031200423,1.1614293073572801,0.9607048684802882,0.8317683881064162,0.9721131144187366,-0.2821661556924895
1,38,0.9221385388365386,0.9587519830777367,0.8339502908514014,1.1614293073572801,0.9607048684802882,0.8317683881064162,1.007515502151783,-0.31972047658803615
1,39,0.9200907359243804,0.9521039510463097,0.8149127445795876,1.1614293073572801,0.9607048684802882,0.8317683881064162,1.0363968876559653,-0.3625920016500723
1,40,0.917208431938448,0.9592556218679963,0.8339502908514014,1.1614293073572801,0.9607048684802882,0.8317683881064162,1.1514707242380493,-0.5223207661231308
1,41,0.9206660197369751,0.9503412152804008,0.8096245372818615,1.106736614536331,0.9607048684802882,0.8317683881064162,1.024605274710197,-0.35284101853798755
1,42,0.9232432567758025,0.963738007101307,0.8402961396086728,1.1614293073572801,0.9607048684802882,0.8317683881064162,1.066907015270644,-0.42473586488985915
1,43,0.9181018439783648,0.9574928861020875,0.8297197250132206,1.1614293073572801,0.9607048684802882,0.8317683881064162,0.9922284267231513,-0.2920091092309003
1,44,0.9184013916893689,0.9563848807635164,0.8244315177154945,1.1614293073572801,0.9607048684802882,0.8317683881064162,1.1293088894875773,-0.5352934054859371
1,45,0.9207369588884039,0.9525068620785173,0.8170280274986781,1.1614293073572801,0.9607048684802882,0.8317683881064162,1.0323428991074481,-0.37086105425010296
1,46,0.9302271339423098,0.9588023469567627,0.8276044420941302,1.106736614536331,0.9607048684802882,0.8317683881064162,1.0799318941647569,-0.44811018084771814
1,47,0.9062051145812483,0.9654000151091637,0.8402961396086728,1.0,0.9607048684802882,0.8317683881064162,1.032291022454758,-0.325048955586025
1,48,0.9264250079293984,0.9682203923346177,0.8476996298254893,1.0,0.9607048684802882,0.8317683881064162,1.0273600845451702,-0.36019649112922036
1,49,0.8816164512441372,0.9579965248923471,0.826546800634585,1.1614293073572801,0.9607048684802882,0.8317683881064162,0.8632651668104208,-0.09448745136786307
1,50,0.9297258949888202,0.9583994359245549,0.8297197250132206,1.1614293073572801,0.9607048684802882,0.8317683881064162,1.0749065823464776,-0.4263927526529605
1,51,0.9224305330696649,0.961018357633905,0.8402961396086728,1.1614293073572801,0.9607048684802882,0.8317683881064162,1.111077955402139,-0.4993641741709296
1,52,0.9206050295607078,0.9573417944650097,0.8286620835536754,1.1614293073572801,0.9607048684802882,0.8317683881064162,1.0582881987212485,-0.41488554612358763
1,53,0.9032688985467655,0.9645941930447484,0.841353781068218,1.1614293073572801,0.9607048684802882,0.8317683881064162,1.2018009529603497,-0.6110225507088749
1,54,0.9052549019216036,0.9558812419732567,0.8191433104177684,1.1614293073572801,0.9607048684802882,0.8317683881064162,1.1425507427159693,-0.5590827642211245
1,55,0.9375666875417573,0.958500163682607,0.8297197250132206,1.1614293073572801,0.9607048684802882,0.8317683881064162,1.1142686007698464,-0.4717654926789341
1,56,0.9090535515222542,0.9598096245372818,0.831835007932311,1.1614293073572801,0.9607048684802882,0.8317683881064162,1.2622545218027836,-0.7051525351071772
1,57,0.8305424954469001,0.9625292740046838,0.8381808566895824,1.1614293073572801,0.9607048684802882,0.8317683881064162,0.7877195940060026,0.007278008565676508
1,58,0.9066926405856505,0.9519528594092316,0.8223162347964041,1.1614293073572801,0.9607048684802882,0.8317683881064162,1.2609208359143214,-0.7422909104536937
1,59,0.9009457361208342,0.9628314572788397,0.8360655737704918,1.1614293073572801,0.9607048684802882,0.8317683881064162,1.0048563646679647,-0.3365172194403139
1,60,0.9094089718268918,0.9623278184885801,0.8350079323109466,1.1614293073572801,0.9607048684802882,0.8317683881064162,1.0637972896015082,-0.4351670224162243
1,61,0.9228849962914919,0.9569388834328021,0.8212585933368589,1.106736614536331,0.9607048684802882,0.8317683881064162,1.072960214548097,-0.44019191536273583
1,62,0.9194372828030974,0.9631336405529954,0.8424114225277632,1.1614293073572801,0.9607048684802882,0.8317683881064162,1.053051777693445,-0.3757729810541808
1,63,0.9256829299035951,0.9541185062073481,0.8180856689582233,1.1614293073572801,0.9607048684802882,0.8317683881064162,1.0631768296188366,-0.41056605624514275
1,64,0.9539331940713737,0.9592052579889703,0.8360655737704918,1.1614293073572801,0.9607048684802882,0.8317683881064162,1.1207229853461718,-0.48888957552411716
1,65,0.9229370237096589,0.9516506761350759,0.8149127445795876,1.1614293073572801,0.9607048684802882,0.8317683881064162,1.1063609143458415,-0.4777138568135455
1,66,0.9171740191031461,0.9706378585278638,0.8519301956636701,1.0,0.9607048684802882,0.8317683881064162,1.000901813979046,-0.3189174091837952
1,67,0.8666338745838367,0.9625292740046838,0.8371232152300372,1.1614293073572801,0.9607048684802882,0.8317683881064162,0.8788201642880374,-0.1421961575052777
1,68,0.9128794797897397,0.9673642063911764,0.8466419883659441,1.0,0.9607048684802882,0.8317683881064162,1.0265057188686009,-0.3203291609099119
1,69,0.899592359881183,0.9651481957140339,0.8392384981491274,1.1614293073572801,0.9607048684802882,0.8317683881064162,1.082551236053351,-0.39877651266626324
1,70,0.8982504935481829,0.9574928861020875,0.8276044420941302,1.1614293073572801,0.9607048684802882,0.8317683881064162,0.935708126331432,-0.21436587610153746
1,71,0.8967883414984679,0.9587519830777367,0.8276044420941302,1.1614293073572801,0.9607048684802882,0.8317683881064162,0.8987614080089632,-0.14395654181520623
1,72,0.9191553584200514,0.9581979804084512,0.8307773664727658,1.1614293073572801,0.9607048684802882,0.8317683881064162,1.242056904153475,-0.7006927774867617
1,73,0.912217744741659,0.9657525622623455,0.8392384981491274,1.0,0.9607048684802882,0.8317683881064162,0.9558584370237575,-0.23351785827932048
1,74,0.9281024305079552,0.9610687215129309,0.8360655737704918,1.1614293073572801,0.9607048684802882,0.8317683881064162,1.1263455764682775,-0.5023415726403215
1,75,0.9216164880840926,0.9621767268515021,0.8381808566895824,1.1614293073572801,0.9607048684802882,0.8317683881064162,1.0308361996756557,-0.35468542082098575
1,76,0.9130398276674079,0.9516003122560499,0.811739820200952,1.106736614536331,0.9607048684802882,0.8317683881064162,1.0295167512819152,-0.37618472736980313
1,77,0.9091843807191307,0.9594067135050742,0.8286620835536754,1.1614293073572801,0.9607048684802882,0.8317683881064162,0.9591545451086468,-0.24782299420762732
1,78,0.8030004381433593,0.9589030747148146,0.8392384981491274,1.1614293073572801,0.9607048684802882,0.8317683881064162,1.4114655970711218,-0.9351158675754316
1,79,0.9184395539447658,0.9601621716904636,0.8286620835536754,1.106736614536331,0.9607048684802882,0.8317683881064162,1.0724397800300933,-0.4103423811079425
1,80,0.9242685367029262,0.9565359724005943,0.8223162347964041,1.106736614536331,0.9607048684802882,0.8317683881064162,1.054839018183139,-0.4015872604951991
1,81,0.9353022120910484,0.9556294225781269,0.8286620835536754,1.1614293073572801,0.9607048684802882,0.8317683881064162,1.069019145138347,-0.4230588889897615
1,82,0.9258036386211291,0.9586008914406587,0.831835007932311,1.1614293073572801,0.9607048684802882,0.8317683881064162,1.1965166184623208,-0.6190808308089764
1,83,0.9145308683253587,0.9626300017627357,0.8328926493918563,1.1614293073572801,0.9607048684802882,0.8317683881064162,0.9870913935560626,-0.29150089781357114
1,84,0.925157482185347,0.9635365515852032,0.8339502908514014,1.0,0.9607048684802882,0.8317683881064162,1.0441420861923094,-0.37282399949347167
1,85,0.900903540999488,0.953010500868777,0.8170280274986781,1.1614293073572801,0.9607048684802882,0.8317683881064162,1.094639976364582,-0.49579039678140746
1,86,0.9030010194346545,0.9669612953589685,0.8402961396086728,1.0,0.9607048684802882,0.8317683881064162,1.067229047395775,-0.3810394868989089
1,87,0.9065269119682692,0.9587519830777367,0.831835007932311,1.1614293073572801,0.9607048684802882,0.8317683881064162,1.0971758770388607,-0.4925169875499156
1,88,0.8400687170411338,0.9712422250761753,0.8582760444209414,1.0,0.9607048684802882,0.8317683881064162,1.3503609139599904,-0.8153889929627534
1,89,0.913109099003751,0.9667094759638386,0.8476996298254893,1.0,0.9607048684802882,0.8317683881064162,0.9964702028307976,-0.29746902814170517
1,90,0.9122426976209338,0.9514995844979982,0.8138551031200423,1.1614293073572801,0.9607048684802882,0.8317683881064162,1.1730144926323811,-0.5971043152542597
1,91,0.9137139122791397,0.9630832766739695,0.8360655737704918,1.1614293073572801,0.9607048684802882,0.8317683881064162,1.1215110379159199,-0.48203438528384734
1,92,0.926270029839895,0.9585505275616328,0.831835007932311,1.1614293073572801,0.9607048684802882,0.8317683881064162,1.1028312023913562,-0.4780369700279268
1,93,0.9126041772083294,0.9636372793432549,0.841353781068218,1.1614293073572801,0.9607048684802882,0.8317683881064162,1.0803074682796745,-0.4072767490635123
1,94,0.90462976338286,0.9650474679559821,0.8476996298254893,1.1614293073572801,0.9607048684802882,0.8317683881064162,1.184174404322974,-0.5747131930673375
1,95,0.917668570007125,0.9550250560298154,0.8223162347964041,1.1614293073572801,0.9607048684802882,0.8317683881064162,1.0515692594490735,-0.3992412043546443
1,96,0.8174598608293737,0.9706378585278638,0.8529878371232154,1.0,0.9607048684802882,0.8317683881064162,0.7496874313190752,0.0776725693471958
1,97,0.926927051063855,0.9551257837878674,0.8254891591750397,1.1614293073572801,0.9607048684802882,0.8317683881064162,1.158473532289979,-0.5429205581447101
1,98,0.9200143336130853,0.9613205409080608,0.8381808566895824,1.106736614536331,0.9607048684802882,0.8317683881064162,1.054887183869935,-0.4071229982088935
1,99,0.840872936839883,0.9629321850368916,0.8381808566895824,1.1614293073572801,0.9607048684802882,0.8317683881064162,0.8209462143448865,-0.050647182228911625
2,0,0.962004116875789,0.9624770215436431,0.8436096863093839,1.0903083358756522,0.9658809536460152,0.8545705133498862,1.081261030549248,-0.4557804585183747
2,1,0.9548172704775117,0.9686217242636684,0.8637208331599213,1.0903083358756522,0.9658809536460152,0.8545705133498862,1.092594441155647,-0.45091417151150304
2,2,0.9504263401474662,0.9750182590623832,0.8711302030522244,1.0903083358756522,0.9658809536460152,0.8545705133498862,1.0844352952800707,-0.4292365353664902
2,3,0.9535672196227956,0.9557279218347627,0.8362003164170806,1.0903083358756522,0.9658809536460152,0.8545705133498862,1.0479085320504085,-0.416535663026101
2,4,0.9483373461234081,0.9689742891738337,0.8531360190280595,1.0903083358756522,0.9658809536460152,0.8545705133498862,1.1074351709277166,-0.47292685589279526
2,5,0.9591641142634209,0.9656891754835566,0.8600899533822864,1.0,0.9658809536460152,0.8545705133498862,1.1044094841529983,-0.4784188809664387
2,6,0.9587223048060384,0.9677151287803859,0.862662351746735,1.0903083358756522,0.9658809536460152,0.8545705133498862,1.1036810116715894,-0.47465580168046073
2,7,0.9357423708132291,0.9669092661285793,0.8573699446808042,1.0903083358756522,0.9658809536460152,0.8545705133498862,0.9118226330398495,-0.20873412844514827
2,8,0.8780735728578252,0.9615200596446226,0.8478436119621285,1.0,0.9658809536460152,0.8545705133498862,0.8545462539622045,-0.13576377102263737
2,9,0.9574359477307763,0.967009998960055,0.8637208331599213,1.0,0.9658809536460152,0.8545705133498862,1.058573142506651,-0.39978808639666585
2,10,0.952516117178126,0.9704852816459711,0.8647793145731075,1.0,0.9658809536460152,0.8545705133498862,0.9586383961252809,-0.26309921445707163
2,11,0.9516404241908465,0.9600231677521549,0.8463369774979449,1.0,0.9658809536460152,0.8545705133498862,1.0938466428918936,-0.4577854918745936
2,12,0.9608282910224628,0.9651481957140339,0.8551031200423057,1.0903083358756522,0.9658809536460152,0.8545705133498862,1.0915516278425186,-0.45919565281934505
2,13,0.9622978999373237,0.9660530370610348,0.8541945004412457,1.0903083358756522,0.9658809536460152,0.8545705133498862,1.0776887297442137,-0.4468340532547743
2,14,0.9608206989658232,0.9598076015095337,0.8425512048961977,1.0903083358756522,0.9658809536460152,0.8545705133498862,1.0235671494383964,-0.36131732098578984
2,15,0.9556317237749102,0.965952304229559,0.8584284260939904,1.0,0.9658809536460152,0.8545705133498862,0.9670195478684362,-0.2723891969345271
2,16,0.932654815017478,0.9668979237995889,0.8600899533822864,1.0903083358756522,0.9658809536460152,0.8545705133498862,1.2276373226253792,-0.6769851757120873
2,17,0.9601411564662626,0.9537024213495686,0.8336419228354758,1.0903083358756522,0.9658809536460152,0.8545705133498862,1.1027480386886916,-0.4963449760060823
2,18,0.9548529461927605,0.9675526624707734,0.8569161897166692,1.0771778754985941,0.9658809536460152,0.8545705133498862,1.1354773246247294,-0.5231119270013518
2,19,0.9682529579558186,0.9726510375227013,0.8637208331599213,1.0903083358756522,0.9658809536460152,0.8545705133498862,1.0425033405404442,-0.3921169046396422
2,20,0.9512107569588217,0.9622140240749634,0.851626583607307,1.0903083358756522,0.9658809536460152,0.8545705133498862,1.078751563600496,-0.42722689458165086
2,21,0.9368294825704577,0.9638872811843044,0.8499605747885008,1.0903083358756522,0.9658809536460152,0.8545705133498862,0.9967554728523167,-0.34900291360663815
2,22,0.9606802017890758,0.9672001108785973,0.8579741109385416,1.0903083358756522,0.9658809536460152,0.8545705133498862,1.0977760329932413,-0.47010223369506554
2,23,0.9579257702401698,0.9642398460944699,0.8499605747885008,1.0771778754985941,0.9658809536460152,0.8545705133498862,1.107976131850033,-0.5005715581923473
2,24,0.9294844043662152,0.9683081301682935,0.8569161897166692,1.0903083358756522,0.9658809536460152,0.8545705133498862,1.2203438137288893,-0.6866450381769353
2,25,0.9571971044591263,0.9608541822194271,0.851626583607307,1.0903083358756522,0.9658809536460152,0.8545705133498862,1.1045705751090769,-0.4994155948781469
2,26,0.9566918676550417,0.962426655127905,0.8499605747885008,1.0903083358756522,0.9658809536460152,0.8545705133498862,1.0442475430695408,-0.40873918604646176
2,27,0.9612340967626621,0.9652975408249661,0.8541945004412457,1.0,0.9658809536460152,0.8545705133498862,1.0974155213672028,-0.4723763838074235
2,28,0.9563339276270579,0.9580841339951862,0.8399894501667102,1.0903083358756522,0.9658809536460152,0.8545705133498862,1.1103929270662272,-0.5085633882067133
2,29,0.9663847628116373,0.9681180601062891,0.8594869075071766,1.0903083358756522,0.9658809536460152,0.8545705133498862,1.049528673636192,-0.39833179559311516
2,30,0.9519850061685599,0.9549724255986939,0.8340833535907083,1.0903083358756522,0.9658809536460152,0.8545705133498862,1.0327771381493207,-0.39091805421073245
2,31,0.9422281410182357,0.9782551215189768,0.8812483778197351,1.0903083358756522,0.9658809536460152,0.8545705133498862,1.095246136660088,-0.4414418389710719
2,32,0.9406560150018543,0.9706363808931849,0.8616038703335488,1.0771778754985941,0.9658809536460152,0.8545705133498862,1.2068772240153127,-0.6608175797895353
2,33,0.9589541851396217,0.9623762887121673,0.8489020933753147,1.0903083358756522,0.9658809536460152,0.8545705133498862,1.1021078547057692,-0.4780859924660461
2,34,0.9415211909271471,0.9615089208906111,0.8473948987198173,1.0903083358756522,0.9658809536460152,0.8545705133498862,1.1766114434591597,-0.5996239626712581
2,35,0.9626313881916397,0.9662431851284048,0.853742426051052,1.0903083358756522,0.9658809536460152,0.8545705133498862,1.0613833098958954,-0.4234201654731793
2,36,0.8529756641940659,0.9665567012184139,0.8531360190280595,1.0903083358756522,0.9658809536460152,0.8545705133498862,0.9653513078072572,-0.21330872004889567
2,37,0.9567906112941099,0.9640775110621801,0.8548003472729242,1.0903083358756522,0.9658809536460152,0.8545705133498862,1.0434374983767192,-0.3790748639667503
2,38,0.9327592756648013,0.9690750220053096,0.856311463267618,1.0903083358756522,0.9658809536460152,0.8545705133498862,0.9291751497948388,-0.23781999646061158
2,39,0.9588697292742414,0.96303105211676,0.8489020933753147,1.0903083358756522,0.9658809536460152,0.8545705133498862,1.0126933707184196,-0.3482570062609458
2,40,0.9415881692778006,0.9715429763764672,0.8732471658785969,1.0,0.9658809536460152,0.8545705133498862,1.030679198171927,-0.33979684732067805
2,41,0.9443639990674917,0.9638369147685666,0.8594869075071766,1.0903083358756522,0.9658809536460152,0.8545705133498862,0.9693794096061819,-0.29677467145441927
2,42,0.9342274055171034,0.9622755558806912,0.8499605747885008,1.0903083358756522,0.9658809536460152,0.8545705133498862,1.206538404544788,-0.6395490558433281
2,43,0.9637055109149236,0.9646567029636123,0.853742426051052,1.0903083358756522,0.9658809536460152,0.8545705133498862,1.0184155590470125,-0.3588752484753681
2,44,0.9619100942249055,0.9641278755753483,0.851626583607307,1.0771778754985941,0.9658809536460152,0.8545705133498862,1.0937239312435714,-0.4697264823788172
2,45,0.9437923152810452,0.9683195257692407,0.862662351746735,1.0903083358756522,0.9658809536460152,0.8545705133498862,0.9354682375001757,-0.23746176666549257
2,46,0.9510788939389359,0.9603505370877468,0.8452790562760724,1.0903083358756522,0.9658809536460152,0.8545705133498862,1.0982171696765664,-0.4964915743653362
2,47,0.960029080336565,0.9637361819370908,0.8467851305489423,1.0903083358756522,0.9658809536460152,0.8545705133498862,1.1221670601504292,-0.5114352563759421
2,48,0.9607254666422639,0.963586915464229,0.8498149127445797,1.0771778754985941,0.9658809536460152,0.8545705133498862,1.1038763862361614,-0.4808298506685136
2,49,0.9570633684686701,0.96882318992662,0.8594869075071766,1.0903083358756522,0.9658809536460152,0.8545705133498862,1.053619604434813,-0.4229562239619722
2,50,0.9477649393294725,0.9617718917233122,0.8467851305489423,1.0903083358756522,0.9658809536460152,0.8545705133498862,1.1732642263799518,-0.60296396980639
2,51,0.9440214946196221,0.9745649613207421,0.8732471658785969,1.0903083358756522,0.9658809536460152,0.8545705133498862,0.9171913102656696,-0.1781498224453235
2,52,0.9551800353985033,0.9598076015095337,0.8425512048961977,1.0903083358756522,0.9658809536460152,0.8545705133498862,1.1319802050212728,-0.5377533583556442
2,53,0.9590636975553047,0.9715566412676307,0.8738429292666281,1.0903083358756522,0.9658809536460152,0.8545705133498862,0.9825751621713441,-0.28937321337661204
2,54,0.941190628431671,0.9614081918642753,0.8484528199416898,1.0903083358756522,0.9658809536460152,0.8545705133498862,1.190475600922411,-0.6178052650098411
2,55,0.9463626187873393,0.9648442430833248,0.8541945004412457,1.0903083358756522,0.9658809536460152,0.8545705133498862,1.0573832471027107,-0.4424139698263565
2,56,0.9600021013573364,0.963347225621244,0.8495107411635621,1.0771778754985941,0.9658809536460152,0.8545705133498862,1.0204134288213296,-0.3623647143134938
2,57,0.9438364865213802,0.9621748230492154,0.8520775376148733,1.0903083358756522,0.9658809536460152,0.8545705133498862,1.0081424030808825,-0.3634761304865666
2,58,0.9555391157586347,0.9604623649141265,0.8404342420698253,1.0903083358756522,0.9658809536460152,0.8545705133498862,1.1088333355304354,-0.4956970750730423
2,59,0.9635297026351127,0.9655997393193936,0.8605453889203626,1.0903083358756522,0.9658809536460152,0.8545705133498862,1.0123141175366,-0.3360703369721756
2,60,0.9594835046413369,0.9628939450027316,0.853742426051052,1.0903083358756522,0.9658809536460152,0.8545705133498862,0.9932481330483283,-0.31613493502689827
2,61,0.9592811708101912,0.965347907240704,0.8531360190280595,1.0903083358756522,0.9658809536460152,0.8545705133498862,1.1041044052184905,-0.4865639008693696
2,62,0.9646759923759689,0.9724999382754875,0.8679547588126659,1.0771778754985941,0.9658809536460152,0.8545705133498862,0.9948537134688711,-0.3212811125656825
2,63,0.9585616908219771,0.975056974932808,0.8717270868228832,1.0903083358756522,0.9658809536460152,0.8545705133498862,1.076610741556441,-0.4266573048869362
2,64,0.9596251662877031,0.9709889458033504,0.862662351746735,1.0903083358756522,0.9658809536460152,0.8545705133498862,1.1352717837504243,-0.5398393166423232
2,65,0.9513711363329174,0.9720351041427269,0.8706691656010107,1.0903083358756522,0.9658809536460152,0.8545705133498862,1.0213789781644975,-0.33138866369567777
2,66,0.9567571955032145,0.9572892807226379,0.838317279243453,1.0903083358756522,0.9658809536460152,0.8545705133498862,1.108688085626764,-0.505992090260013
2,67,0.9546268556922269,0.9597209806731465,0.8452790562760724,1.0903083358756522,0.9658809536460152,0.8545705133498862,1.077838288069822,-0.4418191161011149
2,68,0.9585641286502876,0.9650457087462765,0.8552529818544318,1.0,0.9658809536460152,0.8545705133498862,1.0847753970792835,-0.4500738162825466
2,69,0.9622259932162839,0.9714422435449914,0.8647793145731075,1.0903083358756522,0.9658809536460152,0.8545705133498862,1.0685716654070265,-0.44196117852236627
2,70,0.9604285549584597,0.9603001725745789,0.8431632138323276,1.0903083358756522,0.9658809536460152,0.8545705133498862,1.069865910984091,-0.43590308512550346
2,71,0.9462756827356622,0.9667078004656277,0.8552529818544318,1.0903083358756522,0.9658809536460152,0.8545705133498862,1.1618928617812754,-0.594020456135723
2,72,0.9538205892193296,0.9638872811843044,0.8436096863093839,1.0903083358756522,0.9658809536460152,0.8545705133498862,1.151754535734367,-0.5699858872397585
2,73,0.9346317982016161,0.9702334495672815,0.8658377959862935,1.0903083358756522,0.9658809536460152,0.8545705133498862,0.9224204907759822,-0.2230779980959825
2,74,0.9580258957349503,0.9739489556431115,0.8749008504885004,1.0,0.9658809536460152,0.8545705133498862,1.033273972937146,-0.3557408237061894
2,75,0.9345724377847304,0.9648946094990627,0.8499605747885008,1.0771778754985941,0.9658809536460152,0.8545705133498862,0.9446486145278239,-0.2637677866001955
2,76,0.9592080727261394,0.9580951433744446,0.8404342420698253,1.0903083358756522,0.9658809536460152,0.8545705133498862,1.0332544434119046,-0.3758577052618104
2,77,0.9582753705945909,0.9697297854099025,0.8552529818544318,1.0903083358756522,0.9658809536460152,0.8545705133498862,1.0787211253222744,-0.43575502872554117
2,78,0.9574104585481089,0.9656891754835566,0.853742426051052,1.0903083358756522,0.9658809536460152,0.8545705133498862,1.0425201603843495,-0.40274138869216136
2,79,0.9483562712854916,0.9618726245547881,0.8436096863093839,1.0903083358756522,0.9658809536460152,0.8545705133498862,1.113214057491826,-0.5234824765188621
2,80,0.9577468056781547,0.9602608992511747,0.8446681677225699,1.0669158825541458,0.9658809536460152,0.8545705133498862,1.042231305468639,-0.395511966307188
2,81,0.964735385452418,0.9719962741181085,0.8637208331599213,1.0903083358756522,0.9658809536460152,0.8545705133498862,1.094676173911347,-0.46738956905411233
2,82,0.9609516526473079,0.9626784872065945,0.8520775376148733,1.0903083358756522,0.9658809536460152,0.8545705133498862,1.075854098262863,-0.44178213736043737
2,83,0.9595908361774275,0.960426083857499,0.8463369774979449,1.0903083358756522,0.9658809536460152,0.8545705133498862,1.0222092876601678,-0.3552227769650842
2,84,0.9599818350712443,0.9579944105429687,0.8404342420698253,1.0903083358756522,0.9658809536460152,0.8545705133498862,1.033669662023676,-0.3853041812731772
2,85,0.9518044147655058,0.9643405789259458,0.8531360190280595,1.0903083358756522,0.9658809536460152,0.8545705133498862,1.1266390192693085,-0.5341689546244126
2,86,0.9587167842831186,0.95844770828461,0.838317279243453,1.0771778754985941,0.9658809536460152,0.8545705133498862,1.086561077935202,-0.4685361231126921
2,87,0.9421885259375231,0.9700319839043299,0.8668962773994797,1.0903083358756522,0.9658809536460152,0.8545705133498862,0.9660302102001976,-0.29423332083587117
2,88,0.9477188025546287,0.9605127313298644,0.8499605747885008,1.0,0.9658809536460152,0.8545705133498862,1.1144058178976926,-0.483197657352759
2,89,0.9488724229842014,0.9622895708447154,0.8452790562760724,1.0903083358756522,0.9658809536460152,0.8545705133498862,1.1265856266119838,-0.537605672008596
2,90,0.9627187566435287,0.9692146914053178,0.8558582684947967,1.0903083358756522,0.9658809536460152,0.8545705133498862,1.031008671647795,-0.36795222505231084
2,91,0.9574749444057062,0.9709774493661986,0.8643216382697763,1.0903083358756522,0.9658809536460152,0.8545705133498862,1.1487531262180923,-0.5507562102075769
2,92,0.93751716152074,0.9730036024328668,0.8668962773994797,1.0903083358756522,0.9658809536460152,0.8545705133498862,0.8816641838210327,-0.13456149482908764
2,93,0.9485962190326875,0.9589534385938404,0.8402961396086728,1.0771778754985941,0.9658809536460152,0.8545705133498862,1.1525370657238578,-0.5616723077182211
2,94,0.9571348145388404,0.963534716274139,0.8520775376148733,1.0903083358756522,0.9658809536460152,0.8545705133498862,1.078244417915487,-0.4611994259211749
2,95,0.9595354708808069,0.9615592854037793,0.8484528199416898,1.0903083358756522,0.9658809536460152,0.8545705133498862,1.116912621099226,-0.51540876311714
2,96,0.9600478199814563,0.9669092661285793,0.8531360190280595,1.0771778754985941,0.9658809536460152,0.8545705133498862,1.1040920457622794,-0.483602137968667
2,97,0.9577070861378927,0.9683195257692407,0.862662351746735,1.0903083358756522,0.9658809536460152,0.8545705133498862,0.9867781198518568,-0.3123904203046799
2,98,0.9536770057995383,0.9678800318063655,0.8579741109385416,1.0771778754985941,0.9658809536460152,0.8545705133498862,0.9664573796741243,-0.2591121919388337
2,99,0.96543379318545,0.9654990064879178,0.8594869075071766,1.0903083358756522,0.9658809536460152,0.8545705133498862,1.0661127092350233,-0.42671144578791864
3,0,0.8310601813343443,0.938203520435144,0.811739820200952,1.0326635196656075,0.9393851694642744,0.8153364632237871,1.2263827163870087,-0.6950561133970257
3,1,0.5089368619234715,0.9320591271939765,0.8085668958223162,1.0326635196656075,0.9393851694642744,0.8153364632237871,1.7267207802886397,-1.4309613363499056
3,2,0.8222355394143397,0.9435924554909219,0.8286620835536754,1.0326635196656075,0.9393851694642744,0.8153364632237871,0.9127638652649283,-0.20190599032586576
3,3,0.540230100307159,0.9349802321774823,0.8106821787414068,1.0,0.9393851694642744,0.8153364632237871,1.619284664477755,-1.2358028371925314
3,4,0.7696476656278899,0.9402180755961824,0.8159703860391329,1.0326635196656075,0.9393851694642744,0.8153364632237871,0.7890432443784098,-0.013206665425653519
3,5,0.8177835231914968,0.9344262295081968,0.8064516129032259,1.0326635196656075,0.9393851694642744,0.8153364632237871,1.2615393835046533,-0.7291506756003077
3,6,0.8187209644802825,0.944801188587545,0.826546800634585,1.0326635196656075,0.9393851694642744,0.8153364632237871,1.3417820080656606,-0.8341350504477465
3,7,0.79266746644251,0.9396640729268967,0.8212585933368589,1.0,0.9393851694642744,0.8153364632237871,0.8574353630513701,-0.07952985657860223
3,8,0.7947318174356617,0.9353831432096898,0.8075092543627712,1.0,0.9393851694642744,0.8153364632237871,0.8821364140658388,-0.16869470318000235
3,9,0.7470828854715283,0.9460099216841682,0.8244315177154945,1.0326635196656075,0.9393851694642744,0.8153364632237871,1.3297300770558451,-0.7985686249622503
3,10,0.8553738011363454,0.9378509732819622,0.8170280274986781,1.0326635196656075,0.9393851694642744,0.8153364632237871,1.1198974471031646,-0.5198432451189294
3,11,0.7968247295366239,0.9494346654579336,0.8276044420941302,1.0326635196656075,0.9393851694642744,0.8153364632237871,0.8497403108342436,-0.10034127756911548
3,12,0.822773604976441,0.9423333585152729,0.8223162347964041,1.0326635196656075,0.9393851694642744,0.8153364632237871,0.9105125514677846,-0.1881260276827752
3,13,0.8417373135178747,0.9511974012238423,0.8297197250132206,1.0,0.9393851694642744,0.8153364632237871,1.075202501885218,-0.42426357631819034
3,14,0.8251555038364571,0.934073682355015,0.8096245372818615,1.0326635196656075,0.9393851694642744,0.8153364632237871,1.0376719831843377,-0.4065096893595488
3,15,0.8155994920189029,0.9261665533479387,0.7937599153886833,1.0,0.9393851694642744,0.8153364632237871,1.0130885017642017,-0.3672164539597602
3,16,0.7821958253545561,0.9332678602905996,0.8032786885245904,1.0326635196656075,0.9393851694642744,0.8153364632237871,0.9553566606380018,-0.29986655254942485
3,17,0.8418500543536546,0.9330664047744959,0.8085668958223162,1.0326635196656075,0.9393851694642744,0.8153364632237871,1.0333399748026721,-0.37161740207816973
3,18,0.8407906928518536,0.9441464581602076,0.826546800634585,1.0326635196656075,0.9393851694642744,0.8153364632237871,1.1650171157172782,-0.594503672002265
3,19,0.8355098692698542,0.9328649492583919,0.8043363299841354,1.0326635196656075,0.9393851694642744,0.8153364632237871,1.2105639866966118,-0.6633418418576897
3,20,0.7053148708622321,0.9684218478507214,0.8582760444209414,1.0326635196656075,0.9393851694642744,0.8153364632237871,0.6454716957627527,0.2424344678441942
3,21,0.827249867201166,0.9489813905466999,0.8254891591750397,1.0326635196656075,0.9393851694642744,0.8153364632237871,1.0073793329166885,-0.3165707343379258
3,22,0.825313516302664,0.931505124524691,0.8075092543627712,1.0326635196656075,0.9393851694642744,0.8153364632237871,1.086575984458717,-0.48873305382345
3,23,0.8201643812638841,0.9483770239983884,0.8223162347964041,1.0,0.9393851694642744,0.8153364632237871,1.206283910648675,-0.6112582881384903
3,24,0.8378280633125559,0.9535141396590365,0.8328926493918563,1.0326635196656075,0.9393851694642744,0.8153364632237871,0.9662122001828805,-0.28130701601902475
3,25,0.7157703894981695,0.955579058699101,0.841353781068218,1.0326635196656075,0.9393851694642744,0.8153364632237871,1.4162706278169117,-0.9191792858875885
3,26,0.8385540854356588,0.935332779330664,0.8075092543627712,1.0326635196656075,0.9393851694642744,0.8153364632237871,1.0898308967862,-0.47866544981595016
3,27,0.7579190908174631,0.9343255017501448,0.811739820200952,1.0326635196656075,0.9393851694642744,0.8153364632237871,1.3635596284637415,-0.8459395498107372
3,28,0.839372756733189,0.9375487900078063,0.8159703860391329,1.0326635196656075,0.9393851694642744,0.8153364632237871,0.9807636211249007,-0.28318645109128493
3,29,0.8242178439177523,0.9430384528216363,0.826546800634585,1.0326635196656075,0.9393851694642744,0.8153364632237871,0.9457831697475554,-0.259366058016713
3,30,0.7943266816180314,0.9497872126111153,0.8392384981491274,1.0326635196656075,0.9393851694642744,0.8153364632237871,0.8516027121232718,-0.06929394999417204
3,31,0.799295523851011,0.9283825640250812,0.7990481226864093,1.0326635196656075,0.9393851694642744,0.8153364632237871,1.3808595610123586,-0.9499039532573523
3,32,0.8414737597475715,0.9251089118883937,0.7927022739291382,1.1635882710865486,0.9393851694642744,0.8153364632237871,1.166993350162044,-0.5831539247760307
3,33,0.8177655874482359,0.9300949359119638,0.8043363299841354,1.0326635196656075,0.9393851694642744,0.8153364632237871,1.0258525754420396,-0.3323688957222075
3,34,0.8480956867122648,0.9387071592254036,0.8106821787414068,1.0,0.9393851694642744,0.8153364632237871,1.157406861998801,-0.5657786274277836
3,35,0.7390025117735421,0.9516506761350759,0.8307773664727658,1.0326635196656075,0.9393851694642744,0.8153364632237871,0.7756747740854291,-0.012096120919631748
3,36,0.7736329521840537,0.9371962428546246,0.8075092543627712,1.0326635196656075,0.9393851694642744,0.8153364632237871,0.9347398211949977,-0.2733631290526828
3,37,0.8026507031621045,0.9295912971217044,0.796932839767319,1.0,0.9393851694642744,0.8153364632237871,0.9078065813888775,-0.20347753068553098
3,38,0.7978520406985903,0.9352320515726121,0.8096245372818615,1.0326635196656075,0.9393851694642744,0.8153364632237871,0.8667382935058616,-0.13952059327668964
3,39,0.8299928554912128,0.9259147339528091,0.7979904812268642,1.0326635196656075,0.9393851694642744,0.8153364632237871,1.0158871734128356,-0.36869714653935204
3,40,0.7533035479633643,0.9251089118883937,0.7948175568482285,1.0,0.9393851694642744,0.8153364632237871,1.4702991307839193,-1.0381024950992985
3,41,0.7867791538029445,0.9335700435647554,0.8064516129032259,1.0326635196656075,0.9393851694642744,0.8153364632237871,0.9065334961953757,-0.2154617980775524
3,42,0.8453253580099789,0.9363904207902094,0.8170280274986781,1.0,0.9393851694642744,0.8153364632237871,1.0475087656546929,-0.41018574604332536
3,43,0.8194459537039124,0.9481755684822846,0.826546800634585,1.0326635196656075,0.9393851694642744,0.8153364632237871,1.162966306639375,-0.5636488793745282
3,44,0.8155671851757256,0.9455062828939085,0.8328926493918563,1.0326635196656075,0.9393851694642744,0.8153364632237871,0.9143596827580932,-0.21135965543119295
3,45,0.7606480655375679,0.9473697464178691,0.8191433104177684,1.0,0.9393851694642744,0.8153364632237871,0.7541000234558789,0.060466369374545526
3,46,0.8452686596228419,0.9373976983707286,0.8202009518773137,1.0326635196656075,0.9393851694642744,0.8153364632237871,1.074356759763507,-0.449776174712061
3,47,0.4853535225163149,0.9545214172395559,0.8350079323109466,1.0326635196656075,0.9393851694642744,0.8153364632237871,1.6611250908174207,-1.2855413153409712
3,48,0.8047147297582394,0.9377502455239103,0.8191433104177684,1.0326635196656075,0.9393851694642744,0.8153364632237871,0.9317796754443238,-0.24738637124400076
3,49,0.6593015367036015,0.9463121049583239,0.826546800634585,1.0326635196656075,0.9393851694642744,0.8153364632237871,1.5329524668895802,-1.1119125783770505
3,50,0.758244047523852,0.9360378736370275,0.8202009518773137,1.0,0.9393851694642744,0.8153364632237871,1.3485556949903978,-0.8279657959154685
3,51,0.850433399588655,0.9419808113620911,0.8212585933368589,1.0326635196656075,0.9393851694642744,0.8153364632237871,1.1125970610921532,-0.5038970929113991
3,52,0.8372695689882006,0.9443479136763113,0.8254891591750397,1.0326635196656075,0.9393851694642744,0.8153364632237871,1.0573759806051972,-0.38427449881098585
3,53,0.8035005586325292,0.9279292891138476,0.802221047065045,1.0326635196656075,0.9393851694642744,0.8153364632237871,0.8556215014280977,-0.10218086459809861
3,54,0.7327614185253494,0.9342247739920929,0.8053939714436806,1.0,0.9393851694642744,0.8153364632237871,1.4292096474056657,-0.9624077627767664
3,55,0.836217455709692,0.9259650978318351,0.7990481226864093,1.0,0.9393851694642744,0.8153364632237871,1.1485359461637363,-0.5672570189064217
3,56,0.8156856638631842,0.9528594092316991,0.8328926493918563,1.0326635196656075,0.9393851694642744,0.8153364632237871,1.2426623146938804,-0.6871204949204499
3,57,0.8383328531935794,0.9327138576213141,0.8138551031200423,1.0326635196656075,0.9393851694642744,0.8153364632237871,1.2046106556363025,-0.6498995973517268
3,58,0.8335107145281405,0.9369444234594948,0.8127974616604973,1.0326635196656075,0.9393851694642744,0.8153364632237871,1.0068318292569083,-0.35321285917592626
3,59,0.8074764915649879,0.9313540328876131,0.8032786885245904,1.0,0.9393851694642744,0.8153364632237871,0.9548041034439081,-0.2875147019890767
3,60,0.8488358391634416,0.9383042481931958,0.8202009518773137,1.0326635196656075,0.9393851694642744,0.8153364632237871,1.0961575435583646,-0.48744297733721087
3,61,0.8535397180670754,0.9485281156354661,0.8381808566895824,1.0326635196656075,0.9393851694642744,0.8153364632237871,1.131457206125353,-0.5363777749220875
3,62,0.8174181629196811,0.9395633451688449,0.811739820200952,1.0326635196656075,0.9393851694642744,0.8153364632237871,1.0036806886404317,-0.36133504892461255
3,63,0.8126377746865524,0.944599733071441,0.8244315177154945,1.0326635196656075,0.9393851694642744,0.8153364632237871,0.8871844496546887,-0.16398763451774023
3,64,0.8469406304310643,0.9572410667069579,0.8455843469063988,1.0326635196656075,0.9393851694642744,0.8153364632237871,1.0677404994760737,-0.41376421100759275
3,65,0.8286689938216865,0.9490821183047519,0.8212585933368589,1.0326635196656075,0.9393851694642744,0.8153364632237871,0.9821808146204972,-0.29366522212527313
3,66,0.8427428040132614,0.9305482108231977,0.802221047065045,1.0326635196656075,0.9393851694642744,0.8153364632237871,1.077370444762617,-0.43984061564968546
3,67,0.8475509082944825,0.9533126841429327,0.8466419883659441,1.0326635196656075,0.9393851694642744,0.8153364632237871,0.9930672742119453,-0.3035218050475672
3,68,0.8565459810283723,0.9489813905466999,0.8381808566895824,1.0,0.9393851694642744,0.8153364632237871,1.041955824129718,-0.38893028657551176
3,69,0.830089154277434,0.9342751378711188,0.8053939714436806,1.0326635196656075,0.9393851694642744,0.8153364632237871,0.9584336233549119,-0.27595132771002273
3,70,0.8322030742914787,0.9338218629598852,0.8085668958223162,1.0326635196656075,0.9393851694642744,0.8153364632237871,0.9770759259114208,-0.3081721995826916
3,71,0.8287357885855207,0.9383042481931958,0.8096245372818615,1.0326635196656075,0.9393851694642744,0.8153364632237871,1.080726629013833,-0.4697724714268139
3,72,0.7966471776182615,0.9279292891138476,0.7948175568482285,1.0,0.9393851694642744,0.8153364632237871,0.9140244922939872,-0.21949094842622108
3,73,-0.2386310057397505,0.9411246254186497,0.8191433104177684,1.0326635196656075,0.9393851694642744,0.8153364632237871,2.043376236083838,-1.847557772369922
3,74,0.8225344737800881,0.9307496663393015,0.8085668958223162,1.0326635196656075,0.9393851694642744,0.8153364632237871,0.9522674551631475,-0.26700147885897585
3,75,0.8419051996195848,0.9359371458789756,0.8159703860391329,1.0326635196656075,0.9393851694642744,0.8153364632237871,1.1357051469015718,-0.5219090952047589
3,76,0.8278620820489324,0.9291883860894966,0.8011634056054998,1.0326635196656075,0.9393851694642744,0.8153364632237871,1.0870066392153135,-0.48091449654848195
3,77,0.8335452635258974,0.9246556369771599,0.7948175568482285,1.0,0.9393851694642744,0.8153364632237871,0.9645571235662384,-0.27359725836291826
3,78,0.8469515641431693,0.9438442748860517,0.8297197250132206,1.0326635196656075,0.9393851694642744,0.8153364632237871,1.1046493781118758,-0.4781751428055865
3,79,0.8469340341689429,0.9343758656291707,0.8212585933368589,1.0326635196656075,0.9393851694642744,0.8153364632237871,1.086354397055476,-0.4535536302489054
3,80,0.7681524016498326,0.9498879403691672,0.826546800634585,1.0326635196656075,0.9393851694642744,0.8153364632237871,0.810012033490991,-0.050617370161996966
3,81,0.831182238014174,0.9473193825388432,0.8223162347964041,1.0326635196656075,0.9393851694642744,0.8153364632237871,1.0170590444445173,-0.3464176061526085
3,82,0.8383865859070652,0.9400669839591047,0.8159703860391329,1.0326635196656075,0.9393851694642744,0.8153364632237871,1.1199471579701463,-0.5210536469841296
3,83,0.839837190445654,0.9345269572662487,0.8127974616604973,1.0326635196656075,0.9393851694642744,0.8153364632237871,1.1174297810676197,-0.5027176844769747
3,84,0.7879233808153717,0.9353831432096898,0.8075092543627712,1.0326635196656075,0.9393851694642744,0.8153364632237871,1.3161650870080206,-0.8248720536261733
3,85,0.7647878012479465,0.9496361209740374,0.8360655737704918,1.0326635196656075,0.9393851694642744,0.8153364632237871,0.746153355357056,0.07298028130459899
3,86,0.8281110068933526,0.9389589786205335,0.8191433104177684,1.0326635196656075,0.9393851694642744,0.8153364632237871,1.198128721356201,-0.6208055781053217
3,87,0.7744839132019604,0.9477726574500768,0.8254891591750397,1.0326635196656075,0.9393851694642744,0.8153364632237871,0.8183708563680131,-0.0633961432244603
3,88,0.8249938798877132,0.9377502455239103,0.8096245372818615,1.0326635196656075,0.9393851694642744,0.8153364632237871,1.0797576513475637,-0.48099123782552144
3,89,0.8228889059509946,0.9301452997909899,0.7958751983077738,1.0326635196656075,0.9393851694642744,0.8153364632237871,1.2080374076591893,-0.6735191687293482
3,90,0.8443984667388947,0.9348291405404046,0.8149127445795876,1.0,0.9393851694642744,0.8153364632237871,1.170007214083265,-0.5825411258974835
3,91,0.7971590414441678,0.9511470373448164,0.8434690639873085,1.0326635196656075,0.9393851694642744,0.8153364632237871,1.2945329139287416,-0.7475915849684891
3,92,0.8146672013434437,0.9523557704414396,0.8339502908514014,1.0,0.9393851694642744,0.8153364632237871,0.9123607206871495,-0.2010864236799248
3,93,0.8259267144595426,0.938052428798066,0.8149127445795876,1.0326635196656075,0.9393851694642744,0.8153364632237871,1.2238896340377017,-0.6646216448195992
3,94,0.7847054671447371,0.9362896930321574,0.811739820200952,1.0326635196656075,0.9393851694642744,0.8153364632237871,0.864447854776224,-0.14499042015502006
3,95,0.6583583108426516,0.9383546120722219,0.8180856689582233,1.0326635196656075,0.9393851694642744,0.8153364632237871,1.579132786544387,-1.2003591124874031
3,96,0.8089950489507624,0.9311022134924832,0.8043363299841354,1.0326635196656075,0.9393851694642744,0.8153364632237871,0.9507514857696608,-0.2766888741246618
3,97,0.8058648184028456,0.9436428193699479,0.8202009518773137,1.0326635196656075,0.9393851694642744,0.8153364632237871,0.8905382522163265,-0.1741852309661942
3,98,0.8161010234875427,0.9352824154516381,0.8064516129032259,1.0326635196656075,0.9393851694642744,0.8153364632237871,1.044052178452932,-0.4256193913835089
3,99,0.8305754489149926,0.9444486414343632,0.8254891591750397,1.0,0.9393851694642744,0.8153364632237871,0.9840729588572795,-0.3162998833733446
4,0,0.9339736677556144,0.9865652661916996,0.9108701720321631,1.0,0.9850230322447716,0.9043240243530434,1.1110066108527046,-0.5019867059975556
4,1,0.9348965766410224,0.9858477499937046,0.9101004759386568,1.0,0.9850230322447716,0.9043240243530434,1.1601901360305742,-0.5793281079739276
4,2,0.9311488930863417,0.9841353781068217,0.9016393442622952,1.0,0.9850230322447716,0.9043240243530434,1.1495919278141469,-0.5552870074109768
4,3,0.9064983877560988,0.9837324670746141,0.9048122686409308,1.0,0.9850230322447716,0.9043240243530434,0.9830115318105249,-0.30064073641616185
4,4,0.925391123689525,0.9847773259742352,0.9024068022571837,1.0,0.9850230322447716,0.9043240243530434,1.087998836795955,-0.4703191023765769
4,5,0.9311024326000383,0.9836944889411229,0.9045226447009286,1.0,0.9850230322447716,0.9043240243530434,1.1619087685746867,-0.5581018370731359
4,6,0.8780401178402567,0.9840470405332987,0.9066384871446734,1.0,0.9850230322447716,0.9043240243530434,0.871476459770319,-0.11384165678102298
4,7,0.9194283058831962,0.9848780550005712,0.9055805659228009,1.0499963927566554,0.9850230322447716,0.9043240243530434,1.1232231558536365,-0.5427123065504431
4,8,0.9275446422635691,0.9864393549087795,0.9119280932540356,1.0,0.9850230322447716,0.9043240243530434,1.0213549035865659,-0.3453782381654227
4,9,0.931598137976051,0.9840218582767148,0.9045226447009286,1.0,0.9850230322447716,0.9043240243530434,1.0950350859592817,-0.47622350044324313
4,10,0.9281734240687471,0.9856838872112592,0.9055805659228009,1.0,0.9850230322447716,0.9043240243530434,1.0563084174969786,-0.41527206521496196
4,11,0.9346544315461082,0.987018546810212,0.9098122508102908,1.0,0.9850230322447716,0.9043240243530434,1.143265659245749,-0.540095569271487
4,12,0.899520414861926,0.9817050906709861,0.8971171961478216,1.0,0.9850230322447716,0.9043240243530434,0.9844806248428121,-0.30965833763366746
4,13,0.9342368414874178,0.9884666717030545,0.920676890534109,1.0,0.9850230322447716,0.9043240243530434,1.088990946494429,-0.4477281830098867
4,14,0.7636931142917092,0.9877112135176651,0.9153886832363829,1.0,0.9850230322447716,0.9043240243530434,1.5468714884825567,-1.1748190657931121
4,15,0.9339038092316916,0.9857973861146787,0.9122157588577473,1.0,0.9850230322447716,0.9043240243530434,1.1213844054924071,-0.517601682181525
4,16,0.9327101603556411,0.9837448534542907,0.9045226447009286,1.0,0.9850230322447716,0.9043240243530434,1.1029470734446503,-0.4727330702777013
4,17,0.9163002600826193,0.9825361051382583,0.9013488810353112,1.0,0.9850230322447716,0.9043240243530434,1.0323762518933883,-0.379894168032473
4,18,0.9220700198007622,0.9836693066845387,0.9002909598134388,1.0,0.9850230322447716,0.9043240243530434,1.0514406993110768,-0.4137021718630498
4,19,0.44164128386642165,0.9888820337974286,0.9225073054727599,1.0,0.9850230322447716,0.9043240243530434,1.816193011770206,-1.5995627835690356
4,20,0.9127707746886311,0.98160436164465,0.898175117369694,1.0,0.9850230322447716,0.9043240243530434,1.0019267536703909,-0.3312852646006339
4,21,0.9352046054289227,0.9862506610259122,0.9111581173982021,1.0,0.9850230322447716,0.9043240243530434,1.2385581817123363,-0.6775879201428503
4,22,0.9309317127239142,0.9844375613809776,0.9037546271813857,1.0,0.9850230322447716,0.9043240243530434,1.094713552026345,-0.4736411453298093
4,23,0.9234989370532738,0.9852557888493313,0.9066384871446734,1.0,0.9850230322447716,0.9043240243530434,1.235359097107585,-0.7022557232890536
4,24,0.9274585908712127,0.9811762632827219,0.8950013537040766,1.0,0.9850230322447716,0.9043240243530434,1.0950281793975931,-0.4805948528127213
4,25,0.9419225608330827,0.9856838872112592,0.9066384871446734,1.0,0.9850230322447716,0.9043240243530434,1.157921275391881,-0.5704581182628601
4,26,0.9246150938665094,0.9831404792962745,0.9002909598134388,1.0,0.9850230322447716,0.9043240243530434,1.0608574535981523,-0.4220235616836585
4,27,0.918293936355309,0.9836189421713706,0.8992330385915664,1.0,0.9850230322447716,0.9043240243530434,1.1825120534624896,-0.6320452204416673
4,28,0.9242384356158144,0.9820200951877314,0.8984664198836596,1.0,0.9850230322447716,0.9043240243530434,1.0386702323781107,-0.38958570906698253
4,29,0.9275837162459071,0.9849536017703231,0.9055805659228009,1.0,0.9850230322447716,0.9043240243530434,1.155134576503577,-0.5796289273217441
4,30,0.9298779061368531,0.9819697313087055,0.8942358540454788,1.0,0.9850230322447716,0.9043240243530434,1.1405386667541917,-0.5258477593664974
4,31,0.922589336188884,0.9823346470855862,0.8992330385915664,1.0,0.9850230322447716,0.9043240243530434,1.0665814123229274,-0.4398000183363364
4,32,0.9350259816151197,0.9850543307966592,0.9076964083665459,1.0499963927566554,0.9850230322447716,0.9043240243530434,1.095871883699948,-0.47815849786701836
4,33,0.9172975872923124,0.9849536017703231,0.9076964083665459,1.0,0.9850230322447716,0.9043240243530434,0.979183026503124,-0.2801939368878943
4,34,0.8922204144397538,0.9824733700989652,0.8963511369645691,1.044637922495532,0.9850230322447716,0.9043240243530434,1.2560585931707815,-0.69939540524058
4,35,0.9279210096550131,0.9840218582767148,0.8992330385915664,1.0499963927566554,0.9850230322447716,0.9043240243530434,1.067248023126506,-0.4258917989687996
4,36,0.9281740777562664,0.987018546810212,0.912986014475908,1.0,0.9850230322447716,0.9043240243530434,1.0504351424301255,-0.3977177661358138
4,37,0.9158221862331689,0.9848404724131852,0.9069275515600213,1.0,0.9850230322447716,0.9043240243530434,1.0648370120520736,-0.38751180426693366
4,38,0.9337454019453963,0.9830397502699384,0.898175117369694,1.0,0.9850230322447716,0.9043240243530434,1.1761611103473635,-0.6006585198750909
4,39,0.9026210754408877,0.981528814874898,0.8950013537040766,1.0,0.9850230322447716,0.9043240243530434,0.9767344054532617,-0.29495182046794355
4,40,0.9199863567317238,0.987673285481396,0.915101856919653,1.0499963927566554,0.9850230322447716,0.9043240243530434,1.2567707948393847,-0.6926157284209855
4,41,0.9238351817606992,0.9858601630073474,0.9087543295884183,1.0,0.9850230322447716,0.9043240243530434,1.1004615363035535,-0.4977120742785037
4,42,0.928606136558447,0.9824857406250904,0.898175117369694,1.0,0.9850230322447716,0.9043240243530434,1.1233232496364816,-0.4944698518687367
4,43,0.9210229079260501,0.9833799199214325,0.9048122686409308,1.0,0.9850230322447716,0.9043240243530434,1.0560504922812097,-0.42277660818495444
4,44,0.9003835784395623,0.9796149633745133,0.8886538263728422,1.0499963927566554,0.9850230322447716,0.9043240243530434,0.9485942039432413,-0.24106433458572796
4,45,0.9322536648940197,0.9854448389614968,0.9111581173982021,1.0,0.9850230322447716,0.9043240243530434,1.1540678121072876,-0.5427401254989177
4,46,0.9240146140069249,0.986703935937146,0.9122157588577473,1.0,0.9850230322447716,0.9043240243530434,1.2017812230956277,-0.6006508314438384
4,47,0.9227527828914243,0.9838455824806268,0.9013488810353112,1.0,0.9850230322447716,0.9043240243530434,1.1996454051472534,-0.6188014704362936
4,48,0.9305304800835946,0.9843240453557229,0.9002909598134388,1.0,0.9850230322447716,0.9043240243530434,1.134091482740208,-0.5353062520846896
4,49,0.9246589244093147,0.9826244617360429,0.8995240613432048,1.0,0.9850230322447716,0.9043240243530434,1.0248373595875928,-0.36051109379616353
4,50,0.9306195920771276,0.9832160260660265,0.9002909598134388,1.0,0.9850230322447716,0.9043240243530434,1.202571345767674,-0.6302403700354282
4,51,0.9238128404357162,0.9826244617360429,0.90058170280275,1.0499963927566554,0.9850230322447716,0.9043240243530434,1.0457801688665482,-0.3973521148548267
4,52,0.9263880687189846,0.9857973861146787,0.9048122686409308,1.0,0.9850230322447716,0.9043240243530434,1.1725354300994586,-0.6102168108757537
4,53,0.9289662144754588,0.9835813754375362,0.9026969857218404,1.0,0.9850230322447716,0.9043240243530434,1.0937413953782025,-0.4742420907664051
4,54,0.9289017378245206,0.9836944889411229,0.9024068022571837,1.0,0.9850230322447716,0.9043240243530434,1.054584927643593,-0.38774191393314283
4,55,0.9223331551210989,0.9830397502699384,0.8992330385915664,1.0,0.9850230322447716,0.9043240243530434,1.0749786863437472,-0.4555570207775501
4,56,0.9260054089742861,0.9821080067763301,0.8918275900384594,1.0,0.9850230322447716,0.9043240243530434,1.1223100120052076,-0.4935280931265744
4,57,0.930260931038022,0.9849787840269071,0.9045226447009286,1.0,0.9850230322447716,0.9043240243530434,1.0861387914819505,-0.46011807924491843
4,58,0.9344375555470024,0.9850543307966592,0.9108701720321631,1.0,0.9850230322447716,0.9043240243530434,1.1509128612183104,-0.5556115046248562
4,59,0.8586550525519799,0.9860112565468514,0.9098122508102908,1.0,0.9850230322447716,0.9043240243530434,1.4665784665190766,-1.0882620435302346
4,60,0.9318854113760289,0.9820576422631622,0.8950013537040766,1.0,0.9850230322447716,0.9043240243530434,1.0851467258574774,-0.45178543548665817
4,61,0.9248982747221886,0.9822215507038353,0.8974087784241144,1.0499963927566554,0.9850230322447716,0.9043240243530434,1.055550700647011,-0.40214176297985915
4,62,0.9308332985592133,0.9837952179674587,0.9045226447009286,1.0,0.9850230322447716,0.9043240243530434,1.0687231471895462,-0.41491756169606075
4,63,0.9281826003666351,0.9840218582767148,0.9024068022571837,1.0,0.9850230322447716,0.9043240243530434,1.1439632100628694,-0.5463121325871692
4,64,0.9082627554506464,0.9821331890329142,0.8960592749259491,1.0,0.9850230322447716,0.9043240243530434,0.9740799669700432,-0.28736207851507434
4,65,0.929423151167781,0.9828382922172665,0.898175117369694,1.0,0.9850230322447716,0.9043240243530434,1.1389313436832422,-0.5449577330814561
4,66,0.9392563665339785,0.9833671196055306,0.898175117369694,1.0,0.9850230322447716,0.9043240243530434,1.0901949920276606,-0.4604608083377417
4,67,0.9366605030398446,0.9851298775664112,0.9024068022571837,1.0,0.9850230322447716,0.9043240243530434,1.1127174020461066,-0.48474737209479235
4,68,0.9301675944949959,0.9836821031955884,0.9048122686409308,1.0,0.9850230322447716,0.9043240243530434,1.1818422009083085,-0.6183219749979039
4,69,0.9569135090223727,0.9855455667195488,0.9079851930195665,1.0,0.9850230322447716,0.9043240243530434,1.1863496724515137,-0.5978720657763412
4,70,0.9217524123512427,0.9822339180592503,0.8939434324822043,1.0,0.9850230322447716,0.9043240243530434,1.0415530587330066,-0.38943448557577875
4,71,0.9247050008511961,0.9890079450803485,0.9235652266946324,1.0,0.9850230322447716,0.9043240243530434,1.276462690435094,-0.7399198336725026
4,72,0.9284559723810724,0.982725189494095,0.8984664198836596,1.0,0.9850230322447716,0.9043240243530434,1.1611042005316143,-0.5765710350620514
4,73,0.9104571480295223,0.9861875323429395,0.9119280932540356,1.0,0.9850230322447716,0.9043240243530434,0.9718127974041749,-0.26890638854914406
4,74,0.9272028950880162,0.9867919065009557,0.9140439356977805,1.0,0.9850230322447716,0.9043240243530434,1.290152381480152,-0.7647822354924922
4,75,0.9266782756001771,0.9839714937635466,0.9002909598134388,1.0,0.9850230322447716,0.9043240243530434,1.175040420018918,-0.619705622233431
4,76,0.9196223367797735,0.984198134072803,0.9034647234790562,1.0,0.9850230322447716,0.9043240243530434,1.0093490599675154,-0.3358867496930147
4,77,0.9041758079809661,0.9859484777517564,0.9090428344791117,1.0,0.9850230322447716,0.9043240243530434,1.0004884140373793,-0.27003030866575317
4,78,0.8245963380766895,0.9892849499027725,0.9225073054727599,1.0,0.9850230322447716,0.9043240243530434,1.3639917189652382,-0.8497102990743144
4,79,0.7018328620446415,0.9865149016785316,0.9119280932540356,1.0,0.9850230322447716,0.9043240243530434,1.456425112227512,-0.9768907053747924
4,80,0.9262292198357498,0.9840218582767148,0.9045226447009286,1.0,0.9850230322447716,0.9043240243530434,1.034548089867462,-0.37139578915088056
4,81,0.9163751561573272,0.9845506856649788,0.9013488810353112,1.044637922495532,0.9850230322447716,0.9043240243530434,1.2162137591237823,-0.6595623733773297
4,82,0.9288974464741596,0.9823850115987544,0.8971171961478216,1.0,0.9850230322447716,0.9043240243530434,1.063572349949665,-0.4237091282412988
4,83,0.9246491514295304,0.9840218582767148,0.8992330385915664,1.0499963927566554,0.9850230322447716,0.9043240243530434,1.1232214962941278,-0.5319436390677583
4,84,0.9263370139636382,0.9866156307048677,0.9108701720321631,1.0,0.9850230322447716,0.9043240243530434,1.1082227701874163,-0.4605435140041545
4,85,0.9180994301281998,0.9823850115987544,0.8950013537040766,1.0,0.9850230322447716,0.9043240243530434,1.0241250239393132,-0.36327111257032474
4,86,0.9179539463720949,0.9836441244279548,0.9024068022571837,1.0,0.9850230322447716,0.9043240243530434,0.96238564961931,-0.24450324912648513
4,87,0.9366432702498937,0.9858349807507635,0.9055805659228009,1.0,0.9850230322447716,0.9043240243530434,1.1743898093584209,-0.593727954010427
4,88,0.9187789976817273,0.9836693066845387,0.9013488810353112,1.0,0.9850230322447716,0.9043240243530434,1.0359163337819373,-0.39172349851353694
4,89,0.8925029361911223,0.9869430000404597,0.9119280932540356,1.0,0.9850230322447716,0.9043240243530434,1.3437016192953664,-0.8404175001828009
4,90,0.9214768720838531,0.9843368336229257,0.9048122686409308,1.0499963927566554,0.9850230322447716,0.9043240243530434,1.186754908371469,-0.5919353027263463
4,91,0.9271807678391056,0.9847901085341594,0.9048122686409308,1.0,0.9850230322447716,0.9043240243530434,1.251327941943732,-0.6953179749361638
4,92,0.9279497615603294,0.9859988416307823,0.9101004759386568,1.0,0.9850230322447716,0.9043240243530434,1.1047614036542175,-0.46640639082874835
4,93,0.9318325947726134,0.986754299816172,0.9143310417768378,1.0,0.9850230322447716,0.9043240243530434,1.1495329651739619,-0.5642937246783999
4,94,0.9251192178742343,0.9805718891247057,0.8928855112603319,1.0,0.9850230322447716,0.9043240243530434,1.0959476592341661,-0.48861469561309234
4,95,0.9049217547582027,0.9819820954934103,0.898175117369694,1.0,0.9850230322447716,0.9043240243530434,0.9738989978693174,-0.2799349852912256
4,96,0.9266844309142342,0.9828634744738505,0.9002909598134388,1.0,0.9850230322447716,0.9043240243530434,1.0649519120833437,-0.4232041773602926
4,97,0.9196624349159466,0.9854068823888352,0.9076964083665459,1.0499963927566554,0.9850230322447716,0.9043240243530434,1.0079143351781625,-0.3314220814447013
4,98,0.9300593129188612,0.984701779204483,0.9013488810353112,1.0,0.9850230322447716,0.9043240243530434,1.0767446024760217,-0.42528769620586515
4,99,0.9286373720645408,0.9842864697438997,0.9016393442622952,1.0,0.9850230322447716,0.9043240243530434,1.213701297444101,-0.6722196588137503
