workload,design,fragment_touches,log_boundary,HES,runtime_ms,fragments,HRC_pred_ms,HES_scaled_pred_ms
0,0,22802,123446.0,369834.0,1.0962,22,1.4798695837465132,0.541769180720537
0,1,23453,111001.0,250657.0,0.988036,36,1.3072084166219402,0.3943815811703597
0,2,4500,43798.6,1289830.0,1.89543,1,1.9280322627934243,1.6795390695058308
0,3,23826,116261.0,272575.0,1.11955,32,1.3602240432187034,0.42148782991752387
0,4,8511,74341.2,1223980.0,1.92248,2,2.040388313617847,1.5981015989336633
0,5,22917,118119.0,325531.0,1.11393,27,1.4104165222501572,0.48697913882594734
0,6,8504,74285.6,1225370.0,2.02739,2,2.041761646616923,1.5998206283048906
0,7,4500,43798.6,1289830.0,1.82353,1,1.9280322627934243,1.6795390695058308
0,8,22467,132612.0,485800.0,1.33977,15,1.645294810503827,0.6851856987520016
0,9,22148,115397.0,321352.0,1.18518,26,1.3783088312281846,0.48181092030626493
0,10,20003,123745.0,522268.0,1.2966,12,1.6036032459817064,0.730286103867048
0,11,22740,109441.0,267491.0,1.0502,35,1.3061912230720918,0.415200387238877
0,12,16873,116962.0,722777.0,1.48762,7,1.7559298825493999,0.9782579457342413
0,13,21943,116112.0,329317.0,1.08093,24,1.3856738310423795,0.4916613296169303
0,14,8524,74453.5,1227220.0,1.87414,2,2.0450667448960536,1.602108545093934
0,15,4500,43798.6,1289830.0,1.85224,1,1.9280322627934243,1.6795390695058308
0,16,22133,120124.0,378373.0,1.23985,22,1.4638838719619185,0.5523294625916947
0,17,19132,121575.0,612615.0,1.46916,11,1.6878000382801621,0.8420193028614837
0,18,23067,111050.0,262113.0,0.987635,35,1.3124674760499482,0.4085493512975388
0,19,16833,115623.0,776828.0,1.63971,8,1.8174708337963041,1.0451034540394228
0,20,12749,98647.5,996460.0,1.79674,4,1.9378093063005613,1.3167249352346582
0,21,16269,116170.0,808171.0,1.68278,6,1.8447659231866984,1.08386571129293
0,22,18102,122206.0,687860.0,1.47564,8,1.7587151599033461,0.9350756805866579
0,23,21499,128812.0,494082.0,1.32122,14,1.6204085808754536,0.695428145696249
0,24,22873,111608.0,267426.0,1.08479,32,1.3162993604842048,0.4151200009733159
0,25,23502,121061.0,312597.0,1.11195,26,1.4177547331920297,0.4709835086910892
0,26,22228,117640.0,338528.0,1.07936,24,1.4087417100071793,0.5030526818028108
0,27,23644,117103.0,288954.0,1.12028,31,1.378949073218339,0.44174393212711427
0,28,4500,43798.6,1289830.0,1.72661,1,1.9280322627934243,1.6795390695058308
0,29,20501,124580.0,496848.0,1.30982,13,1.5865876305701763,0.6988488904738134
0,30,22519,119328.0,348730.0,1.14696,24,1.4336976925906892,0.5156696153605519
0,31,18027,125091.0,763973.0,1.55322,7,1.8604874168249568,1.0292055241350158
0,32,23915,115857.0,265701.0,1.02879,33,1.3524968517999165,0.41298667315650517
0,33,22653,114230.0,292842.0,1.03478,29,1.3511101847817515,0.446552267519439
0,34,20276,125961.0,555144.0,1.41044,12,1.6578987056156171,0.7709442402760164
0,35,23420,123221.0,331775.0,1.12968,24,1.4465870234258509,0.49470116716691337
0,36,23997,117176.0,269678.0,1.06808,32,1.363641337692484,0.4179050758970596
0,37,22802,114589.0,294863.0,1.14937,30,1.3582803456009427,0.4490516620224967
0,38,19219,123661.0,607791.0,1.36869,10,1.690677928739208,0.8360534052450808
0,39,23274,119864.0,328734.0,1.18242,27,1.4284531277043029,0.4909403266504372
0,40,16185,115403.0,799692.0,1.63113,6,1.829806163225262,1.073379632128444
0,41,19908,126265.0,581080.0,1.2789,11,1.6823194716892735,0.8030195969466273
0,42,23363,129956.0,419397.0,1.24988,20,1.5755655637001886,0.6030643265666771
0,43,8646,75520.2,1245900.0,1.98509,2,2.0745119005142354,1.6252103211043833
0,44,22212,129635.0,473992.0,1.28318,16,1.6149965956656982,0.6705826060790153
0,45,22865,119316.0,331904.0,1.04676,26,1.4209783675210348,0.4948607029862575
0,46,23050,127749.0,410413.0,1.29909,20,1.5499072251089725,0.5919537079543711
0,47,20610,127467.0,537526.0,1.31167,12,1.6488663044186502,0.7491558521736558
0,48,20643,118642.0,428511.0,1.20972,17,1.4860540439794425,0.6143357177101051
0,49,21928,112061.0,305602.0,1.03381,27,1.3427875114952976,0.46233270980494934
0,50,21355,125966.0,475388.0,1.24954,15,1.5846291612357373,0.6723090557209097
0,51,16824,117416.0,765813.0,1.47207,7,1.8094817680405597,1.0314810738062805
0,52,15533,115148.0,915917.0,1.68211,5,1.9573940757858836,1.2171164585103746
0,53,18850,123909.0,634932.0,1.33522,9,1.7163828924208266,0.8696189996080146
0,54,22351,119242.0,350334.0,1.13836,23,1.43145415327649,0.5176533010522414
0,55,22374,120197.0,343652.0,1.11311,22,1.4268438660923928,0.5093895929525721
0,56,20256,118692.0,438804.0,1.21133,16,1.4898545740071472,0.6270651920396315
0,57,22757,118680.0,325247.0,1.2723,26,1.4081350845788112,0.4866279126810348
0,58,21993,122542.0,390391.0,1.13673,19,1.483339709479928,0.567192264738032
0,59,23000,121488.0,350354.0,1.14346,24,1.4540475090454104,0.5176780352877987
0,60,22471,120445.0,351442.0,1.12126,23,1.4395651284778048,0.5190235777021118
0,61,22591,109388.0,266769.0,1.03368,34,1.3016250382804722,0.4143074813352611
0,62,23650,113657.0,265518.0,0.993073,34,1.3388733134489184,0.4127603549011566
0,63,8488,74139.0,1220690.0,1.84488,2,2.0351200604168236,1.5940328171844997
0,64,22482,127137.0,428831.0,1.21131,18,1.5573457761804472,0.6147314654790207
0,65,22383,127383.0,442779.0,1.29116,18,1.5730714905327,0.6319811213566303
0,66,22120,120911.0,367472.0,1.13013,21,1.4526624964728532,0.5388480675012286
0,67,18751,123873.0,692623.0,1.62852,9,1.7852868369520252,0.9409661387846113
0,68,20721,124582.0,490335.0,1.38784,14,1.5837079866938955,0.6907941866646027
0,69,21638,122153.0,414207.0,1.18499,19,1.5031850446897985,0.5966457924395769
0,70,23725,115926.0,276111.0,1.05638,32,1.3611322056005775,0.42586084276404146
0,71,17774,119946.0,674539.0,1.80709,8,1.7271680344188702,0.9186014429937674
1,0,23676,117782.0,296934.0,1.05878,29,1.391783199867613,0.45161289211444744
1,1,21661,125981.0,466499.0,1.40357,16,1.580873896524067,0.6613159247275006
1,2,23757,118514.0,293830.0,1.15238,30,1.3922335555103234,0.44777413875596594
1,3,20727,124460.0,486787.0,2.85221,14,1.5790634024328518,0.6864063332767508
1,4,11027,89786.7,1073460.0,3.71817,3,1.9636964312800498,1.411951742129979
1,5,22513,115219.0,306488.0,1.10277,27,1.3679211879800108,0.46342843644013443
1,6,18049,122982.0,732710.0,3.54166,8,1.8154661107311183,0.9905422038237377
1,7,23989,115919.0,269936.0,2.16686,33,1.3596749405211317,0.4182241475357479
1,8,20861,129615.0,594643.0,2.6868,13,1.7324023763460537,0.8197931187897602
1,9,22639,121110.0,354015.0,2.28851,23,1.4488618155707678,0.5222056371065489
1,10,23847,115674.0,274698.0,1.24781,33,1.3614294622130074,0.4241133690219234
1,11,23152,120282.0,322676.0,1.10809,25,1.4194575180304172,0.48344832670015336
1,12,16111,115319.0,850188.0,1.59772,6,1.8902428320357596,1.1358286300633287
1,13,23577,120043.0,313302.0,1.05035,29,1.417070178838895,0.47185539049448144
1,14,24102,119099.0,284038.0,0.989528,31,1.3901358461343618,0.43566425702714806
1,15,21423,125353.0,497667.0,1.25859,16,1.6117811771687651,0.6998617574198819
1,16,21617,129425.0,505346.0,1.26353,14,1.6391093540879078,0.7093584671620788
1,17,4500,43798.6,1301160.0,2.19614,1,1.9420442072365929,1.6935510139489993
1,18,10992,89548.7,1082800.0,1.66211,3,1.9736492279379991,1.4235026301352036
1,19,8509,74220.1,1237570.0,1.76923,2,2.0567534826684435,1.6149085119947986
1,20,21233,131992.0,581635.0,1.3254,12,1.732803217764602,0.8037059719833403
1,21,20048,124127.0,543813.0,1.264,12,1.6325506320864107,0.7569310591210698
1,22,8472,73889.4,1230020.0,1.7851,2,2.045469050652348,1.6055713380719456
1,23,19499,128335.0,663068.0,1.38186,9,1.78085391952081,0.9044151221899204
1,24,20262,124942.0,537308.0,1.26514,12,1.632190108897929,0.748886249006082
1,25,23822,114671.0,266232.0,0.994065,34,1.3471025840389093,0.4136433671105496
1,26,22764,116922.0,320523.0,1.05817,27,1.3967266486311172,0.4807856862424179
1,27,22099,128225.0,472500.0,1.37204,16,1.6059004057928332,0.6687374321064462
1,28,21790,126906.0,489731.0,1.29606,17,1.6156511093194799,0.6900472127507745
1,29,23138,123596.0,369827.0,1.16601,23,1.488243661993431,0.5417605237380919
1,30,13987,108287.0,1031060.0,1.75351,4,2.0411068041556235,1.3595151627486595
1,31,23739,113034.0,262386.0,1.03032,36,1.33506000944158,0.40888697361289494
1,32,22314,114526.0,306094.0,1.07498,27,1.3604997281614573,0.4629411719996571
1,33,19988,128709.0,623010.0,1.36099,10,1.7440211261476897,0.854874921792352
1,34,17346,120481.0,762151.0,1.49177,7,1.8272076393900023,1.0269522352757525
1,35,11769,95857.0,1139660.0,1.83002,3,2.0827865665158063,1.4938220618243978
1,36,8632,75398.2,1252920.0,1.8729,2,2.0824670190118795,1.6338920377849697
1,37,19153,127502.0,718715.0,1.50418,9,1.838829132921532,0.9732344224925686
1,38,20833,121281.0,450742.0,1.23099,16,1.5266136370826162,0.6418290572437398
1,39,21678,124615.0,447133.0,1.19109,18,1.5528702874119165,0.6373657644374384
1,40,22616,124247.0,385090.0,1.2306,21,1.4969781626813423,0.5606364556035891
1,41,21657,129642.0,502593.0,1.26445,14,1.6373517897185912,0.7059537996376266
1,42,20438,126855.0,563319.0,1.38003,12,1.674728977584913,0.7810543590600325
1,43,20819,134189.0,651427.0,1.49817,10,1.8165512518062064,0.8900185603838369
1,44,23644,121385.0,322636.0,1.4729,26,1.4345623037884043,0.48339885822903883
1,45,23873,113032.0,250919.0,0.976037,36,1.3240202269344987,0.39470559965615937
1,46,18988,125084.0,655903.0,1.66213,9,1.7493902808851391,0.8955540823015441
1,47,22768,124372.0,390532.0,1.20327,21,1.5076868100851957,0.5673666410987104
1,48,17030,121407.0,858270.0,1.55662,6,1.9416737756592801,1.1458237346520037
1,49,20137,119179.0,464589.0,1.21301,15,1.5205349812079167,0.6589538052317855
1,50,20454,119792.0,438736.0,1.12996,16,1.4980079030935105,0.6269810956387369
1,51,8405,73408.0,1219910.0,1.77311,2,2.0298225892607618,1.593068181997768
1,52,21410,132228.0,551130.0,1.27225,12,1.700004954701773,0.765980079199681
1,53,22518,119543.0,353819.0,1.10062,24,1.4406686744726982,0.5219632415980882
1,54,20307,131192.0,640079.0,1.35184,10,1.7807189341988585,0.8759843551286667
1,55,19807,127615.0,616998.0,1.31309,10,1.7287675352422396,0.8474398105838498
1,56,23683,122945.0,348048.0,1.09617,27,1.4719910947671884,0.5148261779280505
1,57,20805,126334.0,533911.0,1.23494,14,1.6452834863174002,0.7446851390966872
1,58,15366,113883.0,915135.0,1.6169,5,1.9483799751503428,1.2161493499000873
1,59,20395,132071.0,657533.0,1.47283,10,1.8072372492662971,0.897569922499458
1,60,18792,124242.0,663252.0,1.36685,9,1.7511294557963115,0.9046426771570468
1,61,21458,117987.0,388876.0,1.10722,21,1.4540489208779928,0.5653186463945721
1,62,23106,126933.0,403470.0,1.16494,21,1.5399763972275706,0.58336721808068
1,63,23588,118860.0,302159.0,1.0495,29,1.3996916270823487,0.45807471115377285
1,64,23715,121161.0,313743.0,1.05825,27,1.4245020680220049,0.4724007803885183
1,65,22111,115623.0,317427.0,1.02503,25,1.3733221893782082,0.4769568265781593
1,66,21789,117758.0,352605.0,1.05981,21,1.4162219662698778,0.5204618734997645
1,67,23504,113305.0,270939.0,0.995658,34,1.3410000601168925,0.4194645694489427
1,68,23611,112678.0,257262.0,0.994386,35,1.3245554719394343,0.40255006246313363
1,69,23912,115766.0,270715.0,0.987205,33,1.3583306061394813,0.41918754601070185
1,70,19030,128531.0,725473.0,1.4288,8,1.8476514431206517,0.9815921206873554
1,71,21259,111107.0,316515.0,0.99092,25,1.3374568718694206,0.4758289454367498
2,0,21299,117181.0,373493.0,1.08042,21,1.428661769639993,0.5462943091157315
2,1,22892,127598.0,402606.0,1.17935,20,1.5360480403237893,0.5822986991046079
2,2,22066,125605.0,405791.0,1.1795,17,1.5140847401093893,0.5862376261170962
2,3,16208,115617.0,850243.0,1.56053,6,1.8935611169612656,1.135896649211111
2,4,23343,111045.0,266322.0,0.986493,36,1.3241406659833388,0.4137546711705571
2,5,15590,115682.0,902737.0,1.59968,5,1.9441740497414322,1.2008165972781626
2,6,20541,122704.0,489208.0,1.21362,15,1.5719635721245582,0.6894004124909531
2,7,21528,119197.0,380307.0,1.16002,20,1.449040386270426,0.5547212631700785
2,8,23403,114540.0,267244.0,0.991972,32,1.3380833872871807,0.4148949194297452
2,9,18587,117265.0,527588.0,1.20089,11,1.5557926839256686,0.7368654105252701
2,10,21461,126278.0,461900.0,1.18122,15,1.5714557355227734,0.6556282872611163
2,11,21661,121878.0,409540.0,1.19896,20,1.497057223448551,0.5908740585722981
2,12,23456,117820.0,289947.0,1.11456,29,1.3780976252562471,0.4429719869225305
2,13,21806,117564.0,380988.0,1.19906,24,1.4510905498838205,0.555563463890802
2,14,4500,43798.6,1279060.0,1.70258,1,1.914712876945858,1.6662196836582643
2,15,22812,113166.0,276507.0,0.998531,30,1.3311755553443092,0.4263505806280745
2,16,23557,123576.0,344346.0,1.11898,25,1.4665095340642804,0.5102478709264079
2,17,20823,122037.0,454898.0,1.19635,16,1.5339828582813235,0.6469688313925315
2,18,21561,121957.0,404539.0,1.13933,18,1.488780612562839,0.5846892629712138
2,19,18059,122479.0,708602.0,1.42679,8,1.7842467361382897,0.9607275562830573
2,20,22866,118227.0,318358.0,1.12747,26,1.400699481414093,0.4781082052433482
2,21,14541,107975.0,872593.0,1.52056,5,1.8571270773282136,1.1635371574463114
2,22,22556,124731.0,397027.0,1.23428,20,1.5119089144575413,0.5753990840959196
2,23,20855,125608.0,489914.0,1.21991,14,1.5896799586815322,0.6902735310061231
2,24,13960,108183.0,1022860.0,1.68434,4,2.029992431373947,1.3493741261701968
2,25,4500,43798.6,1279060.0,1.65361,1,1.914712876945858,1.6662196836582643
2,26,8284,72315.2,1186840.0,1.69702,2,1.9825195647145966,1.5521701235038943
2,27,21471,129609.0,500097.0,1.24488,14,1.6297876189667475,0.7028669670400848
2,28,20797,122701.0,448654.0,1.16084,15,1.5278144849614663,0.6392468030515654
2,29,22758,119016.0,322972.0,1.13657,25,1.4064403389629048,0.4838143933864003
2,30,21628,125060.0,451760.0,1.22885,17,1.5588684789961804,0.6430880298336027
2,31,22202,117499.0,326801.0,1.22778,23,1.3931683369255037,0.4885497627838312
2,32,21196,125374.0,489657.0,1.25614,15,1.5966105768820045,0.6899556960792127
2,33,21595,113633.0,329386.0,1.02509,25,1.3695025208924076,0.49174666272960277
2,34,21639,128843.0,515239.0,1.27777,15,1.649963815775867,0.7215932567804608
2,35,15413,114538.0,903163.0,1.64031,5,1.9368133945819521,1.2013434364955315
2,36,23736,121911.0,314692.0,1.07139,27,1.4286138903022016,0.4735744198657086
2,37,22756,123163.0,373926.0,1.13891,22,1.4829270006462174,0.5468298053155455
2,38,21767,117707.0,346947.0,1.0696,21,1.4085415490853246,0.5134645582606252
2,39,23747,114096.0,256899.0,1.00581,33,1.3319239869732755,0.40210113608777
2,40,22060,129055.0,474053.0,1.31957,16,1.6096103810845692,0.6706580454974649
2,41,21704,124263.0,416090.0,1.18176,17,1.5139424346758106,0.5989745207172897
2,42,8452,73820.1,1205760.0,1.73158,2,2.014770654047076,1.5755687103410303
2,43,23131,114265.0,265413.0,0.97733,30,1.3285323378291274,0.4126305001644811
2,44,17199,123087.0,836857.0,1.54093,6,1.92463884669353,1.1193420253526596
2,45,22695,118945.0,330465.0,1.11563,25,1.4139954951272766,0.49308107473791507
2,46,18073,122063.0,671954.0,1.35428,8,1.7378965686798513,0.915404543047996
2,47,24064,113804.0,247444.0,1.00549,35,1.3267264232247318,0.39040802622809123
2,48,8490,74156.6,1208880.0,1.76982,2,2.0206188528771882,1.5794272510879577
2,49,22027,122286.0,378669.0,1.12829,19,1.4688072491601354,0.5526955292779416
2,50,14480,107425.0,868781.0,1.64603,5,1.8491867671759032,1.158822812149104
2,51,21492,123105.0,432854.0,1.23908,17,1.5259192720712471,0.6197067569613568
2,52,23748,115253.0,272932.0,1.01238,33,1.3555472258756516,0.4219293360222204
2,53,15002,111424.0,903731.0,1.64524,5,1.9177091721819077,1.2020458887853567
2,54,19327,127828.0,694645.0,1.68001,9,1.8142120087081102,0.9434667699994469
2,55,21159,117652.0,386651.0,1.14031,20,1.4431807003410773,0.5625669626888307
2,56,23740,114305.0,258963.0,1.02219,33,1.334993396957307,0.4046537091972757
2,57,21681,123488.0,429504.0,1.2183,18,1.5274650228591349,0.6155637725055214
2,58,21067,121343.0,424741.0,1.19425,17,1.5001574469664214,0.609673314307568
2,59,21087,123272.0,448727.0,1.21531,16,1.5365791654925745,0.6393370830113493
2,60,22140,117416.0,330923.0,1.05812,23,1.3965389138981483,0.49364748873217557
2,61,11325,92316.9,1082090.0,1.66238,3,1.9896181287685164,1.422624564772922
2,62,22764,120805.0,336956.0,1.1381,24,1.4297071923728804,0.5011085708880129
2,63,20740,128620.0,538247.0,1.26114,12,1.6565706176749566,0.7500475213654938
2,64,22169,129403.0,468681.0,1.24742,16,1.6066619397193231,0.6640144298267939
2,65,17418,121158.0,755406.0,1.48022,7,1.8227644002040955,1.0186106143340778
2,66,20473,128392.0,589604.0,1.32315,12,1.7130684699385683,0.8135613281411171
2,67,23865,125523.0,348410.0,1.32631,24,1.4851182455433545,0.5152738675916363
2,68,4500,43798.6,1279060.0,1.673,1,1.914712876945858,1.6662196836582643
2,69,15965,113870.0,783210.0,1.50244,6,1.7992569228661366,1.0529961486057338
2,70,23236,113987.0,272992.0,1.06029,31,1.3394659657010357,0.42200353872889196
2,71,23320,116875.0,286681.0,1.0388,29,1.3677829510024595,0.43893288625603544
3,0,16870,120778.0,829522.0,1.50987,6,1.90031145616683,1.1102707444620468
3,1,21835,127295.0,457430.0,1.26933,16,1.578029331373323,0.6501001856140763
3,2,23844,113013.0,251588.0,0.95074,35,1.3241043440208464,0.3955329598355485
3,3,20350,133951.0,675747.0,1.39672,9,1.8348338702749312,0.9200953908214239
3,4,22966,129118.0,451399.0,1.25337,19,1.603084266659331,0.6426415768817948
3,5,21617,128002.0,480961.0,1.21812,15,1.6043134948676734,0.6792012504589308
3,6,17546,121902.0,770211.0,1.7048,7,1.8465063324084823,1.0369201322053145
3,7,22809,118064.0,353062.0,1.10073,28,1.4417478637777676,0.5210270507822471
3,8,11061,89855.0,1086670.0,1.67502,3,1.9810548100939425,1.428288704715527
3,9,23011,127282.0,407126.0,1.17502,20,1.5434036029962384,0.587888636340541
3,10,23165,121870.0,338605.0,1.14828,25,1.4446390170765033,0.5031479086097062
3,11,22522,115625.0,305133.0,1.05692,27,1.3677803475222288,0.46175269198113233
3,12,19477,123444.0,575179.0,1.30809,11,1.6557002039997424,0.7957217607454677
3,13,23617,114723.0,265460.0,1.0079,33,1.3415012102889825,0.41268862561804065
3,14,24264,126839.0,345726.0,1.16929,26,1.495462611854623,0.5119545331798565
3,15,22536,127810.0,439590.0,1.22253,18,1.5741140203241013,0.6280372474970305
3,16,24229,119831.0,283828.0,1.03504,30,1.3952459404746294,0.4354045475537972
3,17,19223,125602.0,636718.0,1.32279,10,1.7328734634660177,0.8718277668432749
3,18,21170,134378.0,616065.0,1.39012,11,1.7816809163797944,0.8462859584951052
3,19,23737,112509.0,245512.0,0.95749,35,1.312433372681535,0.38801869907326325
3,20,22868,119011.0,327871.0,1.05702,26,1.4150669613520899,0.4898730443861429
3,21,23189,122919.0,349706.0,1.11269,23,1.4623510865102816,0.5168766460557446
3,22,23095,117719.0,303625.0,1.03397,27,1.3862030279662974,0.45988773062011756
3,23,22381,129216.0,460037.0,1.24562,17,1.6003428209443222,0.6533242932189608
3,24,23744,122929.0,321318.0,1.0515,26,1.4403147280343025,0.48176887210581765
3,25,19082,126766.0,687648.0,1.39556,9,1.7963409937210497,0.9348134976897513
3,26,23960,121372.0,303327.0,1.03669,28,1.4180641626468575,0.45951919051031487
3,27,22845,120646.0,333691.0,1.0821,23,1.4270539887315654,0.4970707069332957
3,28,14878,110177.0,864265.0,1.52624,5,1.8619230035786098,1.1532378217602823
3,29,22872,125196.0,370890.0,1.10869,20,1.4885246719328553,0.5430751483579586
3,30,22992,117208.0,308767.0,1.03316,28,1.388476644473125,0.4662469025818804
3,31,23325,119526.0,312869.0,1.11955,27,1.4089290571494824,0.4713198942946675
3,32,22493,125709.0,401657.0,1.2117,19,1.5193428560179354,0.5811250596274175
3,33,19478,128754.0,703027.0,1.46081,9,1.8311441654058456,0.9538328881214805
3,34,23538,124208.0,347839.0,1.11118,24,1.4724431644730867,0.5145677051664774
3,35,23084,117461.0,319196.0,1.03848,28,1.4043604212270602,0.47914456971319597
3,36,24319,116320.0,266836.0,1.05453,35,1.3649011095182926,0.4143903410243778
3,37,23972,117586.0,277906.0,0.998241,32,1.3745661708267192,0.42808074040530253
3,38,23625,116455.0,281247.0,1.02069,31,1.3668590352837064,0.43221259445513716
3,39,23480,118774.0,312283.0,1.05066,29,1.4093944740447797,0.4705951811928407
3,40,8265,72122.3,1192190.0,1.71873,2,1.9880607905306293,1.5587865315154523
3,41,20505,130910.0,618321.0,1.42321,11,1.7575429925826414,0.8490759802659603
3,42,23516,123347.0,330746.0,1.05739,24,1.447980540210699,0.4934285907474941
3,43,20159,126244.0,563205.0,1.27879,12,1.6660416283777946,0.7809133739173564
3,44,23296,113176.0,270300.0,0.974045,33,1.3349026718634576,0.4186743106228894
3,45,15091,112201.0,925178.0,1.6138,5,1.9488566749344578,1.2285696462851483
3,46,22886,120741.0,344869.0,1.07437,25,1.4421508584390053,0.5108946711862293
3,47,24054,113619.0,246719.0,0.953975,36,1.3249918174060575,0.3895114101891418
3,48,22051,122691.0,380969.0,1.10067,19,1.4735357309699122,0.5555399663670226
3,49,23226,123199.0,337821.0,1.12034,23,1.4494347551478053,0.5021783265758629
3,50,22156,124892.0,419182.0,1.2285,18,1.5304357395178088,0.602798433534437
3,51,4500,43798.6,1284580.0,1.77181,1,1.9215395259596524,1.6730463326720588
3,52,20827,130731.0,582240.0,1.31766,11,1.7199025610647838,0.8044541826089464
3,53,23516,120899.0,308232.0,1.03494,26,1.4121573118188924,0.46558526178072457
3,54,23511,118142.0,293845.0,1.04637,28,1.3852601065016863,0.44779268943263395
3,55,20046,128460.0,601321.0,1.35366,10,1.717749018649513,0.8280518800423181
3,56,8579,74722.8,1236640.0,1.76178,2,2.0588865590773318,1.6137583700413876
3,57,21971,128088.0,461899.0,1.20129,16,1.5893362859446496,0.6556270505493386
3,58,22287,123968.0,414815.0,1.16532,20,1.5251006292013434,0.5973977132005166
3,59,21726,122873.0,405737.0,1.15452,18,1.4971245413368734,0.5861708436810916
3,60,22220,122840.0,385009.0,1.14637,20,1.482988129982581,0.5605362819495824
3,61,18998,122404.0,588718.0,1.29954,10,1.6578005693411753,0.812465601505932
3,62,19792,122915.0,522969.0,1.24861,12,1.5968074776653882,0.7311530388233287
3,63,8400,73349.3,1204800.0,1.77433,2,2.0108270593913065,1.5743814670342835
3,64,15366,113607.0,920573.0,1.64034,5,1.9542055192553336,1.222874588548097
3,65,22031,120235.0,362635.0,1.0739,21,1.442386012397119,0.5328660926317134
3,66,21728,124390.0,429669.0,1.16823,17,1.5317135745593924,0.6157678299488685
3,67,21736,118353.0,357341.0,1.10646,21,1.4227734437670199,0.5263189404797156
3,68,22484,115913.0,307269.0,1.04979,26,1.3704680276882777,0.46439430833864415
3,69,19328,130820.0,737381.0,1.47639,8,1.8768408270206574,0.9963188845381279
3,70,19023,125136.0,635183.0,1.34261,9,1.7247573883074414,0.8699294142642577
3,71,24126,117252.0,275876.0,1.03258,33,1.3745848634151732,0.4255702154962441
4,0,20808,119499.0,433882.0,1.16801,17,1.4993664449951078,0.6209780966689982
4,1,8346,72846.0,1212860.0,1.7454,2,2.0178856759486674,1.5843493639638457
4,2,17916,120980.0,712200.0,1.42801,8,1.7804504893576178,0.9651772452598022
4,3,21661,126320.0,461804.0,1.21097,16,1.5761725943287594,0.6555095629304417
4,4,22911,126182.0,399636.0,1.23354,21,1.5282055561105767,0.5786256651243598
4,5,11606,94447.1,1140130.0,1.78795,3,2.074942462853013,1.4944033163599926
4,6,23967,114343.0,253948.0,1.03005,34,1.334248152344808,0.3984515996313013
4,7,22184,129515.0,484884.0,1.47185,16,1.62741787457607,0.6840528707634808
4,8,11202,90966.7,1090850.0,1.7718,3,1.9931607082050649,1.4334581599469873
4,9,18642,126210.0,751154.0,1.48812,8,1.8627301029340126,1.0133521158546117
4,10,17410,121323.0,816504.0,1.53637,7,1.898674930352075,1.0941712305378484
4,11,23500,115729.0,277886.0,0.994095,31,1.3573991884926937,0.42805600616974526
4,12,23043,111718.0,265337.0,1.00035,33,1.3180683156252049,0.41253651006936365
4,13,23270,112494.0,260062.0,0.972163,34,1.3194072309241867,0.4060128554411453
4,14,23628,120288.0,313132.0,1.07849,28,1.4188567413715938,0.471645149492245
4,15,4500,43798.6,1300500.0,1.77829,1,1.9412279774632046,1.6927347841756109
4,16,17754,116768.0,612553.0,1.34024,9,1.6396798245505435,0.8419426267312563
4,17,18455,122657.0,687690.0,1.41638,9,1.768268229957705,0.9348654395844216
4,18,21962,122917.0,401989.0,1.17328,19,1.4981772094133348,0.5815356479376674
4,19,8338,72819.7,1206930.0,1.7268,2,2.010278296419436,1.577015663121128
4,20,22945,127289.0,397483.0,1.21332,19,1.5299502475400037,0.5759630246666243
4,21,15871,117736.0,943701.0,1.68579,5,2.008131899578987,1.2514772585464733
4,22,21734,124465.0,420830.0,1.19667,17,1.5211677215605781,0.6048365345443524
4,23,16890,113749.0,655573.0,1.31317,8,1.662743673447935,0.8951459674148499
4,24,17205,119694.0,759253.0,1.45217,7,1.8177456507712804,1.0233682445435104
4,25,16452,117653.0,807726.0,1.54384,6,1.8533491006170757,1.0833153745517816
4,26,23184,117349.0,302062.0,1.04657,29,1.3851548447361905,0.45795475011132025
4,27,13340,103133.0,977503.0,1.61248,4,1.9428712063362485,1.2932805900617412
4,28,18526,122499.0,644209.0,1.33111,9,1.7156477515658821,0.8810919747712339
4,29,20916,121659.0,443021.0,1.17895,16,1.5202471251336092,0.6322804056068727
4,30,11624,94728.4,1132810.0,1.83961,3,2.067229584503899,1.4853505861460479
4,31,13374,103624.0,1002430.0,1.64629,4,1.9760980388025526,1.3241081045484902
4,32,11370,92675.3,1107370.0,1.70276,3,2.023107702960579,1.453888638517256
4,33,22589,118524.0,342197.0,1.1359,25,1.42464194080908,0.5075901773157839
4,34,17953,121180.0,678114.0,1.354,8,1.7398171387878807,0.9230226875996216
4,35,22239,112793.0,288077.0,1.0274,28,1.3308067206516012,0.4406593358979298
4,36,23893,117223.0,276742.0,1.02899,32,1.3700873685339336,0.4266412078958719
4,37,11501,93715.5,1115500.0,1.74564,3,2.039630605896531,1.4639431052712686
4,38,23615,118534.0,305253.0,1.05507,30,1.4030896515063447,0.4619010973944757
4,39,22300,126427.0,437117.0,1.2038,18,1.5610029458387886,0.6249788592703795
4,40,20286,125876.0,543286.0,1.25367,12,1.6431916311674657,0.7562793120141369
4,41,23248,110900.0,255833.0,0.958542,36,1.3084642608126678,0.4007828013325698
4,42,13645,105618.0,1001040.0,1.7134,4,1.9872456785754729,1.322389075177263
4,43,23141,121804.0,346308.0,1.10034,26,1.4533864227824247,0.5126742994345718
4,44,22176,122112.0,376698.0,1.10184,20,1.46930300296997,0.550257970363777
4,45,21098,131028.0,565687.0,1.30604,12,1.7067661226155617,0.7839828925500082
4,46,13401,103751.0,991453.0,1.68269,4,1.9635709643654344,1.3105327193629066
4,47,8631,75378.6,1250700.0,1.78865,2,2.079634134147934,1.6311465376381176
4,48,20467,123832.0,521954.0,1.3485,14,1.6143994394364918,0.7298977763687995
4,49,13536,104791.0,1006080.0,1.67016,4,1.988222105231534,1.328622102537684
4,50,8505,74289.1,1230130.0,1.7507,2,2.04768329721496,1.6057073763675105
4,51,24045,116509.0,267805.0,1.02341,33,1.3602783962636553,0.41558871473712544
4,52,21586,129778.0,512936.0,1.43159,14,1.6489183984332316,0.7187451095560462
4,53,21953,127575.0,455712.0,1.26376,16,1.5795896112608525,0.6479755147797106
4,54,17962,120936.0,670464.0,1.34681,8,1.7297723518443955,0.9135618424989826
4,55,4500,43798.6,1300500.0,1.75197,1,1.9412279774632046,1.6927347841756109
4,56,16806,120457.0,853139.0,1.58949,6,1.926968918962694,1.1394781665197975
4,57,19847,125524.0,578339.0,1.28063,11,1.6750810651491812,0.7996297699635094
4,58,23692,116866.0,279343.0,1.03302,31,1.36741815407234,0.4298578952300892
4,59,22209,133222.0,504786.0,1.26452,14,1.6647021873531052,0.7086659085664765
4,60,16797,116470.0,754589.0,1.49624,7,1.7918828585338555,1.0176002208115653
4,61,19645,127480.0,658087.0,1.39876,10,1.7753367922908052,0.8982550608243932
4,62,19359,126096.0,644613.0,1.37026,10,1.7474427235000267,0.8815916063294899
4,63,22016,119987.0,364288.0,1.09998,21,1.4432694753000288,0.5349103772005182
4,64,22030,123533.0,400232.0,1.15716,19,1.4996098695803917,0.579362745343965
4,65,23727,116892.0,278646.0,1.01936,31,1.3674631875889969,0.42899590712091984
4,66,11526,93869.4,1123380.0,1.75069,3,2.0504649063438842,1.4736883940808156
4,67,21139,123431.0,464218.0,1.25988,16,1.5574770249398622,0.6584949851621988
4,68,22083,124874.0,436179.0,1.19668,19,1.5496824381944618,0.6238188236227457
4,69,15701,116424.0,918234.0,1.57966,5,1.9683658797571366,1.2199819196996793
4,70,17684,115286.0,587886.0,1.30038,10,1.6026983510174406,0.8114366573067514
4,71,23241,126081.0,369413.0,1.13335,21,1.4982519906126186,0.5412485250620573
