phase,query_id,layout,latency_ms,cpu_ms,slices,bytes_seen,signal_sum
full,0,static,123.45312650000001,0.46278274999999996,263.0,269312.0,-128.89151964409507
full,0,temporal,2.3056629166666665,0.4750083333333333,28.0,28672.0,-128.89151964409507
full,1,static,2.6309471666666666,0.5487396666666667,265.0,271360.0,-216.1825482251916
full,1,temporal,2.28899475,0.43890241666666663,28.0,28672.0,-216.1825482251916
full,2,static,2.26371425,0.44267691666666664,265.0,271360.0,-178.54661235659515
full,2,temporal,2.3507419166666668,0.40527700000000005,28.0,28672.0,-178.54661235659515
full,3,static,2.298254,0.4716363333333333,264.0,270336.0,-64.42694054820156
full,3,temporal,2.2660786666666666,0.4767153333333333,28.0,28672.0,-64.42694054820156
full,4,static,2.246453666666667,0.42015675,266.0,272384.0,133.8070028710431
full,4,temporal,2.4761526666666667,0.5877439999999999,28.0,28672.0,133.8070028710431
full,5,static,2.34752175,0.500453,262.0,268288.0,-131.33407469793312
full,5,temporal,2.3970215,0.46384108333333335,28.0,28672.0,-131.33407469793312
full,6,static,2.3657125,0.5062490000000001,266.0,272384.0,-71.55373290697945
full,6,temporal,2.426036416666667,0.43966816666666664,27.0,27648.0,-71.55373290697945
full,7,static,2.4343465833333333,0.47888075,265.0,271360.0,-116.13079642960459
full,7,temporal,2.274246833333333,0.40087350000000005,28.0,28672.0,-116.13079642960459
full,8,static,2.32334325,0.5097224166666666,264.0,270336.0,-212.24225208712133
full,8,temporal,2.25193375,0.38616891666666664,28.0,28672.0,-212.24225208712133
full,9,static,2.2706506666666666,0.3932698333333333,263.0,269312.0,-244.06798176021286
full,9,temporal,2.299779,0.4111336666666667,28.0,28672.0,-244.06798176021286
full,10,static,2.3602298333333334,0.47126808333333337,266.0,272384.0,-219.92116318415518
full,10,temporal,2.304484083333333,0.4525030833333334,28.0,28672.0,-219.92116318415518
full,11,static,2.37985825,0.4841809166666667,266.0,272384.0,157.2991755462777
full,11,temporal,2.3498123333333334,0.4671513333333333,28.0,28672.0,157.2991755462777
full,12,static,2.46133225,0.4189800833333333,264.0,270336.0,-173.65307259578958
full,12,temporal,2.3500529166666664,0.44342941666666663,28.0,28672.0,-173.65307259578958
full,13,static,2.2821150833333337,0.4126783333333333,265.0,271360.0,151.72050262562246
full,13,temporal,2.3087084166666667,0.38984541666666667,28.0,28672.0,151.72050262562246
full,14,static,2.4482756666666665,0.5888879166666666,263.0,269312.0,-195.22530412854437
full,14,temporal,2.3847600833333336,0.4127993333333333,28.0,28672.0,-195.22530412854437
full,15,static,2.36024925,0.4623405,266.0,272384.0,138.7586014750798
full,15,temporal,2.2801628333333332,0.4504411666666666,28.0,28672.0,138.7586014750798
full,16,static,2.3384935833333333,0.4513736666666666,264.0,270336.0,-6.455350305757601
full,16,temporal,2.3948076666666664,0.5140690833333333,28.0,28672.0,-6.455350305757601
full,17,static,2.320785583333333,0.41879008333333334,264.0,270336.0,-13.612228886100716
full,17,temporal,2.26801975,0.43003575,28.0,28672.0,-13.612228886100716
full,18,static,2.2363133333333334,0.40702166666666667,264.0,270336.0,-248.278504676328
full,18,temporal,2.2360812500000002,0.46420725,28.0,28672.0,-248.278504676328
full,19,static,2.681456583333333,0.5203845,264.0,270336.0,-138.71161618630668
full,19,temporal,2.3576134166666667,0.42197766666666664,28.0,28672.0,-138.71161618630668
full,20,static,2.33623,0.4235145,264.0,270336.0,213.41343865723988
full,20,temporal,2.3764568333333336,0.45212824999999995,28.0,28672.0,213.41343865723988
full,21,static,2.2789630833333336,0.4266774166666667,265.0,271360.0,186.97757391504013
full,21,temporal,2.3242368333333334,0.483388,28.0,28672.0,186.97757391504013
full,22,static,2.2502251666666666,0.41116175,265.0,271360.0,-140.00305668870342
full,22,temporal,2.3587045833333335,0.42140975,27.0,27648.0,-140.00305668870342
full,23,static,2.3827214166666666,0.46017916666666664,264.0,270336.0,184.14367650354794
full,23,temporal,2.341413333333333,0.4561980833333334,28.0,28672.0,184.14367650354794
full,24,static,2.2105218333333334,0.3962907500000001,266.0,272384.0,99.74243982689951
full,24,temporal,2.3327701666666667,0.445903,28.0,28672.0,99.74243982689951
full,25,static,2.3744031666666667,0.42405591666666664,265.0,271360.0,125.51251331258617
full,25,temporal,2.2623741666666666,0.4425615,28.0,28672.0,125.51251331258617
full,26,static,2.3519621666666666,0.425803,265.0,271360.0,103.8538242223047
full,26,temporal,2.2602903333333333,0.39282683333333335,28.0,28672.0,103.8538242223047
full,27,static,2.3253174166666666,0.4465145,263.0,269312.0,188.67147484602393
full,27,temporal,2.2843149166666668,0.44847216666666667,27.0,27648.0,188.67147484602393
full,28,static,2.4303146666666664,0.41994766666666666,263.0,269312.0,195.80996510912465
full,28,temporal,2.4590685000000003,0.4428155833333333,28.0,28672.0,195.80996510912465
full,29,static,2.2713301666666665,0.41149858333333333,264.0,270336.0,34.06952676770391
full,29,temporal,2.3240744166666665,0.4333221666666667,28.0,28672.0,34.06952676770391
full,30,static,2.32109075,0.43885225,264.0,270336.0,178.66928248152112
full,30,temporal,2.2628245000000002,0.43609650000000005,28.0,28672.0,178.66928248152112
full,31,static,2.31327025,0.4418790833333333,266.0,272384.0,123.17108841893916
full,31,temporal,2.3366237499999998,0.487936,28.0,28672.0,123.17108841893916
full,32,static,2.382522333333333,0.46511966666666676,264.0,270336.0,14.33856886440937
full,32,temporal,2.3625296666666666,0.48127224999999996,28.0,28672.0,14.33856886440937
full,33,static,2.3783254166666663,0.45907475000000003,266.0,272384.0,138.7586014750798
full,33,temporal,2.338362083333333,0.46252508333333325,28.0,28672.0,138.7586014750798
full,34,static,2.5587839999999997,0.4780817499999999,264.0,270336.0,79.90134622067721
full,34,temporal,2.2921512500000003,0.42843925000000005,28.0,28672.0,79.90134622067721
full,35,static,2.4372670833333334,0.5278198333333334,266.0,272384.0,222.4772167646171
full,35,temporal,2.3704055,0.45902808333333334,28.0,28672.0,222.4772167646171
full,36,static,2.2660109999999998,0.38659250000000006,266.0,272384.0,-70.08850019364465
full,36,temporal,2.4301448333333333,0.5397524166666666,28.0,28672.0,-70.08850019364465
full,37,static,2.4107564166666666,0.49762649999999997,264.0,270336.0,-133.13724617456643
full,37,temporal,2.36397075,0.4828094166666667,28.0,28672.0,-133.13724617456643
full,38,static,2.21268225,0.41555933333333334,266.0,272384.0,-39.834798714834534
full,38,temporal,2.4213995833333333,0.4084925833333333,28.0,28672.0,-39.834798714834534
full,39,static,2.7418316666666667,0.4580074166666666,265.0,271360.0,89.61987157301787
full,39,temporal,2.5137760833333336,0.464713,28.0,28672.0,89.61987157301787
full,40,static,2.2962205,0.4494286666666667,264.0,270336.0,28.67386967721174
full,40,temporal,2.5089585,0.42289275,28.0,28672.0,28.67386967721174
full,41,static,2.2403704166666665,0.38990366666666665,263.0,269312.0,199.25904674345784
full,41,temporal,2.4946844166666664,0.4317074166666666,28.0,28672.0,199.25904674345784
full,42,static,2.469304,0.42880725,266.0,272384.0,-101.93271596363299
full,42,temporal,2.2757786666666666,0.4066375,28.0,28672.0,-101.93271596363299
full,43,static,2.4998258333333334,0.630745,266.0,272384.0,174.96417984494374
full,43,temporal,2.417543916666667,0.42133899999999996,28.0,28672.0,174.96417984494374
full,44,static,2.52496,0.4066855,264.0,270336.0,181.4449673814679
full,44,temporal,2.514161833333333,0.42587308333333335,28.0,28672.0,181.4449673814679
full,45,static,2.3073581666666665,0.4529053333333333,263.0,269312.0,244.08739719781872
full,45,temporal,2.480851083333333,0.49290300000000004,28.0,28672.0,244.08739719781872
full,46,static,2.344875666666667,0.44764825,266.0,272384.0,-53.356039055480316
full,46,temporal,2.563422,0.469234,28.0,28672.0,-53.356039055480316
full,47,static,2.4824635,0.5862643333333333,265.0,271360.0,-247.08829200577625
full,47,temporal,2.45733975,0.5028006666666667,28.0,28672.0,-247.08829200577625
full,48,static,2.2773491666666668,0.4335580833333333,264.0,270336.0,40.45785749438776
full,48,temporal,2.416744833333333,0.4207639166666666,28.0,28672.0,40.45785749438776
full,49,static,2.297482083333333,0.40918108333333336,264.0,270336.0,204.13039866695442
full,49,temporal,2.3603508333333334,0.4610073333333333,28.0,28672.0,204.13039866695442
full,50,static,2.3473480833333333,0.4809059166666667,266.0,272384.0,160.89841954372153
full,50,temporal,2.34929925,0.44602625,28.0,28672.0,160.89841954372153
full,51,static,2.5617110000000003,0.5226675833333333,265.0,271360.0,59.697882190795006
full,51,temporal,2.2979869166666664,0.42490133333333335,28.0,28672.0,59.697882190795006
full,52,static,2.3638133333333333,0.47383083333333337,265.0,271360.0,116.57760762526533
full,52,temporal,2.1948445833333334,0.3785145833333334,28.0,28672.0,116.57760762526533
full,53,static,2.5674228333333335,0.5316994166666668,264.0,270336.0,17.61264268276998
full,53,temporal,2.4364411666666665,0.4877539166666667,28.0,28672.0,17.61264268276998
full,54,static,2.4366006666666666,0.52295675,266.0,272384.0,185.98877202256548
full,54,temporal,2.3428310833333335,0.4123619166666666,28.0,28672.0,185.98877202256548
full,55,static,2.658556,0.5022395833333334,264.0,270336.0,47.151741560734514
full,55,temporal,2.7226659166666667,0.5041189166666667,28.0,28672.0,47.151741560734514
full,56,static,2.2314883333333335,0.4417760833333333,264.0,270336.0,17.304144164302727
full,56,temporal,2.2410606666666664,0.43066175,28.0,28672.0,17.304144164302727
full,57,static,2.26425525,0.5112694166666667,264.0,270336.0,161.86192194466838
full,57,temporal,2.5004941666666665,0.5173584166666666,28.0,28672.0,161.86192194466838
full,58,static,2.4509811666666668,0.423534,266.0,272384.0,-15.377266773144266
full,58,temporal,2.3020866666666664,0.44716874999999995,28.0,28672.0,-15.377266773144266
full,59,static,2.453181333333333,0.56825125,264.0,270336.0,130.11064063420324
full,59,temporal,2.6443084999999997,0.4555773333333333,28.0,28672.0,130.11064063420324
full,60,static,2.2870780833333333,0.45787058333333336,264.0,270336.0,173.01738943857728
full,60,temporal,2.3755053333333334,0.42996191666666667,28.0,28672.0,173.01738943857728
full,61,static,2.27643725,0.4280959166666667,266.0,272384.0,187.00309934378427
full,61,temporal,2.2696905,0.4162238333333333,28.0,28672.0,187.00309934378427
full,62,static,2.285309,0.438667,264.0,270336.0,136.65597964423802
full,62,temporal,2.2746631666666666,0.43723741666666666,28.0,28672.0,136.65597964423802
full,63,static,2.429265333333333,0.5090464166666667,263.0,269312.0,150.2868273047182
full,63,temporal,2.391366833333333,0.4240386666666667,28.0,28672.0,150.2868273047182
full,64,static,2.326645,0.42344716666666665,265.0,271360.0,203.9131611215396
full,64,temporal,2.30678975,0.4458600833333333,28.0,28672.0,203.9131611215396
full,65,static,2.339765583333333,0.4255003333333333,263.0,269312.0,216.94688901395486
full,65,temporal,2.256498833333333,0.40697183333333337,28.0,28672.0,216.94688901395486
full,66,static,2.3737244166666667,0.42565675,266.0,272384.0,198.79177445253742
full,66,temporal,2.3199511666666663,0.39158275,28.0,28672.0,198.79177445253742
full,67,static,2.4241380833333332,0.4885893333333333,266.0,272384.0,-242.5235168546493
full,67,temporal,2.3721071666666664,0.5049015,28.0,28672.0,-242.5235168546493
full,68,static,2.3493037500000002,0.45673258333333333,264.0,270336.0,-239.14193162775652
full,68,temporal,2.4351391666666666,0.4083110833333334,28.0,28672.0,-239.14193162775652
full,69,static,2.510359333333333,0.5480735833333333,265.0,271360.0,-141.82824968575744
full,69,temporal,2.414017083333333,0.42588775,28.0,28672.0,-141.82824968575744
full,70,static,2.3147769166666667,0.3955954166666667,262.0,268288.0,216.9441252978419
full,70,temporal,2.3898805833333334,0.4462376666666667,28.0,28672.0,216.9441252978419
full,71,static,2.36577475,0.39352041666666665,263.0,269312.0,157.0522956021241
full,71,temporal,2.5207118333333334,0.5682395833333334,28.0,28672.0,157.0522956021241
full,72,static,2.338516333333333,0.42395241666666666,264.0,270336.0,-208.55629601807433
full,72,temporal,2.4225057499999996,0.45785824999999997,28.0,28672.0,-208.55629601807433
full,73,static,2.373171,0.47062224999999996,265.0,271360.0,49.50956730027102
full,73,temporal,2.4524873333333335,0.45828083333333325,28.0,28672.0,49.50956730027102
full,74,static,2.5396714166666663,0.5116409166666668,264.0,270336.0,-142.3548132139245
full,74,temporal,2.36631925,0.43403775000000006,28.0,28672.0,-142.3548132139245
full,75,static,2.3691668333333333,0.46193341666666665,266.0,272384.0,31.84170900676348
full,75,temporal,2.319932666666667,0.43522725,28.0,28672.0,31.84170900676348
full,76,static,2.2967859166666664,0.42061675,264.0,270336.0,22.744817101359143
full,76,temporal,2.3805568333333333,0.48182600000000003,28.0,28672.0,22.744817101359143
full,77,static,2.3017871666666667,0.4224565,264.0,270336.0,-6.455350305757601
full,77,temporal,2.394118,0.40429091666666667,28.0,28672.0,-6.455350305757601
full,78,static,2.3054865,0.3878258333333333,264.0,270336.0,-138.54400842191143
full,78,temporal,2.34951475,0.4451634166666667,28.0,28672.0,-138.54400842191143
full,79,static,2.31209125,0.4379298333333333,266.0,272384.0,139.66125854483164
full,79,temporal,2.3338834166666667,0.4441793333333333,28.0,28672.0,139.66125854483164
full,80,static,2.340927166666667,0.4542655,264.0,270336.0,147.13250685287332
full,80,temporal,2.4225581666666667,0.45693,28.0,28672.0,147.13250685287332
full,81,static,2.3620259166666666,0.4343444166666666,266.0,272384.0,145.9377130855222
full,81,temporal,2.3066084166666667,0.4274759166666667,28.0,28672.0,145.9377130855222
full,82,static,2.382349833333333,0.49899224999999997,266.0,272384.0,199.92045136799956
full,82,temporal,2.3397217500000003,0.4858244166666667,28.0,28672.0,199.92045136799956
full,83,static,2.3724311666666664,0.4251551666666667,266.0,272384.0,138.7586014750798
full,83,temporal,2.3544848333333332,0.4021545,28.0,28672.0,138.7586014750798
full,84,static,2.2600925833333334,0.3764669166666667,266.0,272384.0,183.80180926144706
full,84,temporal,2.2849403333333336,0.4311885833333334,28.0,28672.0,183.80180926144706
full,85,static,2.3119985,0.44279183333333333,265.0,271360.0,-64.11702375452158
full,85,temporal,2.26778775,0.4414485833333333,28.0,28672.0,-64.11702375452158
full,86,static,2.2739921666666665,0.4518911666666667,263.0,269312.0,-31.619896031619266
full,86,temporal,2.4122904999999997,0.4738954166666667,28.0,28672.0,-31.619896031619266
full,87,static,2.2815338333333335,0.4625934166666667,265.0,271360.0,-132.47046471741868
full,87,temporal,2.4809461666666666,0.4290545833333333,28.0,28672.0,-132.47046471741868
full,88,static,2.603934666666667,0.558097,264.0,270336.0,184.14367650354794
full,88,temporal,2.2023410833333332,0.39933816666666666,28.0,28672.0,184.14367650354794
full,89,static,2.3772921666666664,0.47631058333333337,266.0,272384.0,186.06425994057113
full,89,temporal,2.3250846666666667,0.41311475000000003,28.0,28672.0,186.06425994057113
full,90,static,2.2294443333333334,0.39757316666666664,266.0,272384.0,232.6508948075365
full,90,temporal,2.3213988333333333,0.40717591666666664,28.0,28672.0,232.6508948075365
full,91,static,2.3767454999999997,0.5109435833333333,264.0,270336.0,-26.31087228257942
full,91,temporal,2.376720166666667,0.46910808333333337,28.0,28672.0,-26.31087228257942
full,92,static,2.244107,0.4121134166666667,266.0,272384.0,224.3896490125356
full,92,temporal,2.617385,0.5632894166666667,28.0,28672.0,224.3896490125356
full,93,static,2.3984015,0.41935849999999997,263.0,269312.0,-118.96823822950707
full,93,temporal,2.3537635,0.4787915833333334,28.0,28672.0,-118.96823822950707
full,94,static,2.3769293333333334,0.4311316666666667,266.0,272384.0,52.941718786518074
full,94,temporal,2.2577879166666666,0.4266506666666667,28.0,28672.0,52.941718786518074
full,95,static,2.5229559166666666,0.39857575,266.0,272384.0,152.32079643042886
full,95,temporal,2.294598666666667,0.3969665,28.0,28672.0,152.32079643042886
full,96,static,2.66094975,0.4412838333333333,264.0,270336.0,-235.99056056161126
full,96,temporal,2.5427411666666666,0.4279171666666666,28.0,28672.0,-235.99056056161126
full,97,static,2.4317315,0.4592428333333333,266.0,272384.0,0.9652392614501409
full,97,temporal,2.3605649166666667,0.40971783333333334,28.0,28672.0,0.9652392614501409
full,98,static,2.314603,0.47757425,264.0,270336.0,47.02846808501505
full,98,temporal,2.4021146666666664,0.47233833333333336,28.0,28672.0,47.02846808501505
full,99,static,2.346794,0.42806974999999997,264.0,270336.0,156.8233929533297
full,99,temporal,2.410348,0.4401238333333333,28.0,28672.0,156.8233929533297
full,100,static,2.38897,0.37616199999999994,266.0,272384.0,226.21612431199785
full,100,temporal,2.4783,0.4993305833333333,28.0,28672.0,226.21612431199785
full,101,static,2.400163083333333,0.459746,264.0,270336.0,158.7432440461518
full,101,temporal,2.3759979166666665,0.4696571666666666,28.0,28672.0,158.7432440461518
full,102,static,2.3204254166666667,0.40591099999999997,265.0,271360.0,-175.35839861456472
full,102,temporal,2.415481666666667,0.45046800000000004,28.0,28672.0,-175.35839861456472
full,103,static,2.4032243333333336,0.41506741666666663,264.0,270336.0,117.63990080373254
full,103,temporal,2.4313078333333333,0.43566058333333335,28.0,28672.0,117.63990080373254
full,104,static,2.311625166666667,0.4433215833333333,265.0,271360.0,-9.514064883296998
full,104,temporal,2.396987333333333,0.4422611666666667,28.0,28672.0,-9.514064883296998
full,105,static,2.353172666666667,0.46385366666666666,266.0,272384.0,-114.55722463554999
full,105,temporal,2.4228057499999998,0.47967508333333336,28.0,28672.0,-114.55722463554999
full,106,static,2.335146,0.42719141666666666,264.0,270336.0,110.60073492243093
full,106,temporal,2.3187846666666667,0.46246608333333333,28.0,28672.0,110.60073492243093
full,107,static,2.5502966666666667,0.4279610833333334,264.0,270336.0,203.71297190325444
full,107,temporal,2.4410068333333332,0.41683508333333336,28.0,28672.0,203.71297190325444
full,108,static,2.433191416666667,0.47558758333333334,264.0,270336.0,44.79036278996181
full,108,temporal,2.438879083333333,0.4398330833333333,28.0,28672.0,44.79036278996181
full,109,static,2.3542195833333333,0.4498338333333333,263.0,269312.0,-118.96823822950707
full,109,temporal,2.3711025,0.47961583333333335,28.0,28672.0,-118.96823822950707
full,110,static,2.344405333333333,0.3929874166666667,263.0,269312.0,23.410297690212328
full,110,temporal,2.333316416666667,0.4297775833333333,28.0,28672.0,23.410297690212328
full,111,static,2.2765828333333333,0.40896925,266.0,272384.0,-101.93271596363299
full,111,temporal,2.27328575,0.44381408333333333,28.0,28672.0,-101.93271596363299
full,112,static,2.7027972499999997,0.7809530833333334,264.0,270336.0,-212.24225208712133
full,112,temporal,2.325088666666667,0.4117709166666667,28.0,28672.0,-212.24225208712133
full,113,static,2.5992644166666667,0.5695560833333334,263.0,269312.0,5.6240892362928365
full,113,temporal,2.3381596666666664,0.3882116666666667,27.0,27648.0,5.6240892362928365
full,114,static,2.3528785,0.4362411666666666,264.0,270336.0,-234.77699292104555
full,114,temporal,2.4011750833333334,0.44832050000000007,28.0,28672.0,-234.77699292104555
full,115,static,2.3320916666666665,0.45062633333333335,262.0,268288.0,-28.61207407041202
full,115,temporal,2.3478748333333335,0.41084716666666665,28.0,28672.0,-28.61207407041202
full,116,static,2.40183025,0.4147290833333333,264.0,270336.0,-248.3850886284491
full,116,temporal,2.54642975,0.4408266666666667,28.0,28672.0,-248.3850886284491
full,117,static,2.300318583333333,0.3948945833333333,267.0,273408.0,211.6502687099376
full,117,temporal,2.32744625,0.44405175,28.0,28672.0,211.6502687099376
full,118,static,2.42856825,0.4313315833333333,264.0,270336.0,-152.4822633548373
full,118,temporal,2.5163983333333335,0.4494684166666667,28.0,28672.0,-152.4822633548373
full,119,static,2.3362086666666664,0.4213530833333334,265.0,271360.0,-244.93781589209144
full,119,temporal,2.343149916666667,0.4439651666666667,28.0,28672.0,-244.93781589209144
resolver,0,static,87.46979358333334,0.19233275000000002,263.0,269312.0,
resolver,0,temporal,1.660942666666667,0.2352770833333333,28.0,28672.0,
resolver,1,static,1.6957204166666668,0.28150325,265.0,271360.0,
resolver,1,temporal,1.7332683333333334,0.21860766666666667,28.0,28672.0,
resolver,2,static,1.6388765833333334,0.23095633333333332,265.0,271360.0,
resolver,2,temporal,1.808368083333333,0.20990983333333332,28.0,28672.0,
resolver,3,static,1.5784196666666668,0.21082399999999998,264.0,270336.0,
resolver,3,temporal,1.6528071666666666,0.21714241666666667,28.0,28672.0,
resolver,4,static,1.6499786666666667,0.2040928333333333,266.0,272384.0,
resolver,4,temporal,1.6052979166666665,0.22165349999999998,28.0,28672.0,
resolver,5,static,1.6952613333333335,0.251816,262.0,268288.0,
resolver,5,temporal,1.8055178333333333,0.26538100000000003,28.0,28672.0,
resolver,6,static,1.6974166666666666,0.19791516666666667,266.0,272384.0,
resolver,6,temporal,1.7926459166666666,0.228506,27.0,27648.0,
resolver,7,static,1.8040459999999998,0.19458841666666668,265.0,271360.0,
resolver,7,temporal,1.6483821666666667,0.21402775,28.0,28672.0,
resolver,8,static,1.7944914166666666,0.23697075,264.0,270336.0,
resolver,8,temporal,1.7068571666666665,0.21265383333333332,28.0,28672.0,
resolver,9,static,1.68079,0.2343626666666667,263.0,269312.0,
resolver,9,temporal,1.6489630833333333,0.209642,28.0,28672.0,
resolver,10,static,1.6705457499999998,0.23903366666666667,266.0,272384.0,
resolver,10,temporal,1.6581131666666666,0.20875416666666669,28.0,28672.0,
resolver,11,static,1.6560926666666667,0.22682225,266.0,272384.0,
resolver,11,temporal,1.6411191666666667,0.2059335,28.0,28672.0,
resolver,12,static,1.68843575,0.206861,264.0,270336.0,
resolver,12,temporal,1.6914456666666666,0.247478,28.0,28672.0,
resolver,13,static,1.7124688333333333,0.2212935,265.0,271360.0,
resolver,13,temporal,1.6414465833333332,0.22870641666666666,28.0,28672.0,
resolver,14,static,1.6377447500000002,0.21205691666666668,263.0,269312.0,
resolver,14,temporal,1.6467219166666667,0.2158783333333333,28.0,28672.0,
resolver,15,static,1.6461075,0.20087958333333333,266.0,272384.0,
resolver,15,temporal,1.7675265,0.23009808333333334,28.0,28672.0,
resolver,16,static,1.6413453333333334,0.22362833333333335,264.0,270336.0,
resolver,16,temporal,1.6265018333333334,0.21412299999999998,28.0,28672.0,
resolver,17,static,1.6750124166666664,0.23047116666666667,264.0,270336.0,
resolver,17,temporal,1.6564705,0.20874616666666665,28.0,28672.0,
resolver,18,static,1.627439,0.1951915,264.0,270336.0,
resolver,18,temporal,1.6315621666666666,0.23947175,28.0,28672.0,
resolver,19,static,1.8055430000000001,0.31872533333333336,264.0,270336.0,
resolver,19,temporal,1.8128140000000001,0.22919208333333332,28.0,28672.0,
resolver,20,static,1.6264715,0.24248266666666665,264.0,270336.0,
resolver,20,temporal,1.6975828333333334,0.22683508333333333,28.0,28672.0,
resolver,21,static,1.6375811666666669,0.25832225000000003,265.0,271360.0,
resolver,21,temporal,1.6841653333333333,0.21865133333333334,28.0,28672.0,
resolver,22,static,1.7100675,0.24142575,265.0,271360.0,
resolver,22,temporal,1.8275875833333333,0.23982158333333334,27.0,27648.0,
resolver,23,static,1.65687225,0.21943325,264.0,270336.0,
resolver,23,temporal,1.8232705833333334,0.23048533333333335,28.0,28672.0,
resolver,24,static,1.9184251666666665,0.22057816666666671,266.0,272384.0,
resolver,24,temporal,1.6610805833333335,0.22439924999999997,28.0,28672.0,
resolver,25,static,1.6080255,0.23871116666666667,265.0,271360.0,
resolver,25,temporal,1.64675975,0.19729583333333334,28.0,28672.0,
resolver,26,static,1.6107775,0.24410649999999998,265.0,271360.0,
resolver,26,temporal,1.666472,0.24314449999999999,28.0,28672.0,
resolver,27,static,1.643529,0.2046734166666667,263.0,269312.0,
resolver,27,temporal,1.6397559166666669,0.21515525,27.0,27648.0,
resolver,28,static,1.8443051666666666,0.2397445,263.0,269312.0,
resolver,28,temporal,1.6474896666666667,0.22105825,28.0,28672.0,
resolver,29,static,1.6999259999999998,0.20441316666666665,264.0,270336.0,
resolver,29,temporal,1.8241484166666666,0.2849635833333333,28.0,28672.0,
resolver,30,static,1.6415110000000002,0.22352241666666664,264.0,270336.0,
resolver,30,temporal,1.703525,0.22545833333333332,28.0,28672.0,
resolver,31,static,1.7250250833333334,0.3683993333333333,266.0,272384.0,
resolver,31,temporal,1.7388540833333332,0.24635583333333333,28.0,28672.0,
resolver,32,static,1.6318045833333334,0.22390049999999997,264.0,270336.0,
resolver,32,temporal,1.8226731666666665,0.28832875,28.0,28672.0,
resolver,33,static,1.7312925833333335,0.24253025000000003,266.0,272384.0,
resolver,33,temporal,1.69487425,0.22016566666666668,28.0,28672.0,
resolver,34,static,2.022163,0.3027619166666667,264.0,270336.0,
resolver,34,temporal,1.7319849166666668,0.2747629166666667,28.0,28672.0,
resolver,35,static,1.6291835,0.21621225,266.0,272384.0,
resolver,35,temporal,1.7423201666666666,0.29231866666666667,28.0,28672.0,
resolver,36,static,1.6542929166666667,0.22025283333333334,266.0,272384.0,
resolver,36,temporal,1.6782365833333335,0.25441766666666665,28.0,28672.0,
resolver,37,static,1.7182124166666666,0.27246975,264.0,270336.0,
resolver,37,temporal,1.7294095833333334,0.2072635833333333,28.0,28672.0,
resolver,38,static,1.593725,0.2022371666666667,266.0,272384.0,
resolver,38,temporal,1.8229297500000001,0.25173233333333334,28.0,28672.0,
resolver,39,static,1.7495035,0.21275291666666665,265.0,271360.0,
resolver,39,temporal,1.8461191666666668,0.24847983333333334,28.0,28672.0,
resolver,40,static,1.7293284166666665,0.22299033333333332,264.0,270336.0,
resolver,40,temporal,1.6667245833333333,0.21764441666666667,28.0,28672.0,
resolver,41,static,1.6003439166666666,0.2109926666666667,263.0,269312.0,
resolver,41,temporal,1.5998146666666668,0.20536883333333333,28.0,28672.0,
resolver,42,static,1.5886850833333332,0.24644925000000004,266.0,272384.0,
resolver,42,temporal,1.6838674166666667,0.20907758333333334,28.0,28672.0,
resolver,43,static,1.7264828333333335,0.22979241666666664,266.0,272384.0,
resolver,43,temporal,1.5642043333333333,0.2116286666666667,28.0,28672.0,
resolver,44,static,1.6904255833333333,0.2272935833333333,264.0,270336.0,
resolver,44,temporal,1.643953,0.20937958333333337,28.0,28672.0,
resolver,45,static,1.6052018333333333,0.20389175,263.0,269312.0,
resolver,45,temporal,1.6018169166666665,0.2108245,28.0,28672.0,
resolver,46,static,1.6651659166666668,0.23059833333333332,266.0,272384.0,
resolver,46,temporal,1.64354975,0.23997516666666666,28.0,28672.0,
resolver,47,static,1.6448971666666667,0.20158883333333333,265.0,271360.0,
resolver,47,temporal,1.6636664166666666,0.20413158333333334,28.0,28672.0,
resolver,48,static,1.6540605833333333,0.21498666666666666,264.0,270336.0,
resolver,48,temporal,1.8629329166666666,0.25222133333333335,28.0,28672.0,
resolver,49,static,1.7494004166666668,0.25466075,264.0,270336.0,
resolver,49,temporal,1.7018388333333334,0.19672166666666668,28.0,28672.0,
resolver,50,static,1.69076975,0.21560841666666666,266.0,272384.0,
resolver,50,temporal,2.0274983333333334,0.22727258333333333,28.0,28672.0,
resolver,51,static,1.6868508333333334,0.23126333333333335,265.0,271360.0,
resolver,51,temporal,1.6578873333333333,0.23491325,28.0,28672.0,
resolver,52,static,1.7736012499999998,0.2146693333333333,265.0,271360.0,
resolver,52,temporal,1.8807448333333332,0.3458663333333334,28.0,28672.0,
resolver,53,static,1.7720285,0.28536500000000004,264.0,270336.0,
resolver,53,temporal,1.7313330833333334,0.29070225,28.0,28672.0,
resolver,54,static,1.5994626666666667,0.20831866666666668,266.0,272384.0,
resolver,54,temporal,1.6712580833333333,0.21513000000000002,28.0,28672.0,
resolver,55,static,1.7359955833333334,0.26095624999999995,264.0,270336.0,
resolver,55,temporal,1.67606175,0.23486208333333333,28.0,28672.0,
resolver,56,static,1.6052021666666667,0.20347116666666668,264.0,270336.0,
resolver,56,temporal,1.64107925,0.22504625,28.0,28672.0,
resolver,57,static,1.6626940833333332,0.20861983333333334,264.0,270336.0,
resolver,57,temporal,1.6397599166666668,0.21712583333333335,28.0,28672.0,
resolver,58,static,1.6203595,0.20848533333333333,266.0,272384.0,
resolver,58,temporal,1.6449961666666664,0.22163116666666668,28.0,28672.0,
resolver,59,static,1.680377,0.21419166666666667,264.0,270336.0,
resolver,59,temporal,1.7206718333333333,0.262283,28.0,28672.0,
resolver,60,static,1.6871636666666667,0.22526808333333334,264.0,270336.0,
resolver,60,temporal,1.5914875833333333,0.2128455,28.0,28672.0,
resolver,61,static,1.6507144166666665,0.21363025,266.0,272384.0,
resolver,61,temporal,1.6995510833333334,0.24446758333333332,28.0,28672.0,
resolver,62,static,1.6546698333333334,0.21178841666666667,264.0,270336.0,
resolver,62,temporal,1.6259791666666665,0.21906124999999999,28.0,28672.0,
resolver,63,static,1.67879475,0.21898583333333332,263.0,269312.0,
resolver,63,temporal,1.6337370833333333,0.20786566666666664,28.0,28672.0,
resolver,64,static,1.5785698333333336,0.209623,265.0,271360.0,
resolver,64,temporal,1.6347269166666667,0.2004285,28.0,28672.0,
resolver,65,static,1.6428350833333332,0.2142339166666667,263.0,269312.0,
resolver,65,temporal,1.6923962499999998,0.22594775,28.0,28672.0,
resolver,66,static,1.5906048333333331,0.20770566666666668,266.0,272384.0,
resolver,66,temporal,1.6361655833333335,0.21539733333333333,28.0,28672.0,
resolver,67,static,1.6159469166666665,0.21693391666666664,266.0,272384.0,
resolver,67,temporal,1.6493918333333335,0.21268050000000002,28.0,28672.0,
resolver,68,static,1.6176730833333333,0.198918,264.0,270336.0,
resolver,68,temporal,1.6292018333333333,0.28654575,28.0,28672.0,
resolver,69,static,1.5830656666666665,0.21164625,265.0,271360.0,
resolver,69,temporal,1.5759325833333333,0.20922133333333334,28.0,28672.0,
resolver,70,static,1.6208605,0.204636,262.0,268288.0,
resolver,70,temporal,1.6856878333333334,0.20143708333333335,28.0,28672.0,
resolver,71,static,1.6697593333333334,0.2032948333333333,263.0,269312.0,
resolver,71,temporal,1.61991025,0.22284141666666665,28.0,28672.0,
resolver,72,static,1.6503090833333334,0.23604424999999998,264.0,270336.0,
resolver,72,temporal,1.6166669999999999,0.20101283333333334,28.0,28672.0,
resolver,73,static,1.68500675,0.21820325,265.0,271360.0,
resolver,73,temporal,1.6346075833333333,0.20823883333333335,28.0,28672.0,
resolver,74,static,1.6926252499999999,0.22038316666666669,264.0,270336.0,
resolver,74,temporal,1.64282675,0.21614133333333332,28.0,28672.0,
resolver,75,static,1.7542056666666666,0.25931933333333335,266.0,272384.0,
resolver,75,temporal,1.6492525833333334,0.20822324999999997,28.0,28672.0,
resolver,76,static,1.575245,0.19945225,264.0,270336.0,
resolver,76,temporal,1.6365570833333332,0.210699,28.0,28672.0,
resolver,77,static,1.6780305833333333,0.232815,264.0,270336.0,
resolver,77,temporal,1.8386134166666668,0.2887686666666667,28.0,28672.0,
resolver,78,static,1.6342864166666666,0.20620283333333334,264.0,270336.0,
resolver,78,temporal,1.6666645000000002,0.21423974999999998,28.0,28672.0,
resolver,79,static,1.6524705,0.212504,266.0,272384.0,
resolver,79,temporal,1.6115333333333333,0.22122558333333334,28.0,28672.0,
resolver,80,static,1.6320078333333334,0.19969225000000002,264.0,270336.0,
resolver,80,temporal,1.6406764999999999,0.21690825,28.0,28672.0,
resolver,81,static,1.8623615833333333,0.21429175,266.0,272384.0,
resolver,81,temporal,1.6802145,0.24238674999999998,28.0,28672.0,
resolver,82,static,2.055639333333333,0.22468991666666668,266.0,272384.0,
resolver,82,temporal,1.7879395833333334,0.23464150000000003,28.0,28672.0,
resolver,83,static,1.7007448333333333,0.20493808333333333,266.0,272384.0,
resolver,83,temporal,1.6834559999999998,0.27753575,28.0,28672.0,
resolver,84,static,1.6830514166666666,0.23858433333333331,266.0,272384.0,
resolver,84,temporal,1.7937549166666666,0.218224,28.0,28672.0,
resolver,85,static,1.7899965,0.216349,265.0,271360.0,
resolver,85,temporal,1.6991007500000002,0.23387558333333333,28.0,28672.0,
resolver,86,static,1.705599,0.21461908333333335,263.0,269312.0,
resolver,86,temporal,1.7214381666666665,0.32193333333333335,28.0,28672.0,
resolver,87,static,1.9513654999999999,0.21287600000000004,265.0,271360.0,
resolver,87,temporal,1.6805605000000001,0.21321408333333333,28.0,28672.0,
resolver,88,static,1.7798433333333332,0.2768684166666667,264.0,270336.0,
resolver,88,temporal,1.7271607500000001,0.22572875,28.0,28672.0,
resolver,89,static,1.76203475,0.3623861666666666,266.0,272384.0,
resolver,89,temporal,1.6435924999999998,0.2263195,28.0,28672.0,
resolver,90,static,1.6646618333333334,0.22551425000000003,266.0,272384.0,
resolver,90,temporal,1.68607,0.23433841666666666,28.0,28672.0,
resolver,91,static,2.03374375,0.20179391666666668,264.0,270336.0,
resolver,91,temporal,1.8403664166666667,0.2507068333333333,28.0,28672.0,
resolver,92,static,1.690421416666667,0.22783258333333334,266.0,272384.0,
resolver,92,temporal,2.022797166666667,0.2305231666666667,28.0,28672.0,
resolver,93,static,1.8035500833333333,0.3396403333333333,263.0,269312.0,
resolver,93,temporal,1.78550725,0.20347033333333334,28.0,28672.0,
resolver,94,static,1.7374720833333333,0.21964150000000002,266.0,272384.0,
resolver,94,temporal,1.6159764166666666,0.22110683333333334,28.0,28672.0,
resolver,95,static,1.6534128333333333,0.24072616666666669,266.0,272384.0,
resolver,95,temporal,1.6799698333333335,0.24334075,28.0,28672.0,
resolver,96,static,1.6738401666666667,0.24237308333333332,264.0,270336.0,
resolver,96,temporal,1.6764400000000002,0.24082733333333337,28.0,28672.0,
resolver,97,static,1.7776056666666669,0.37003600000000003,266.0,272384.0,
resolver,97,temporal,1.7499329166666666,0.20859016666666666,28.0,28672.0,
resolver,98,static,1.7643975,0.21234133333333335,264.0,270336.0,
resolver,98,temporal,1.6684881666666664,0.23072475,28.0,28672.0,
resolver,99,static,1.7407034166666666,0.26100724999999997,264.0,270336.0,
resolver,99,temporal,1.6578935000000001,0.21812849999999998,28.0,28672.0,
resolver,100,static,1.8200830833333332,0.33191858333333335,266.0,272384.0,
resolver,100,temporal,1.7742520833333335,0.24184558333333336,28.0,28672.0,
resolver,101,static,1.7015265833333333,0.25166641666666667,264.0,270336.0,
resolver,101,temporal,1.6352880833333334,0.21076466666666668,28.0,28672.0,
resolver,102,static,1.6045809166666667,0.21250475,265.0,271360.0,
resolver,102,temporal,1.85580425,0.25980383333333334,28.0,28672.0,
resolver,103,static,1.6550423333333333,0.2172165,264.0,270336.0,
resolver,103,temporal,1.5871789166666668,0.21263416666666668,28.0,28672.0,
resolver,104,static,1.6966733333333333,0.26059391666666665,265.0,271360.0,
resolver,104,temporal,1.7512469166666669,0.34027575,28.0,28672.0,
resolver,105,static,1.9418796666666667,0.3522544166666666,266.0,272384.0,
resolver,105,temporal,1.9301955,0.4183064166666666,28.0,28672.0,
resolver,106,static,1.6378151666666667,0.2039145,264.0,270336.0,
resolver,106,temporal,1.69872,0.21833091666666668,28.0,28672.0,
resolver,107,static,1.5643125833333331,0.21621025000000002,264.0,270336.0,
resolver,107,temporal,1.6351974166666665,0.21010558333333332,28.0,28672.0,
resolver,108,static,1.7036389166666666,0.24181558333333333,264.0,270336.0,
resolver,108,temporal,1.7008725,0.21046133333333336,28.0,28672.0,
resolver,109,static,1.7004216666666665,0.20168733333333333,263.0,269312.0,
resolver,109,temporal,1.70629675,0.208682,28.0,28672.0,
resolver,110,static,1.7661455833333335,0.27524333333333334,263.0,269312.0,
resolver,110,temporal,1.8121364166666665,0.24917816666666667,28.0,28672.0,
resolver,111,static,1.82811375,0.21048766666666666,266.0,272384.0,
resolver,111,temporal,1.7696246666666664,0.23818883333333332,28.0,28672.0,
resolver,112,static,1.6471687499999998,0.20865058333333333,264.0,270336.0,
resolver,112,temporal,1.7384774166666668,0.2016635833333333,28.0,28672.0,
resolver,113,static,1.697316,0.21824675000000002,263.0,269312.0,
resolver,113,temporal,1.6462931666666665,0.23691525,27.0,27648.0,
resolver,114,static,1.63730225,0.21295283333333334,264.0,270336.0,
resolver,114,temporal,1.7723685833333331,0.3294559166666667,28.0,28672.0,
resolver,115,static,1.7171029166666667,0.23733458333333332,262.0,268288.0,
resolver,115,temporal,1.873127,0.26256666666666667,28.0,28672.0,
resolver,116,static,1.7261575833333334,0.25905966666666663,264.0,270336.0,
resolver,116,temporal,1.6707281666666667,0.22814633333333334,28.0,28672.0,
resolver,117,static,1.64110625,0.2294145,267.0,273408.0,
resolver,117,temporal,1.6396095,0.20998208333333335,28.0,28672.0,
resolver,118,static,1.7470022500000002,0.21857516666666665,264.0,270336.0,
resolver,118,temporal,1.6518653333333333,0.24092158333333336,28.0,28672.0,
resolver,119,static,1.6035266666666665,0.1986895,265.0,271360.0,
resolver,119,temporal,1.691124,0.21938941666666667,28.0,28672.0,
