run_id,payload_bytes,rep,migration_ms,temporal_version_rows
0,256,0,2.129331,1410
0,256,1,2.150433,1410
0,256,2,2.210954,1410
0,256,3,2.17547,1410
0,256,4,2.407681,1410
0,256,5,2.12229,1410
0,256,6,2.099536,1410
0,256,7,2.183854,1410
0,256,8,2.196152,1410
0,256,9,2.166858,1410
0,256,10,2.092495,1410
0,256,11,2.253678,1410
0,256,12,2.139877,1410
0,256,13,2.181599,1410
0,256,14,2.170503,1410
1,256,0,2.160638,1410
1,256,1,2.091724,1410
1,256,2,2.097693,1410
1,256,3,2.30069,1410
1,256,4,2.209913,1410
1,256,5,2.165866,1410
1,256,6,2.170613,1410
1,256,7,2.097863,1410
1,256,8,2.100978,1410
1,256,9,2.162911,1410
1,256,10,2.169541,1410
1,256,11,2.194029,1410
1,256,12,2.096781,1410
1,256,13,2.094638,1410
1,256,14,2.216893,1410
2,256,0,2.158355,1410
2,256,1,2.177263,1410
2,256,2,2.16886,1410
2,256,3,2.094868,1410
2,256,4,2.355933,1410
2,256,5,2.217864,1410
2,256,6,2.239777,1410
2,256,7,2.252236,1410
2,256,8,2.279538,1410
2,256,9,2.091253,1410
2,256,10,2.088929,1410
2,256,11,2.247079,1410
2,256,12,2.161269,1410
2,256,13,2.17486,1410
2,256,14,2.140457,1410
0,1024,0,3.393382,1410
0,1024,1,3.121411,1410
0,1024,2,3.47779,1410
0,1024,3,3.187081,1410
0,1024,4,3.315144,1410
0,1024,5,3.35214,1410
0,1024,6,3.152499,1410
0,1024,7,3.743362,1410
0,1024,8,4.411202,1410
0,1024,9,3.327783,1410
0,1024,10,3.400724,1410
0,1024,11,3.309095,1410
0,1024,12,3.144927,1410
0,1024,13,3.251918,1410
0,1024,14,3.839638,1410
1,1024,0,3.305049,1410
1,1024,1,3.375175,1410
1,1024,2,3.360273,1410
1,1024,3,3.133229,1410
1,1024,4,3.350107,1410
1,1024,5,3.179138,1410
1,1024,6,3.080049,1410
1,1024,7,3.243456,1410
1,1024,8,3.216084,1410
1,1024,9,3.203886,1410
1,1024,10,4.3966,1410
1,1024,11,3.381755,1410
1,1024,12,3.279531,1410
1,1024,13,3.444139,1410
1,1024,14,3.206409,1410
2,1024,0,3.091966,1410
2,1024,1,3.154851,1410
2,1024,2,3.231929,1410
2,1024,3,3.102493,1410
2,1024,4,3.171327,1410
2,1024,5,3.35809,1410
2,1024,6,3.164546,1410
2,1024,7,3.377799,1410
2,1024,8,3.149824,1410
2,1024,9,3.167431,1410
2,1024,10,3.271429,1410
2,1024,11,3.240331,1410
2,1024,12,3.307162,1410
2,1024,13,3.190206,1410
2,1024,14,3.145077,1410
0,4096,0,11.684723,1410
0,4096,1,11.296387,1410
0,4096,2,11.429087,1410
0,4096,3,12.152451,1410
0,4096,4,12.477582,1410
0,4096,5,11.075653,1410
0,4096,6,10.483827,1410
0,4096,7,11.123184,1410
0,4096,8,10.609597,1410
0,4096,9,10.921019,1410
0,4096,10,10.365168,1410
0,4096,11,10.196262,1410
0,4096,12,10.583588,1410
0,4096,13,10.931043,1410
0,4096,14,10.592682,1410
1,4096,0,10.531218,1410
1,4096,1,11.057244,1410
1,4096,2,14.047707,1410
1,4096,3,11.42443,1410
1,4096,4,11.055982,1410
1,4096,5,11.307273,1410
1,4096,6,11.137596,1410
1,4096,7,14.798464,1410
1,4096,8,11.51038,1410
1,4096,9,10.666854,1410
1,4096,10,10.486561,1410
1,4096,11,10.741838,1410
1,4096,12,10.544639,1410
1,4096,13,10.890743,1410
1,4096,14,10.609787,1410
2,4096,0,10.938855,1410
2,4096,1,11.22013,1410
2,4096,2,10.845484,1410
2,4096,3,10.564218,1410
2,4096,4,10.455834,1410
2,4096,5,10.528455,1410
2,4096,6,12.765037,1410
2,4096,7,11.069113,1410
2,4096,8,12.43613,1410
2,4096,9,10.788639,1410
2,4096,10,10.926165,1410
2,4096,11,10.684591,1410
2,4096,12,10.812183,1410
2,4096,13,10.546973,1410
2,4096,14,11.453163,1410
