query_id,segment,exec_t,lo,hi,window,atoms,ingest_target_rows
0,calibration,11546,10857,11217,360,"4,5,6,7,8,9,10,11",200
1,calibration,10500,10394,10454,60,"2,3,4,5,6,7",1000
2,calibration,4992,4556,4736,180,"8,9",1000
3,calibration,7147,6519,6879,360,"4,5,6,7",200
4,calibration,3077,2608,2968,360,"2,3,4,5",1000
5,calibration,3799,3308,3668,360,"2,3,4,5",5000
6,calibration,10172,9317,10037,720,"4,5,6,7",200
7,calibration,7212,5677,7117,1440,"10,11",200
8,calibration,4936,4671,4851,180,"10,11,12,13,14,15",1000
9,calibration,11052,10556,10736,180,"2,3",200
10,calibration,6365,6270,6330,60,"6,7,8,9,10,11",200
11,calibration,3641,3079,3439,360,"2,3",200
12,calibration,11349,9779,11219,1440,"8,9,10,11,12,13",200
13,calibration,1552,1181,1541,360,"8,9,10,11",1000
14,calibration,8318,8056,8116,60,"4,5,6,7,8,9",1000
15,calibration,9545,9300,9360,60,"12,13",5000
16,calibration,6185,5657,6017,360,"4,5,6,7,8,9,10,11",200
17,calibration,6988,5346,6786,1440,"10,11",200
18,calibration,8312,7671,8031,360,"0,1,12,13,14,15",200
19,calibration,6009,4291,5731,1440,"6,7,8,9",200
20,calibration,1798,1534,1714,180,"10,11,12,13,14,15",1000
21,calibration,4530,3079,4519,1440,"4,5,6,7",200
22,calibration,12329,11899,12259,360,"0,1,2,3,4,5",1000
23,calibration,12046,11789,11849,60,"2,3",1000
24,calibration,8233,7969,8029,60,"10,11",1000
25,calibration,4954,4812,4872,60,"0,1,2,3,4,5,6,7",1000
26,calibration,12973,11996,12716,720,"0,1,2,3",1000
27,calibration,3621,3231,3291,60,"8,9",200
28,calibration,6092,4330,5770,1440,"6,7",200
29,calibration,12544,12230,12410,180,"4,5,6,7",1000
30,calibration,9463,9070,9250,180,"0,1,2,3",1000
31,calibration,12700,12005,12365,360,"2,3,4,5",200
32,calibration,10455,8674,10114,1440,"6,7",1000
33,calibration,1456,464,1184,720,"6,7",1000
34,calibration,9490,8976,9336,360,"6,7,8,9",5000
35,calibration,13484,13225,13405,180,"8,9",200
36,calibration,3884,3807,3867,60,"2,3,4,5,6,7",1000
37,calibration,11723,11324,11504,180,"8,9,10,11,12,13",1000
38,calibration,10176,9752,9932,180,"0,1,2,3",1000
39,calibration,10391,8668,10108,1440,"0,1,10,11,12,13,14,15",200
40,calibration,11301,10786,11146,360,"8,9,10,11,12,13",1000
41,calibration,6847,6468,6648,180,"6,7,8,9,10,11,12,13",200
42,calibration,1606,605,1325,720,"12,13",5000
43,calibration,8806,7898,8618,720,"2,3,4,5",200
44,calibration,6256,5619,5979,360,"0,1,2,3",200
45,calibration,6455,5840,6200,360,"12,13",200
46,calibration,2142,1908,2088,180,"12,13",1000
47,calibration,2995,1366,2806,1440,"4,5,6,7",200
48,calibration,5455,5137,5317,180,"0,1",200
49,calibration,13644,13252,13432,180,"4,5",200
50,calibration,4498,3694,4414,720,"0,1,14,15",200
51,calibration,12479,12277,12457,180,"10,11,12,13",1000
52,calibration,4984,4443,4803,360,"6,7",1000
53,calibration,9119,8440,8800,360,"0,1,2,3",5000
54,calibration,10301,8529,9969,1440,"0,1",1000
55,calibration,11632,9985,11425,1440,"4,5",200
56,calibration,6176,5700,6060,360,"4,5",200
57,calibration,7491,7025,7205,180,"0,1",1000
58,calibration,13760,13175,13535,360,"8,9",1000
59,calibration,6011,5237,5957,720,"8,9,10,11,12,13",5000
60,calibration,9847,9066,9786,720,"14,15",200
61,calibration,2941,1413,2853,1440,"4,5,6,7",200
62,calibration,11276,10849,11209,360,"10,11,12,13",1000
63,calibration,10928,10301,10661,360,"2,3",200
64,calibration,5432,3848,5288,1440,"4,5",200
65,calibration,12841,11886,12606,720,"2,3,4,5",200
66,calibration,12204,12082,12142,60,"8,9",1000
67,calibration,9562,9193,9253,60,"6,7,8,9",200
68,calibration,6266,5955,6135,180,"0,1",5000
69,calibration,2216,1634,1994,360,"12,13",200
70,calibration,5659,4828,5548,720,"14,15",1000
71,calibration,8696,8408,8588,180,"12,13",200
72,calibration,7111,6587,6767,180,"4,5,6,7,8,9",200
73,calibration,11935,11650,11830,180,"4,5,6,7",200
74,calibration,5252,4724,5084,360,"0,1",200
75,calibration,2454,1921,2101,180,"4,5,6,7,8,9",1000
76,calibration,1591,1398,1578,180,"0,1,2,3,4,5",200
77,calibration,10063,9057,9777,720,"0,1",200
78,calibration,13340,11624,13064,1440,"2,3,4,5",5000
79,calibration,5092,4966,5026,60,"4,5",5000
80,calibration,3751,3495,3675,180,"4,5",1000
81,calibration,2679,2188,2368,180,"4,5,6,7,8,9,10,11",1000
82,calibration,14328,13766,14126,360,"2,3",200
83,calibration,2396,730,2170,1440,"2,3",5000
84,calibration,9988,8946,9666,720,"4,5,6,7",1000
85,calibration,9909,9284,9644,360,"8,9",200
86,calibration,3144,1369,2809,1440,"4,5,6,7",200
87,calibration,7514,6620,7340,720,"8,9,10,11,12,13",200
88,calibration,3005,2326,2686,360,"0,1,14,15",200
89,calibration,3234,2942,3122,180,"4,5,6,7,8,9",200
90,calibration,8603,6964,8404,1440,"12,13,14,15",200
91,calibration,12422,12231,12291,60,"8,9",200
92,calibration,9627,9235,9295,60,"0,1,14,15",1000
93,calibration,12076,11624,11804,180,"2,3,4,5,6,7",200
94,calibration,12336,11782,12142,360,"8,9",5000
95,calibration,4038,3615,3795,180,"0,1,2,3",5000
96,calibration,4345,2710,4150,1440,"12,13,14,15",200
97,calibration,14240,13705,14065,360,"6,7,8,9",200
98,calibration,3363,3090,3270,180,"2,3,4,5",1000
99,calibration,8665,7063,8503,1440,"2,3",200
100,calibration,13973,12301,13741,1440,"10,11,12,13",1000
101,calibration,10410,10110,10290,180,"6,7",1000
102,calibration,5457,4960,5320,360,"2,3",200
103,calibration,13731,13028,13388,360,"8,9",1000
104,calibration,7275,6895,7075,180,"2,3,4,5",5000
105,calibration,7623,6913,7273,360,"6,7",200
106,calibration,7142,6832,7012,180,"12,13,14,15",200
107,calibration,3023,2839,3019,180,"6,7,8,9",200
108,calibration,1766,1088,1448,360,"6,7,8,9,10,11,12,13",200
109,calibration,14166,13499,13859,360,"0,1",1000
110,calibration,11843,10995,11715,720,"0,1,2,3",1000
111,calibration,10049,9509,9689,180,"0,1,2,3",1000
112,calibration,4624,3157,4597,1440,"4,5,6,7,8,9,10,11",1000
113,calibration,1778,1570,1750,180,"2,3,4,5,6,7",200
114,calibration,10661,10143,10323,180,"4,5,6,7,8,9",200
115,calibration,8500,8079,8259,180,"12,13,14,15",200
116,calibration,5996,5519,5699,180,"6,7",1000
117,calibration,13874,13489,13549,60,"2,3,4,5,6,7",1000
118,calibration,6296,5804,5984,180,"6,7",200
119,calibration,11932,10881,11601,720,"4,5,6,7",200
120,calibration,7959,7532,7712,180,"8,9,10,11,12,13",1000
121,calibration,12521,12284,12344,60,"0,1,2,3,4,5",200
122,calibration,7361,6661,7021,360,"2,3",1000
123,calibration,7672,7150,7330,180,"4,5,6,7",200
124,calibration,2178,2103,2163,60,"8,9",1000
125,calibration,6495,6205,6385,180,"2,3",1000
126,calibration,5947,5660,5840,180,"0,1,14,15",1000
127,calibration,8154,6642,8082,1440,"4,5,6,7,8,9",1000
128,calibration,13627,12060,13500,1440,"8,9,10,11,12,13,14,15",5000
129,calibration,11596,10998,11358,360,"6,7",1000
130,calibration,10144,9891,10071,180,"6,7,8,9",200
131,calibration,5229,4989,5169,180,"0,1,2,3",200
132,calibration,10550,9875,10235,360,"12,13",1000
133,calibration,3317,1617,3057,1440,"6,7,8,9",5000
134,calibration,12695,12086,12446,360,"0,1,14,15",200
135,calibration,10905,10573,10753,180,"0,1,2,3,12,13,14,15",1000
136,calibration,5068,4690,5050,360,"8,9,10,11,12,13",5000
137,calibration,9337,8836,9196,360,"6,7,8,9",200
138,calibration,8477,7447,8167,720,"6,7",5000
139,calibration,3124,2699,3059,360,"4,5",200
140,calibration,10958,10894,10954,60,"0,1,2,3",1000
141,calibration,13077,12340,13060,720,"0,1,2,3,4,5",1000
142,calibration,8886,8487,8847,360,"0,1,2,3",1000
143,calibration,10979,10461,10641,180,"10,11,12,13",200
144,calibration,2678,2008,2368,360,"8,9",200
145,calibration,6088,5515,5875,360,"2,3,4,5,6,7",1000
146,calibration,4848,4446,4626,180,"6,7,8,9,10,11,12,13",1000
147,calibration,1823,1358,1538,180,"0,1,2,3,4,5",1000
148,calibration,1891,254,1694,1440,"10,11,12,13",5000
149,calibration,5485,5098,5158,60,"0,1,2,3",1000
150,calibration,1818,1520,1700,180,"12,13,14,15",1000
151,calibration,10933,10816,10876,60,"12,13,14,15",200
152,calibration,9809,9532,9712,180,"0,1",5000
153,calibration,10797,10389,10569,180,"2,3,4,5,6,7",200
154,calibration,11193,9499,10939,1440,"0,1,2,3,4,5",200
155,calibration,13007,12675,12855,180,"12,13,14,15",200
156,calibration,3846,3323,3683,360,"0,1,2,3,14,15",1000
157,calibration,4983,3209,4649,1440,"4,5",200
158,calibration,6506,6067,6247,180,"0,1,2,3",200
159,calibration,10193,9623,9983,360,"2,3",200
160,calibration,13326,12855,13035,180,"10,11,12,13,14,15",5000
161,calibration,11788,10139,11579,1440,"4,5",5000
162,calibration,5084,4591,4951,360,"4,5,6,7,8,9",1000
163,calibration,6059,5407,5767,360,"4,5,6,7",5000
164,calibration,10157,8714,10154,1440,"4,5,6,7",1000
165,calibration,13785,13424,13604,180,"10,11",1000
166,calibration,4569,3835,4555,720,"0,1,2,3",200
167,calibration,7566,7344,7524,180,"2,3",1000
168,calibration,9332,8951,9011,60,"2,3,4,5",1000
169,calibration,7581,5863,7303,1440,"12,13,14,15",200
170,calibration,14070,13365,13725,360,"2,3,4,5",5000
171,calibration,6374,4618,6058,1440,"4,5,6,7",5000
172,calibration,9054,7452,8892,1440,"2,3,4,5",1000
173,calibration,8974,7349,8789,1440,"0,1,12,13,14,15",200
174,calibration,4054,3668,4028,360,"8,9,10,11,12,13,14,15",200
175,calibration,12330,11940,12300,360,"0,1",1000
176,calibration,12619,12237,12597,360,"0,1",1000
177,calibration,9186,7478,8918,1440,"2,3,4,5",1000
178,calibration,8679,7967,8327,360,"0,1,2,3,4,5",200
179,calibration,12688,12431,12491,60,"14,15",200
180,regular_holdout,19783,18001,19441,1440,"2,3,4,5",200
181,regular_holdout,25411,25021,25201,180,"14,15",1000
182,regular_holdout,17389,16463,17183,720,"8,9,10,11",5000
183,regular_holdout,20866,20365,20545,180,"14,15",200
184,regular_holdout,21288,20618,20978,360,"0,1,12,13,14,15",200
185,regular_holdout,17394,17007,17367,360,"10,11,12,13",200
186,regular_holdout,25452,23818,25258,1440,"2,3,4,5",5000
187,regular_holdout,16550,15932,16292,360,"0,1,2,3",200
188,regular_holdout,18846,18383,18743,360,"0,1,14,15",1000
189,regular_holdout,19814,19445,19625,180,"8,9,10,11,12,13,14,15",200
190,regular_holdout,26112,24600,26040,1440,"4,5,6,7,8,9",1000
191,regular_holdout,21193,20923,21103,180,"4,5,6,7",1000
192,regular_holdout,18252,17803,17983,180,"0,1,2,3",200
193,regular_holdout,27179,26777,27137,360,"6,7,8,9",1000
194,regular_holdout,19803,19518,19578,60,"0,1,10,11,12,13,14,15",5000
195,regular_holdout,18044,17916,17976,60,"4,5",5000
196,regular_holdout,23768,23577,23757,180,"2,3",200
197,regular_holdout,27828,26202,27642,1440,"2,3",200
198,regular_holdout,23483,23192,23252,60,"0,1,2,3,4,5,6,7",1000
199,regular_holdout,19112,17382,18822,1440,"0,1",1000
200,regular_holdout,18148,17799,17859,60,"0,1,2,3",200
201,regular_holdout,17766,17625,17685,60,"0,1,2,3,4,5",200
202,regular_holdout,23215,22766,22946,180,"4,5,6,7",200
203,regular_holdout,17312,16367,17087,720,"8,9",1000
204,regular_holdout,16441,16020,16200,180,"2,3,4,5",200
205,regular_holdout,20040,18501,19941,1440,"6,7,8,9",200
206,regular_holdout,16111,15850,16030,180,"0,1",1000
207,regular_holdout,21535,19932,21372,1440,"2,3,4,5",1000
208,regular_holdout,28322,26663,28103,1440,"0,1",1000
209,regular_holdout,26350,24679,26119,1440,"2,3",1000
210,regular_holdout,16897,16747,16807,60,"8,9",200
211,regular_holdout,18823,18355,18535,180,"8,9",1000
212,regular_holdout,19031,18540,18720,180,"8,9",5000
213,regular_holdout,18022,17956,18016,60,"0,1,2,3",5000
214,regular_holdout,25759,24056,25496,1440,"4,5",1000
215,regular_holdout,17342,16452,17172,720,"6,7",200
216,regular_holdout,22768,22470,22650,180,"8,9,10,11",1000
217,regular_holdout,17051,16468,16828,360,"6,7",1000
218,regular_holdout,25991,25503,25863,360,"4,5",1000
219,regular_holdout,22409,22176,22356,180,"8,9,10,11",200
220,regular_holdout,16033,15209,15929,720,"6,7,8,9",200
221,regular_holdout,21424,20956,21316,360,"4,5,6,7,8,9",1000
222,regular_holdout,25419,25093,25153,60,"6,7",1000
223,regular_holdout,25327,24628,24988,360,"0,1",1000
224,regular_holdout,26707,26449,26629,180,"2,3,4,5",1000
225,regular_holdout,22467,22140,22200,60,"4,5,6,7,8,9,10,11",200
226,regular_holdout,26262,25478,26198,720,"4,5,6,7,8,9",200
227,regular_holdout,28236,28023,28083,60,"0,1,2,3",1000
228,regular_holdout,19310,18814,19174,360,"8,9,10,11",200
229,regular_holdout,19815,19375,19735,360,"8,9,10,11",1000
230,regular_holdout,17787,17267,17627,360,"4,5,6,7,8,9",1000
231,regular_holdout,16677,16174,16354,180,"2,3,4,5",5000
232,regular_holdout,23151,22157,22877,720,"12,13",1000
233,regular_holdout,22326,20679,22119,1440,"6,7,8,9,10,11",5000
234,regular_holdout,23993,23924,23984,60,"2,3,4,5,6,7,8,9",200
235,regular_holdout,23051,22412,22772,360,"10,11,12,13",1000
236,regular_holdout,27194,26517,26877,360,"14,15",200
237,regular_holdout,23778,23243,23423,180,"14,15",200
238,regular_holdout,18582,16823,18263,1440,"0,1,2,3,4,5",1000
239,regular_holdout,24457,23833,24193,360,"4,5,6,7",5000
240,regular_holdout,17115,15348,16788,1440,"0,1",200
241,regular_holdout,20655,20275,20455,180,"2,3,4,5,6,7",200
242,regular_holdout,20369,19926,20286,360,"0,1",1000
243,regular_holdout,24557,24096,24276,180,"0,1,2,3",200
244,regular_holdout,20228,19311,20031,720,"0,1",200
245,regular_holdout,25140,24751,25111,360,"2,3,4,5,6,7,8,9",1000
246,regular_holdout,24465,24207,24387,180,"0,1,2,3",200
247,regular_holdout,23640,22049,23489,1440,"0,1",1000
248,regular_holdout,24372,23350,24070,720,"0,1",200
249,regular_holdout,24461,24055,24415,360,"0,1",200
250,regular_holdout,25221,24905,24965,60,"0,1,10,11,12,13,14,15",5000
251,regular_holdout,18140,16461,17901,1440,"4,5",200
252,regular_holdout,27353,26929,27289,360,"0,1",1000
253,regular_holdout,22590,22086,22266,180,"0,1",200
254,regular_holdout,24167,23472,23832,360,"2,3,4,5",1000
255,regular_holdout,21397,19665,21105,1440,"6,7,8,9",200
256,regular_holdout,21482,19831,21271,1440,"0,1,2,3",1000
257,regular_holdout,20014,19589,19949,360,"0,1,2,3,12,13,14,15",5000
258,regular_holdout,23625,22906,23266,360,"8,9,10,11,12,13",200
259,regular_holdout,19056,18049,18769,720,"4,5,6,7,8,9",1000
260,regular_holdout,25415,25157,25337,180,"2,3",5000
261,regular_holdout,23732,23555,23615,60,"6,7,8,9",1000
262,regular_holdout,25563,23805,25245,1440,"12,13",1000
263,regular_holdout,24811,23137,24577,1440,"6,7,8,9",200
264,regular_holdout,23352,22952,23312,360,"2,3,4,5,6,7",200
265,regular_holdout,24981,24686,24866,180,"0,1,2,3",1000
266,regular_holdout,19662,19426,19606,180,"2,3,4,5,6,7,8,9",200
267,regular_holdout,26107,25361,26081,720,"6,7,8,9",200
268,regular_holdout,22221,20577,22017,1440,"10,11",200
269,regular_holdout,19407,19220,19400,180,"6,7,8,9",1000
270,regular_holdout,22355,21951,22131,180,"0,1,2,3,4,5,6,7",1000
271,regular_holdout,23814,23170,23530,360,"2,3,4,5,6,7",1000
272,regular_holdout,19202,18868,18928,60,"2,3,4,5",200
273,regular_holdout,21163,20953,21133,180,"2,3,4,5,6,7",1000
274,regular_holdout,24693,23770,24490,720,"0,1,2,3",200
275,regular_holdout,25235,24751,24931,180,"4,5,6,7,8,9",1000
276,regular_holdout,23755,23469,23649,180,"0,1,14,15",200
277,regular_holdout,22741,22213,22393,180,"0,1,2,3",1000
278,regular_holdout,28108,27754,27814,60,"0,1",200
279,regular_holdout,17904,17557,17617,60,"4,5,6,7,8,9,10,11",200
280,regular_holdout,17086,16754,16934,180,"6,7,8,9",5000
281,regular_holdout,22090,21581,21761,180,"8,9,10,11",1000
282,regular_holdout,17888,16423,17863,1440,"2,3,4,5,6,7,8,9",200
283,regular_holdout,22951,21510,22950,1440,"10,11,12,13",1000
284,regular_holdout,16499,16200,16380,180,"4,5",5000
285,regular_holdout,24838,23313,24753,1440,"8,9,10,11",200
286,regular_holdout,27170,25619,27059,1440,"2,3,4,5,6,7",200
287,regular_holdout,18934,18146,18866,720,"4,5,6,7,8,9",1000
288,regular_holdout,23602,21934,23374,1440,"8,9,10,11,12,13",200
289,regular_holdout,19849,19633,19693,60,"2,3,4,5,6,7,8,9",1000
290,regular_holdout,17699,16018,17458,1440,"4,5,6,7",1000
291,regular_holdout,16412,16226,16286,60,"0,1,10,11,12,13,14,15",200
292,regular_holdout,19272,19210,19270,60,"0,1,2,3,4,5,6,7",5000
293,regular_holdout,19378,19213,19273,60,"0,1,2,3",200
294,regular_holdout,16236,15729,15909,180,"8,9",200
295,regular_holdout,22860,22122,22842,720,"2,3,4,5",1000
296,regular_holdout,18061,17706,17766,60,"4,5",5000
297,regular_holdout,24045,23776,23836,60,"0,1,2,3,4,5",200
298,regular_holdout,24941,23239,24679,1440,"2,3,4,5",200
299,regular_holdout,20345,18601,20041,1440,"0,1,2,3",200
300,regular_holdout,17961,17387,17747,360,"2,3,4,5",200
301,regular_holdout,16380,16187,16367,180,"4,5,6,7,8,9",200
302,regular_holdout,25759,24176,25616,1440,"12,13,14,15",200
303,regular_holdout,24148,23854,24034,180,"10,11,12,13",1000
304,regular_holdout,23784,23576,23756,180,"2,3",1000
305,regular_holdout,18310,18038,18218,180,"2,3,4,5",5000
306,regular_holdout,20391,19884,20064,180,"2,3",200
307,regular_holdout,28387,28046,28106,60,"0,1,2,3",1000
308,regular_holdout,17095,16574,16754,180,"0,1,14,15",1000
309,regular_holdout,27597,26078,27518,1440,"0,1,2,3",5000
310,regular_holdout,25186,24872,25052,180,"6,7",1000
311,regular_holdout,22457,22096,22276,180,"8,9,10,11",5000
312,regular_holdout,19224,19005,19065,60,"0,1,12,13,14,15",1000
313,regular_holdout,20390,19420,20140,720,"0,1,14,15",1000
314,regular_holdout,24359,22602,24042,1440,"2,3",200
315,regular_holdout,22958,22428,22608,180,"4,5,6,7,8,9",5000
316,regular_holdout,16544,16379,16439,60,"10,11,12,13",1000
317,regular_holdout,28661,28123,28483,360,"0,1,2,3,4,5",200
318,regular_holdout,20607,20252,20312,60,"0,1,2,3,4,5",200
319,regular_holdout,22636,22283,22463,180,"8,9,10,11,12,13",5000
320,regular_holdout,20955,20705,20885,180,"2,3,4,5,6,7",200
321,regular_holdout,19202,19018,19198,180,"4,5",200
322,regular_holdout,26760,26695,26755,60,"2,3",1000
323,regular_holdout,20276,19806,20166,360,"4,5",1000
324,regular_holdout,19238,19171,19231,60,"4,5",200
325,regular_holdout,21020,20602,20782,180,"0,1",5000
326,regular_holdout,23345,22569,23289,720,"10,11,12,13,14,15",1000
327,regular_holdout,27438,26433,27153,720,"0,1,2,3,12,13,14,15",200
328,regular_holdout,25647,25378,25438,60,"0,1,2,3",200
329,regular_holdout,22922,22035,22755,720,"10,11,12,13",200
330,regular_holdout,17484,15850,17290,1440,"4,5,6,7,8,9",1000
331,regular_holdout,18970,17513,18953,1440,"6,7,8,9",1000
332,regular_holdout,26695,26376,26556,180,"2,3,4,5",5000
333,regular_holdout,19785,19389,19749,360,"0,1,2,3,4,5",200
334,regular_holdout,16275,16080,16140,60,"0,1,2,3",200
335,regular_holdout,18777,17817,18537,720,"0,1,2,3",5000
336,regular_holdout,24126,23714,23894,180,"10,11",5000
337,regular_holdout,22925,22662,22842,180,"4,5,6,7,8,9",1000
338,regular_holdout,27806,27601,27661,60,"12,13,14,15",200
339,regular_holdout,20014,18430,19870,1440,"0,1,2,3,12,13,14,15",200
340,regular_holdout,19193,18661,18841,180,"8,9",5000
341,regular_holdout,23913,22452,23892,1440,"10,11,12,13",1000
342,regular_holdout,21352,20956,21136,180,"0,1",1000
343,regular_holdout,28406,27950,28130,180,"2,3,4,5",5000
344,regular_holdout,21073,20656,21016,360,"4,5,6,7",1000
345,regular_holdout,18918,17179,18619,1440,"8,9",200
346,regular_holdout,16527,16156,16336,180,"12,13",200
347,regular_holdout,18255,17610,17970,360,"0,1,14,15",1000
348,regular_holdout,27647,26828,27548,720,"4,5,6,7,8,9",1000
349,regular_holdout,19427,19014,19074,60,"4,5,6,7,8,9",5000
350,regular_holdout,22361,22255,22315,60,"8,9,10,11,12,13",5000
351,regular_holdout,27821,27476,27536,60,"2,3,4,5,6,7",1000
352,regular_holdout,16533,15861,16221,360,"0,1,2,3",1000
353,regular_holdout,16540,16207,16387,180,"8,9,10,11",200
354,regular_holdout,22729,22443,22623,180,"4,5,6,7,8,9,10,11",200
355,regular_holdout,21534,20042,21482,1440,"0,1,2,3,4,5",200
356,regular_holdout,24165,23714,24074,360,"10,11,12,13",200
357,regular_holdout,21456,19742,21182,1440,"4,5,6,7,8,9,10,11",200
358,regular_holdout,23226,22410,23130,720,"2,3,4,5,6,7",1000
359,regular_holdout,16974,16865,16925,60,"0,1,2,3",200
360,maintenance_burst,32957,32014,32734,720,"4,5,6,7",10000
361,maintenance_burst,32167,31742,31922,180,"6,7,8,9",5000
362,maintenance_burst,34469,33481,34201,720,"2,3,4,5",10000
363,maintenance_burst,35317,34873,35053,180,"10,11,12,13",1000
364,maintenance_burst,31201,30782,30962,180,"0,1,2,3",10000
365,maintenance_burst,33062,31606,33046,1440,"4,5,6,7",5000
366,maintenance_burst,30580,30026,30386,360,"0,1",5000
367,maintenance_burst,32567,31082,32522,1440,"0,1,2,3",5000
368,maintenance_burst,32246,31764,32124,360,"6,7,8,9,10,11",10000
369,maintenance_burst,33142,32120,32840,720,"10,11,12,13",10000
370,maintenance_burst,31749,29997,31437,1440,"2,3,4,5",1000
371,maintenance_burst,31786,30061,31501,1440,"10,11,12,13",5000
372,maintenance_burst,32461,31949,32129,180,"0,1",5000
373,maintenance_burst,34024,33313,33673,360,"0,1",10000
374,maintenance_burst,33675,33208,33388,180,"10,11,12,13,14,15",1000
375,maintenance_burst,33464,31773,33213,1440,"4,5",5000
376,maintenance_burst,32872,31084,32524,1440,"0,1,2,3",1000
377,maintenance_burst,35153,34798,34978,180,"0,1",5000
378,maintenance_burst,33613,33044,33404,360,"8,9",5000
379,maintenance_burst,34255,33849,34029,180,"0,1",10000
380,maintenance_burst,30361,29321,30041,720,"12,13",10000
381,maintenance_burst,34978,33447,34887,1440,"0,1,2,3,4,5",5000
382,maintenance_burst,30500,30075,30435,360,"2,3",1000
383,maintenance_burst,33334,32943,33303,360,"4,5",1000
384,maintenance_burst,30619,30189,30369,180,"8,9,10,11,12,13,14,15",5000
385,maintenance_burst,33508,32989,33349,360,"2,3,4,5",10000
386,maintenance_burst,30392,29698,30058,360,"2,3",10000
387,maintenance_burst,35037,34796,34856,60,"14,15",1000
388,maintenance_burst,34308,34078,34138,60,"2,3,4,5",5000
389,maintenance_burst,32411,32125,32185,60,"0,1,2,3",5000
390,maintenance_burst,34194,34003,34183,180,"2,3",5000
391,maintenance_burst,33430,32696,33416,720,"4,5,6,7",5000
392,maintenance_burst,31181,29523,30963,1440,"4,5,6,7",5000
393,maintenance_burst,30350,29332,30052,720,"10,11",5000
394,maintenance_burst,33594,33344,33404,60,"4,5,6,7",5000
395,maintenance_burst,32319,32073,32133,60,"4,5,6,7",5000
396,maintenance_burst,31179,30651,30831,180,"0,1,14,15",5000
397,maintenance_burst,34177,34029,34089,60,"4,5",1000
398,maintenance_burst,32383,30910,32350,1440,"4,5,6,7,8,9",10000
399,maintenance_burst,35034,34484,34844,360,"8,9,10,11",10000
400,maintenance_burst,30294,28687,30127,1440,"6,7,8,9",1000
401,maintenance_burst,31639,29885,31325,1440,"0,1,14,15",1000
402,maintenance_burst,32906,32518,32698,180,"8,9,10,11",1000
403,maintenance_burst,31824,31396,31756,360,"0,1,2,3",5000
404,maintenance_burst,32314,32131,32191,60,"0,1",10000
405,maintenance_burst,33186,31510,32950,1440,"0,1,14,15",5000
406,maintenance_burst,34080,33603,33963,360,"0,1,2,3,4,5",10000
407,maintenance_burst,31877,30180,31620,1440,"8,9,10,11,12,13",10000
408,maintenance_burst,32166,31823,31883,60,"2,3",1000
409,maintenance_burst,35777,34900,35620,720,"4,5,6,7",5000
410,maintenance_burst,35949,35152,35872,720,"0,1,14,15",5000
411,maintenance_burst,35803,35315,35495,180,"6,7,8,9,10,11",10000
412,maintenance_burst,35157,34668,34848,180,"6,7,8,9",10000
413,maintenance_burst,34203,33793,33973,180,"8,9,10,11",10000
414,maintenance_burst,35603,35169,35349,180,"4,5,6,7,8,9,10,11",10000
415,maintenance_burst,34915,33182,34622,1440,"0,1",10000
416,maintenance_burst,35231,34724,34904,180,"0,1",1000
417,maintenance_burst,33872,33471,33531,60,"12,13",1000
418,maintenance_burst,30494,29760,30480,720,"8,9,10,11,12,13",1000
419,maintenance_burst,34736,34240,34600,360,"2,3",10000
420,maintenance_burst,35264,33593,35033,1440,"10,11,12,13",5000
421,maintenance_burst,31247,30878,31058,180,"10,11,12,13",1000
422,maintenance_burst,35626,35277,35337,60,"6,7,8,9,10,11",1000
423,maintenance_burst,35052,34986,35046,60,"4,5",1000
424,maintenance_burst,32222,31734,32094,360,"0,1,2,3,4,5",1000
425,maintenance_burst,32118,30589,32029,1440,"6,7,8,9",5000
426,maintenance_burst,32534,30995,32435,1440,"0,1,2,3",1000
427,maintenance_burst,34680,34253,34613,360,"8,9,10,11",10000
428,maintenance_burst,32724,30929,32369,1440,"8,9,10,11",10000
429,maintenance_burst,30601,28831,30271,1440,"12,13",5000
430,maintenance_burst,33085,32117,32837,720,"8,9",5000
431,maintenance_burst,33517,32906,33266,360,"6,7,8,9",10000
432,maintenance_burst,31584,31139,31499,360,"4,5",1000
433,maintenance_burst,30445,29985,30165,180,"6,7",5000
434,maintenance_burst,33323,31869,33309,1440,"0,1,2,3,4,5",1000
435,maintenance_burst,35183,34510,34870,360,"0,1,2,3,4,5,14,15",10000
436,maintenance_burst,35763,34903,35623,720,"10,11,12,13,14,15",5000
437,maintenance_burst,35118,34805,34985,180,"2,3,4,5",5000
438,maintenance_burst,30727,30496,30676,180,"6,7,8,9",1000
439,maintenance_burst,34597,34142,34322,180,"10,11,12,13,14,15",5000
440,maintenance_burst,34252,32780,34220,1440,"6,7,8,9",1000
441,maintenance_burst,34145,33907,33967,60,"6,7",10000
442,maintenance_burst,34427,32974,34414,1440,"0,1,2,3,4,5",5000
443,maintenance_burst,31510,31150,31330,180,"4,5,6,7",10000
444,maintenance_burst,35392,35332,35392,60,"0,1,2,3,4,5,6,7",5000
445,maintenance_burst,32002,31186,31906,720,"14,15",1000
446,maintenance_burst,33493,33244,33424,180,"4,5,6,7,8,9",5000
447,maintenance_burst,34986,34715,34775,60,"0,1,14,15",1000
448,maintenance_burst,30512,29898,30258,360,"2,3",10000
449,maintenance_burst,31670,30134,31574,1440,"4,5,6,7",5000
450,maintenance_burst,33286,32908,33088,180,"0,1",5000
451,maintenance_burst,33267,32904,33264,360,"10,11,12,13,14,15",10000
452,maintenance_burst,32016,31060,31780,720,"8,9,10,11",5000
453,maintenance_burst,34255,33917,33977,60,"6,7",5000
454,maintenance_burst,31613,31132,31312,180,"0,1,2,3,4,5",1000
455,maintenance_burst,30680,30345,30405,60,"2,3",1000
456,maintenance_burst,31590,31305,31485,180,"0,1",5000
457,maintenance_burst,35056,34614,34794,180,"10,11,12,13,14,15",10000
458,maintenance_burst,31840,31008,31728,720,"8,9,10,11",5000
459,maintenance_burst,30966,30801,30861,60,"2,3,4,5",10000
460,maintenance_burst,30613,29993,30353,360,"4,5",5000
461,maintenance_burst,35157,35092,35152,60,"6,7,8,9",5000
462,maintenance_burst,31237,30594,30954,360,"0,1,2,3",10000
463,maintenance_burst,31303,30792,30972,180,"6,7,8,9",10000
464,maintenance_burst,33393,31631,33071,1440,"2,3,4,5",1000
465,maintenance_burst,32043,31599,31779,180,"0,1",1000
466,maintenance_burst,35641,34146,35586,1440,"12,13,14,15",10000
467,maintenance_burst,33805,33420,33780,360,"10,11,12,13",1000
468,maintenance_burst,34911,34175,34895,720,"4,5",5000
469,maintenance_burst,31482,29687,31127,1440,"6,7,8,9,10,11",1000
470,maintenance_burst,34740,33240,34680,1440,"10,11",5000
471,maintenance_burst,35995,34414,35854,1440,"0,1,2,3,14,15",5000
472,maintenance_burst,33914,33761,33821,60,"6,7,8,9",10000
473,maintenance_burst,31986,31533,31713,180,"4,5,6,7",5000
474,maintenance_burst,35126,34846,35026,180,"2,3",1000
475,maintenance_burst,35674,34080,35520,1440,"2,3",1000
476,maintenance_burst,35095,34647,34827,180,"12,13,14,15",1000
477,maintenance_burst,34825,34217,34577,360,"8,9",10000
478,maintenance_burst,32951,31388,32828,1440,"10,11",1000
479,maintenance_burst,34918,34044,34764,720,"0,1",5000
480,window_drift,40081,38608,40048,1440,"2,3,4,5",1000
481,window_drift,42259,40517,41957,1440,"0,1,2,3,4,5",1000
482,window_drift,39333,38843,39203,360,"8,9",1000
483,window_drift,42027,41104,41824,720,"2,3,4,5",1000
484,window_drift,41518,39848,41288,1440,"6,7",5000
485,window_drift,40194,37284,40164,2880,"8,9,10,11",5000
486,window_drift,39581,36498,39378,2880,"6,7",1000
487,window_drift,39182,38179,38899,720,"6,7,8,9,10,11",5000
488,window_drift,41155,38019,40899,2880,"14,15",200
489,window_drift,38277,35300,38180,2880,"2,3,4,5",200
490,window_drift,38984,38521,38881,360,"0,1,2,3,4,5",1000
491,window_drift,38733,37223,38663,1440,"6,7",200
492,window_drift,40813,39360,40800,1440,"4,5",1000
493,window_drift,38936,35997,38877,2880,"0,1,10,11,12,13,14,15",1000
494,window_drift,38771,38075,38435,360,"6,7",5000
495,window_drift,40945,40296,40656,360,"10,11,12,13,14,15",200
496,window_drift,42172,41409,42129,720,"4,5",1000
497,window_drift,40961,40165,40885,720,"0,1,2,3",1000
498,window_drift,42860,41282,42722,1440,"6,7,8,9,10,11",1000
499,window_drift,39191,37465,38905,1440,"12,13,14,15",5000
500,window_drift,38590,37730,38450,720,"8,9,10,11",1000
501,window_drift,39957,38444,39884,1440,"12,13",1000
502,window_drift,38837,37913,38633,720,"0,1",200
503,window_drift,42436,41732,42092,360,"0,1,2,3",1000
504,window_drift,41151,39686,41126,1440,"10,11",5000
505,window_drift,37941,37402,37762,360,"2,3,4,5",200
506,window_drift,42081,41176,41896,720,"6,7,8,9",1000
507,window_drift,40597,37621,40501,2880,"2,3",200
508,window_drift,37617,36924,37284,360,"4,5,6,7,8,9",1000
509,window_drift,42659,40918,42358,1440,"4,5",5000
510,window_drift,41543,39811,41251,1440,"0,1,2,3",200
511,window_drift,38718,37905,38625,720,"0,1",1000
512,window_drift,41881,40956,41676,720,"10,11,12,13",1000
513,window_drift,37906,34815,37695,2880,"8,9,10,11,12,13",5000
514,window_drift,42798,39593,42473,2880,"2,3,4,5",5000
515,window_drift,40617,37470,40350,2880,"10,11",200
516,window_drift,39807,39405,39765,360,"0,1",1000
517,window_drift,41994,39081,41961,2880,"4,5,6,7",200
518,window_drift,39220,38228,38948,720,"12,13,14,15",5000
519,window_drift,41336,40511,41231,720,"12,13,14,15",1000
520,window_drift,42579,41754,42474,720,"8,9,10,11",1000
521,window_drift,39613,39078,39438,360,"4,5,6,7",1000
522,window_drift,42291,40598,42038,1440,"14,15",1000
523,window_drift,41408,40603,41323,720,"0,1,2,3",5000
524,window_drift,42055,40515,41955,1440,"4,5",200
525,window_drift,41989,40510,41950,1440,"2,3,4,5",200
526,window_drift,39204,36232,39112,2880,"2,3",200
527,window_drift,39517,38680,39400,720,"6,7",1000
528,window_drift,40486,40085,40445,360,"0,1,2,3",1000
529,window_drift,40577,39546,40266,720,"0,1,2,3,4,5",200
530,window_drift,38949,38475,38835,360,"0,1,10,11,12,13,14,15",200
531,window_drift,39568,38546,39266,720,"4,5",200
532,window_drift,42366,39327,42207,2880,"4,5",200
533,window_drift,41367,39728,41168,1440,"6,7,8,9",200
534,window_drift,38445,38083,38443,360,"0,1,10,11,12,13,14,15",200
535,window_drift,42753,39756,42636,2880,"2,3,4,5",5000
536,window_drift,40542,39910,40270,360,"0,1,2,3",5000
537,window_drift,41441,38282,41162,2880,"2,3,4,5",1000
538,window_drift,42776,41085,42525,1440,"0,1,2,3",5000
539,window_drift,43087,42527,42887,360,"10,11,12,13",5000
540,window_drift,38459,35530,38410,2880,"12,13,14,15",1000
541,window_drift,40404,39562,40282,720,"8,9",1000
542,window_drift,37459,35673,37113,1440,"12,13",200
543,window_drift,41997,40442,41882,1440,"0,1,2,3,4,5,14,15",1000
544,window_drift,40678,37521,40401,2880,"4,5,6,7,8,9",1000
545,window_drift,42372,41599,42319,720,"2,3,4,5",1000
546,window_drift,39680,38077,39517,1440,"6,7,8,9,10,11",5000
547,window_drift,42593,42022,42382,360,"0,1",1000
548,window_drift,39289,36392,39272,2880,"2,3,4,5,6,7",200
549,window_drift,38848,37860,38580,720,"0,1",1000
550,window_drift,43144,40173,43053,2880,"0,1",5000
551,window_drift,38449,35502,38382,2880,"0,1,2,3,4,5",1000
552,window_drift,42112,40352,41792,1440,"0,1,10,11,12,13,14,15",1000
553,window_drift,37951,37188,37908,720,"0,1",5000
554,window_drift,41632,39947,41387,1440,"6,7,8,9",1000
555,window_drift,40311,37328,40208,2880,"0,1,2,3,4,5",5000
556,window_drift,38947,38188,38908,720,"4,5",5000
557,window_drift,38546,35550,38430,2880,"2,3",5000
558,window_drift,37585,37016,37376,360,"4,5,6,7",1000
559,window_drift,39204,37691,39131,1440,"6,7,8,9",200
560,window_drift,42114,41043,41763,720,"0,1,2,3,4,5,6,7",200
561,window_drift,38009,36333,37773,1440,"0,1,2,3",1000
562,window_drift,41330,38426,41306,2880,"0,1,2,3,4,5",1000
563,window_drift,41841,38621,41501,2880,"4,5,6,7,8,9",1000
564,window_drift,41411,40507,41227,720,"14,15",5000
565,window_drift,41055,40379,40739,360,"0,1,2,3",5000
566,window_drift,37866,34740,37620,2880,"8,9,10,11,12,13,14,15",1000
567,window_drift,42556,41021,42461,1440,"0,1,2,3",1000
568,window_drift,41897,41019,41739,720,"10,11,12,13",200
569,window_drift,39704,36542,39422,2880,"6,7,8,9",200
570,window_drift,38759,37242,38682,1440,"8,9,10,11,12,13,14,15",200
571,window_drift,41534,39756,41196,1440,"0,1,12,13,14,15",1000
572,window_drift,38257,36726,38166,1440,"6,7,8,9",1000
573,window_drift,43136,39995,42875,2880,"4,5",1000
574,window_drift,41990,40546,41986,1440,"6,7,8,9",200
575,window_drift,40446,39649,40369,720,"10,11,12,13,14,15",1000
576,window_drift,43038,42443,42803,360,"6,7,8,9,10,11",1000
577,window_drift,38133,34959,37839,2880,"8,9,10,11",5000
578,window_drift,38662,37024,38464,1440,"6,7,8,9,10,11,12,13",200
579,window_drift,43040,42538,42898,360,"10,11",5000
580,window_drift,38730,37655,38375,720,"0,1",1000
581,window_drift,39582,39183,39543,360,"6,7,8,9",1000
582,window_drift,42410,40936,42376,1440,"10,11",1000
583,window_drift,41321,40959,41319,360,"4,5,6,7,8,9",1000
584,window_drift,39913,36825,39705,2880,"8,9,10,11,12,13",1000
585,window_drift,42632,41600,42320,720,"6,7,8,9",200
586,window_drift,38433,36921,38361,1440,"2,3,4,5",5000
587,window_drift,42944,41464,42904,1440,"2,3,4,5,6,7",200
588,window_drift,40977,37959,40839,2880,"8,9,10,11",1000
589,window_drift,42831,42413,42773,360,"6,7",1000
590,window_drift,40441,37475,40355,2880,"4,5,6,7,8,9,10,11",5000
591,window_drift,38157,37173,37893,720,"2,3,4,5",200
592,window_drift,40621,39691,40411,720,"6,7",200
593,window_drift,40478,38859,40299,1440,"0,1,2,3",1000
594,window_drift,42737,39502,42382,2880,"6,7,8,9",1000
595,window_drift,39797,38069,39509,1440,"8,9",1000
596,window_drift,38441,37407,38127,720,"2,3",1000
597,window_drift,42056,41157,41877,720,"0,1",1000
598,window_drift,39231,36067,38947,2880,"0,1",1000
599,window_drift,42039,41263,41983,720,"6,7,8,9",1000
