migration_client_ms,migration_server_insert_ms,migration_wal_wait_ms,wait_wal_supported,rep
30.924995,,23.794765,True,0
35.051254,,24.427943,True,1
26.636622,,19.553684,True,2
33.415331,,21.181304,True,3
30.615047,,23.568974,True,4
35.690991,,27.717716,True,5
31.267623,,22.648502,True,6
32.75962,,25.532674,True,7
34.778367,,26.67484,True,8
33.828876,,24.673814,True,9
32.556783,,21.829575,True,10
35.174836,,27.719995,True,11
42.778307,,34.009078,True,12
39.676077,,32.85282,True,13
37.407036,,30.308944,True,14
