payload_bytes,query_id,layout,resolver_ms,full_ms,version_slices,payload_bytes_seen,signal_sum
256,0,static,0.38206066666666666,2.8545154166666666,265.0,67840.0,186.793093835381
256,0,temporal,0.4121115833333333,2.136867,27.0,6912.0,186.793093835381
256,1,static,0.3671905833333333,2.0603365833333336,264.0,67584.0,148.71129491535748
256,1,temporal,0.3576355,2.0019769166666666,28.0,7168.0,148.71129491535748
256,2,static,0.38690874999999997,2.0524281666666666,267.0,68352.0,-126.87123466668349
256,2,temporal,0.35805766666666666,2.113028583333333,28.0,7168.0,-126.87123466668349
256,3,static,0.36437650000000005,1.8718346666666665,264.0,67584.0,-191.4954042891404
256,3,temporal,0.3548786666666666,1.83845,28.0,7168.0,-191.4954042891404
256,4,static,0.46268783333333335,1.9663999166666668,264.0,67584.0,1.8037555700466423
256,4,temporal,0.348539,1.7721183333333332,28.0,7168.0,1.8037555700466423
256,5,static,0.34730558333333333,1.7930400000000002,263.0,67328.0,216.54924802971172
256,5,temporal,0.3661565,1.8273709166666665,28.0,7168.0,216.54924802971172
256,6,static,0.3689505833333333,1.8775964166666668,264.0,67584.0,211.92356392188944
256,6,temporal,0.33098925,1.7605776666666666,28.0,7168.0,211.92356392188944
256,7,static,0.38441600000000004,1.8562380833333334,264.0,67584.0,-238.38309225623945
256,7,temporal,0.31405299999999997,1.753033,28.0,7168.0,-238.38309225623945
256,8,static,0.3641493333333334,1.8280411666666667,265.0,67840.0,59.69788219079621
256,8,temporal,0.3178095,1.7672066666666666,28.0,7168.0,59.69788219079621
256,9,static,0.38881150000000003,1.8430554166666668,265.0,67840.0,241.9221467486851
256,9,temporal,0.3435958333333333,1.7712720833333335,28.0,7168.0,241.9221467486851
256,10,static,0.3471495,1.8889963333333333,264.0,67584.0,-33.086002666277324
256,10,temporal,0.3171859166666667,1.8946089166666666,28.0,7168.0,-33.086002666277324
256,11,static,0.3370845,1.8717579166666667,265.0,67840.0,-247.88778815770877
256,11,temporal,0.3393219166666667,1.8872297500000002,28.0,7168.0,-247.88778815770877
256,12,static,0.38101325,1.8525839166666664,265.0,67840.0,-97.98815579972643
256,12,temporal,0.3653028333333333,1.9005605,28.0,7168.0,-97.98815579972643
256,13,static,0.4527113333333333,2.1003552500000002,264.0,67584.0,123.14328169347556
256,13,temporal,0.3419015,1.9168,28.0,7168.0,123.14328169347556
256,14,static,0.3501040833333333,1.8294099166666669,266.0,68096.0,-186.9442521615638
256,14,temporal,0.3432584166666666,1.93375125,28.0,7168.0,-186.9442521615638
256,15,static,0.39244708333333334,1.97688925,263.0,67328.0,137.37887422041484
256,15,temporal,0.3484081666666667,1.9631065,28.0,7168.0,137.37887422041484
256,16,static,0.37424883333333336,1.75355725,264.0,67584.0,-138.54400842191214
256,16,temporal,0.32840549999999996,1.78857325,28.0,7168.0,-138.54400842191214
256,17,static,0.3526591666666667,1.89917425,265.0,67840.0,170.51056297579052
256,17,temporal,0.31282950000000004,1.80263775,28.0,7168.0,170.51056297579052
256,18,static,0.4720580833333334,2.2905456666666666,264.0,67584.0,-74.22000324675422
256,18,temporal,0.33145766666666665,1.79167375,28.0,7168.0,-74.22000324675422
256,19,static,0.3701700833333333,1.9612454166666666,264.0,67584.0,189.3947249606564
256,19,temporal,0.34520016666666664,1.951798,28.0,7168.0,189.3947249606564
256,20,static,0.36552475,1.83867875,264.0,67584.0,-163.44793692128312
256,20,temporal,0.3737098333333333,1.8900348333333332,28.0,7168.0,-163.44793692128312
256,21,static,0.369474,1.9304998333333332,264.0,67584.0,211.92356392188944
256,21,temporal,0.34113941666666664,1.8706610000000001,28.0,7168.0,211.92356392188944
256,22,static,0.371143,2.0371155,265.0,67840.0,-31.468994706350767
256,22,temporal,0.3803453333333333,2.0351426666666668,28.0,7168.0,-31.468994706350767
256,23,static,0.34470825,1.7367323333333333,266.0,68096.0,184.30456222609757
256,23,temporal,0.3313548333333333,1.93785925,28.0,7168.0,184.30456222609757
256,24,static,0.3490566666666666,1.8724048333333334,263.0,67328.0,67.37671667167861
256,24,temporal,0.3092823333333333,1.9578701666666667,28.0,7168.0,67.37671667167861
256,25,static,0.3440215,1.8211799166666667,266.0,68096.0,153.94378489364385
256,25,temporal,0.3244654166666667,1.8001540833333334,28.0,7168.0,153.94378489364385
256,26,static,0.3311045833333333,1.8387521666666666,264.0,67584.0,169.6207332086364
256,26,temporal,0.32679874999999997,2.0286945833333334,28.0,7168.0,169.6207332086364
256,27,static,0.3405831666666666,1.88679325,265.0,67840.0,20.024990636616565
256,27,temporal,0.3271779166666667,1.8451928333333332,28.0,7168.0,20.024990636616565
256,28,static,0.3254925,1.8037143333333334,263.0,67328.0,225.15659156332768
256,28,temporal,0.33213508333333336,1.7277353333333334,28.0,7168.0,225.15659156332768
256,29,static,0.31253325,1.8063425833333333,266.0,68096.0,-227.99545430875278
256,29,temporal,0.3070431666666667,1.7839871666666667,28.0,7168.0,-227.99545430875278
256,30,static,0.35713391666666666,1.8720735,266.0,68096.0,-236.30576831321787
256,30,temporal,0.31947025,1.8968674166666668,28.0,7168.0,-236.30576831321787
256,31,static,0.3447049166666667,1.8620933333333334,266.0,68096.0,118.25621079137342
256,31,temporal,0.4140838333333334,1.9616209166666667,28.0,7168.0,118.25621079137342
256,32,static,0.34133083333333336,1.9300734166666667,263.0,67328.0,-182.83597712776816
256,32,temporal,0.3481353333333333,1.9213585,27.0,6912.0,-182.83597712776816
256,33,static,0.4233078333333333,1.8590153333333335,265.0,67840.0,184.0271751149484
256,33,temporal,0.33343324999999996,1.8381541666666665,28.0,7168.0,184.0271751149484
256,34,static,0.35534208333333334,1.8461893333333332,265.0,67840.0,-136.58389545204253
256,34,temporal,0.31201591666666667,1.7409616666666665,28.0,7168.0,-136.58389545204253
256,35,static,0.3324146666666667,1.7888945833333334,265.0,67840.0,187.38259779306637
256,35,temporal,0.31002433333333335,1.8715191666666666,28.0,7168.0,187.38259779306637
256,36,static,0.36666983333333336,1.7469262500000002,265.0,67840.0,240.48304709220568
256,36,temporal,0.330003,1.7265564166666667,28.0,7168.0,240.48304709220568
256,37,static,0.3674918333333333,1.8765535,263.0,67328.0,-93.29855708852403
256,37,temporal,0.3866209166666667,1.9249413333333332,28.0,7168.0,-93.29855708852403
256,38,static,0.45920099999999997,2.0361885,264.0,67584.0,-225.59809303038477
256,38,temporal,0.35699183333333334,1.8898641666666667,28.0,7168.0,-225.59809303038477
256,39,static,0.3462734166666667,1.8676059166666665,266.0,68096.0,-159.8543674704573
256,39,temporal,0.3308331666666667,1.8380029999999998,28.0,7168.0,-159.8543674704573
256,40,static,0.35783541666666663,1.9277759166666666,265.0,67840.0,89.61987157301824
256,40,temporal,0.3623073333333333,1.9161890833333333,28.0,7168.0,89.61987157301824
256,41,static,0.36625158333333335,2.0875833333333333,264.0,67584.0,-241.00018021971604
256,41,temporal,0.31974316666666663,1.8833837500000001,28.0,7168.0,-241.00018021971604
256,42,static,0.3468098333333333,1.9223609999999998,263.0,67328.0,100.28658366799716
256,42,temporal,0.3467456666666667,1.8656480833333333,28.0,7168.0,100.28658366799716
256,43,static,0.37356866666666666,2.063668416666667,266.0,68096.0,195.7833556050479
256,43,temporal,0.4090228333333334,2.0556135833333333,28.0,7168.0,195.7833556050479
256,44,static,0.3769921666666667,1.9657748333333334,263.0,67328.0,212.41454141262366
256,44,temporal,0.33319775,1.82502325,28.0,7168.0,212.41454141262366
256,45,static,0.35158433333333333,1.8635355833333334,265.0,67840.0,214.00759697799683
256,45,temporal,0.32723275,1.9334335000000002,28.0,7168.0,214.00759697799683
256,46,static,0.3754281666666666,1.9592023333333335,266.0,68096.0,116.06880128455212
256,46,temporal,0.3424525,1.9961689166666667,28.0,7168.0,116.06880128455212
256,47,static,0.71830125,2.42280925,265.0,67840.0,85.17509114678313
256,47,temporal,0.3601183333333333,2.006628,28.0,7168.0,85.17509114678313
256,48,static,0.37795683333333335,1.826306083333333,264.0,67584.0,243.35855270289872
256,48,temporal,0.3479373333333333,1.721875,28.0,7168.0,243.35855270289872
256,49,static,0.34927274999999997,1.8419821666666667,265.0,67840.0,186.793093835381
256,49,temporal,0.40285875,1.967288,27.0,6912.0,186.793093835381
256,50,static,0.3498058333333333,1.875142,264.0,67584.0,110.60073492243193
256,50,temporal,0.3061594166666667,1.7991793333333332,28.0,7168.0,110.60073492243193
256,51,static,0.32097491666666667,1.7940805833333335,263.0,67328.0,20.95695970220276
256,51,temporal,0.30741375,1.7784546666666667,28.0,7168.0,20.95695970220276
256,52,static,0.33639841666666664,1.8202074166666666,264.0,67584.0,178.7709501954258
256,52,temporal,0.33519075,1.8035049166666666,28.0,7168.0,178.7709501954258
256,53,static,0.31260075,1.8268469166666668,263.0,67328.0,-81.6007010143809
256,53,temporal,0.29006675,1.7403663333333332,28.0,7168.0,-81.6007010143809
256,54,static,0.37484625,1.8053600833333334,265.0,67840.0,59.46953528060195
256,54,temporal,0.41714091666666664,2.0107640833333336,28.0,7168.0,59.46953528060195
256,55,static,0.38962425,1.79726375,264.0,67584.0,117.63990080373289
256,55,temporal,0.3252265833333334,1.7519179999999999,28.0,7168.0,117.63990080373289
256,56,static,0.3596644166666667,1.7357302499999998,265.0,67840.0,171.20607968492254
256,56,temporal,0.30688566666666667,1.6515515833333332,28.0,7168.0,171.20607968492254
256,57,static,0.4024163333333333,1.9732743333333334,264.0,67584.0,158.74324404615214
256,57,temporal,0.3786788333333333,1.9659256666666665,28.0,7168.0,158.74324404615214
256,58,static,0.44375341666666673,2.0112858333333334,264.0,67584.0,22.744817101360024
256,58,temporal,0.33564616666666663,1.87185725,28.0,7168.0,22.744817101360024
256,59,static,0.3868936666666667,2.1246913333333333,266.0,68096.0,-205.16718382927732
256,59,temporal,0.36921966666666667,1.9265765000000001,28.0,7168.0,-205.16718382927732
256,60,static,0.41551049999999995,2.0161008333333332,264.0,67584.0,65.29014023783557
256,60,temporal,0.36605041666666666,1.9066462499999999,28.0,7168.0,65.29014023783557
256,61,static,0.4480583333333333,2.0212608333333333,266.0,68096.0,-204.4260667660773
256,61,temporal,0.370195,1.9157223333333333,28.0,7168.0,-204.4260667660773
256,62,static,0.39901433333333336,2.0007716666666666,264.0,67584.0,-210.43689576826105
256,62,temporal,0.34287833333333334,1.9018875,28.0,7168.0,-210.43689576826105
256,63,static,0.3934785,2.1338675,265.0,67840.0,169.44610479127454
256,63,temporal,0.34868275,2.2650070833333333,28.0,7168.0,169.44610479127454
256,64,static,0.41426999999999997,2.4060139166666668,264.0,67584.0,-216.9617534818855
256,64,temporal,0.37900325,2.6321159166666668,28.0,7168.0,-216.9617534818855
256,65,static,0.40797141666666664,2.189871166666667,265.0,67840.0,-150.36999562468012
256,65,temporal,0.41330683333333335,2.1864433333333335,28.0,7168.0,-150.36999562468012
256,66,static,0.3665038333333333,1.9006031666666667,264.0,67584.0,-90.18651722866326
256,66,temporal,0.39692733333333335,2.02546075,28.0,7168.0,-90.18651722866326
256,67,static,0.35949058333333334,1.83690525,266.0,68096.0,-70.08850019364401
256,67,temporal,0.3433865,1.8578843333333335,28.0,7168.0,-70.08850019364401
256,68,static,0.34366275,1.9240484166666667,266.0,68096.0,139.66125854483062
256,68,temporal,0.36445900000000003,1.9575099166666667,28.0,7168.0,139.66125854483062
256,69,static,0.340871,1.9440495833333333,264.0,67584.0,97.809279512504
256,69,temporal,0.3347660833333333,1.9606618333333332,28.0,7168.0,97.809279512504
256,70,static,0.35506575,2.11917275,266.0,68096.0,196.13236059119512
256,70,temporal,0.34110708333333334,2.08570075,28.0,7168.0,196.13236059119512
256,71,static,0.39936483333333334,2.0013875,264.0,67584.0,14.837517854804483
256,71,temporal,0.38275491666666667,1.9339325,28.0,7168.0,14.837517854804483
256,72,static,0.3717348333333333,1.860864,265.0,67840.0,-64.11702375452124
256,72,temporal,0.36735158333333334,1.9684803333333332,28.0,7168.0,-64.11702375452124
256,73,static,0.3828190833333333,2.0113410833333334,267.0,68352.0,-197.80204976728268
256,73,temporal,0.3909848333333333,2.0375062500000003,28.0,7168.0,-197.80204976728268
256,74,static,0.41193983333333334,1.9808305833333335,263.0,67328.0,74.29474065297485
256,74,temporal,0.4034169166666666,2.11823725,28.0,7168.0,74.29474065297485
256,75,static,0.4348494166666667,2.206787333333333,264.0,67584.0,-53.01087260524785
256,75,temporal,0.3706915833333333,2.1316815,28.0,7168.0,-53.01087260524785
256,76,static,0.39101325000000003,2.0157954166666667,265.0,67840.0,3.992416024870295
256,76,temporal,0.3640616666666667,1.9724087499999998,28.0,7168.0,3.992416024870295
256,77,static,0.38170566666666667,1.87226275,265.0,67840.0,242.50180579310407
256,77,temporal,0.4582355833333333,1.9602346666666666,28.0,7168.0,242.50180579310407
256,78,static,0.3449356666666667,1.7730741666666667,265.0,67840.0,165.01789172620389
256,78,temporal,0.33230791666666665,1.7680982500000002,28.0,7168.0,165.01789172620389
256,79,static,0.34249508333333334,1.800478,264.0,67584.0,241.89143095942111
256,79,temporal,0.34074733333333335,1.8294973333333333,28.0,7168.0,241.89143095942111
256,80,static,0.32845225,1.9478959166666667,264.0,67584.0,144.81800281816754
256,80,temporal,0.3419459166666667,1.8019935,28.0,7168.0,144.81800281816754
256,81,static,0.32758333333333334,1.9600084166666667,262.0,67072.0,-96.78327032173746
256,81,temporal,0.32779025,2.0457094166666665,28.0,7168.0,-96.78327032173746
256,82,static,0.3612349166666667,1.9441645833333334,263.0,67328.0,-31.61989603161894
256,82,temporal,0.349458,1.8123883333333335,28.0,7168.0,-31.61989603161894
256,83,static,0.38887333333333335,1.8921286666666666,264.0,67584.0,130.6217781458383
256,83,temporal,0.32797241666666666,1.8733629166666665,28.0,7168.0,130.6217781458383
256,84,static,0.35407675,1.7795572499999999,264.0,67584.0,-150.21560601422948
256,84,temporal,0.33240675000000003,1.7600395000000002,28.0,7168.0,-150.21560601422948
256,85,static,0.3366071666666666,1.8290795,265.0,67840.0,-215.45249824599446
256,85,temporal,0.32969475,1.7649925,28.0,7168.0,-215.45249824599446
256,86,static,0.36899824999999997,1.8019651666666665,264.0,67584.0,-227.37080682368068
256,86,temporal,0.3049175,1.6934806666666666,28.0,7168.0,-227.37080682368068
256,87,static,0.35247658333333337,1.7025835,263.0,67328.0,-216.28609658092344
256,87,temporal,0.31562533333333337,1.7341989166666665,28.0,7168.0,-216.28609658092344
256,88,static,0.32266316666666667,1.89982425,266.0,68096.0,81.65461866931571
256,88,temporal,0.31938275,1.7844218333333333,28.0,7168.0,81.65461866931571
256,89,static,0.3322529166666667,1.8531515,266.0,68096.0,-138.82500555771097
256,89,temporal,0.33843466666666666,1.8282547500000002,28.0,7168.0,-138.82500555771097
256,90,static,0.36205708333333336,1.8193631666666665,264.0,67584.0,132.55682979445837
256,90,temporal,0.31463708333333334,1.74728525,28.0,7168.0,132.55682979445837
256,91,static,0.3371576666666667,1.7926452499999999,263.0,67328.0,-242.1726704239616
256,91,temporal,0.3357364166666667,1.8894813333333333,28.0,7168.0,-242.1726704239616
256,92,static,0.34937216666666665,1.8793336666666667,266.0,68096.0,-101.93271596363331
256,92,temporal,0.36029191666666666,1.9172958333333332,28.0,7168.0,-101.93271596363331
256,93,static,0.41454066666666667,2.0165004166666667,264.0,67584.0,179.4670504290634
256,93,temporal,0.389208,2.0066372500000003,28.0,7168.0,179.4670504290634
256,94,static,0.36102283333333335,1.8264254166666667,264.0,67584.0,160.44543124688792
256,94,temporal,0.32832625,1.74297875,28.0,7168.0,160.44543124688792
256,95,static,0.4013465,2.1493451666666665,264.0,67584.0,175.7830484470691
256,95,temporal,0.36017516666666666,2.0166181666666665,28.0,7168.0,175.7830484470691
256,96,static,0.36859375,1.9337539166666666,264.0,67584.0,105.44517954726165
256,96,temporal,0.3371979166666667,1.8952108333333333,28.0,7168.0,105.44517954726165
256,97,static,0.36477266666666663,1.83016675,264.0,67584.0,180.15615139521302
256,97,temporal,0.36719983333333334,1.8077330833333332,28.0,7168.0,180.15615139521302
256,98,static,0.36643033333333336,1.8111771666666667,264.0,67584.0,-216.9617534818855
256,98,temporal,0.32643316666666666,1.9174945,28.0,7168.0,-216.9617534818855
256,99,static,0.39097583333333336,2.090590666666667,264.0,67584.0,204.6336411239678
256,99,temporal,0.35844916666666665,1.9842435,28.0,7168.0,204.6336411239678
256,100,static,0.37356025,1.8292956666666667,263.0,67328.0,56.20995173088736
256,100,temporal,0.35260458333333333,2.0682945,28.0,7168.0,56.20995173088736
256,101,static,0.37077608333333334,1.9539546666666665,264.0,67584.0,-90.18651722866326
256,101,temporal,0.329723,1.8438840833333332,28.0,7168.0,-90.18651722866326
256,102,static,0.41648075,1.9156515,265.0,67840.0,47.069955544832226
256,102,temporal,0.35924625,1.8313712500000001,28.0,7168.0,47.069955544832226
256,103,static,0.39238525,1.9147985833333332,266.0,68096.0,222.47721676461757
256,103,temporal,0.34440716666666665,1.89417275,28.0,7168.0,222.47721676461757
256,104,static,0.3634140833333333,2.1158294166666667,266.0,68096.0,163.936042898374
256,104,temporal,0.35489041666666665,1.9165774166666667,28.0,7168.0,163.936042898374
256,105,static,0.3565035833333334,2.014532416666667,264.0,67584.0,-68.11334060484661
256,105,temporal,0.3334655833333333,1.8870769166666665,28.0,7168.0,-68.11334060484661
256,106,static,0.38579225,1.957852,266.0,68096.0,163.936042898374
256,106,temporal,0.36310366666666666,1.9407220833333334,28.0,7168.0,163.936042898374
256,107,static,0.3614170833333333,2.0950658333333334,262.0,67072.0,-244.01961921475552
256,107,temporal,0.3675828333333333,2.2226590833333333,28.0,7168.0,-244.01961921475552
256,108,static,0.3593211666666667,1.7833536666666667,263.0,67328.0,208.34755121315774
256,108,temporal,0.44340158333333335,1.9098956666666667,28.0,7168.0,208.34755121315774
256,109,static,0.3189326666666667,1.8245284999999998,265.0,67840.0,240.48304709220568
256,109,temporal,0.35861841666666666,1.7163435833333331,28.0,7168.0,240.48304709220568
256,110,static,0.36315866666666663,1.828913166666667,263.0,67328.0,0.6224450422783954
256,110,temporal,0.31426075000000003,1.76017625,28.0,7168.0,0.6224450422783954
256,111,static,0.32387366666666667,1.7130109999999998,267.0,68352.0,-42.54406722496473
256,111,temporal,0.3018286666666667,1.7662645000000001,28.0,7168.0,-42.54406722496473
256,112,static,0.30250133333333334,1.8518627499999998,266.0,68096.0,166.11938770271863
256,112,temporal,0.2953165,1.8139816666666668,28.0,7168.0,166.11938770271863
256,113,static,0.3734203333333333,1.8391695,265.0,67840.0,215.09928085668545
256,113,temporal,0.30522066666666664,1.7911905833333333,28.0,7168.0,215.09928085668545
256,114,static,0.3038115833333333,1.9069985833333334,263.0,67328.0,-57.00920054637987
256,114,temporal,0.29677091666666666,1.7813765833333335,28.0,7168.0,-57.00920054637987
256,115,static,0.32288625,1.8171237500000001,264.0,67584.0,-237.31844906783343
256,115,temporal,0.3142824166666667,1.8580599166666667,28.0,7168.0,-237.31844906783343
256,116,static,0.3242884166666667,1.7276546666666668,264.0,67584.0,67.35034507912364
256,116,temporal,0.36452391666666667,1.8638616666666667,28.0,7168.0,67.35034507912364
256,117,static,0.33190749999999997,1.9359323333333334,264.0,67584.0,-163.0231201752981
256,117,temporal,0.33818691666666667,1.8516225833333333,28.0,7168.0,-163.0231201752981
256,118,static,0.3464099166666667,1.8340284166666667,264.0,67584.0,-29.12469478702157
256,118,temporal,0.36310941666666663,2.021270083333333,28.0,7168.0,-29.12469478702157
256,119,static,0.35515991666666663,1.8825533333333333,265.0,67840.0,52.8753879120594
256,119,temporal,0.33261425,1.8415221666666666,28.0,7168.0,52.8753879120594
1024,0,static,0.3047805833333333,1.8792782499999998,267.0,273408.0,211.65026870993768
1024,0,temporal,0.48265633333333335,1.8371597499999999,28.0,28672.0,211.65026870993768
1024,1,static,0.294097,1.8062915833333335,263.0,269312.0,84.59813334199167
1024,1,temporal,0.2535015,1.6708455000000002,28.0,28672.0,84.59813334199167
1024,2,static,0.3058405,1.69923775,264.0,270336.0,75.75668178369865
1024,2,temporal,0.25153016666666667,1.7593941666666666,28.0,28672.0,75.75668178369865
1024,3,static,0.3063788333333333,1.6905068333333333,264.0,270336.0,216.2739604781173
1024,3,temporal,0.26657058333333333,1.6075410833333335,28.0,28672.0,216.2739604781173
1024,4,static,0.29584375,1.7525131666666667,263.0,269312.0,104.94577437297504
1024,4,temporal,0.24132258333333334,1.7083380833333333,28.0,28672.0,104.94577437297504
1024,5,static,0.27545625,1.6716635,265.0,271360.0,-245.692671729729
1024,5,temporal,0.2507924166666667,1.6940296666666665,28.0,28672.0,-245.692671729729
1024,6,static,0.31466141666666664,1.6058001666666666,264.0,270336.0,244.0475762714456
1024,6,temporal,0.2533205,1.5864,28.0,28672.0,244.0475762714456
1024,7,static,0.28308041666666667,1.57889775,266.0,272384.0,204.17151089644412
1024,7,temporal,0.25364583333333335,1.5521823333333333,28.0,28672.0,204.17151089644412
1024,8,static,0.2804581666666666,1.6151075833333335,263.0,269312.0,95.09010322198787
1024,8,temporal,0.24630066666666664,1.584618,28.0,28672.0,95.09010322198787
1024,9,static,0.29208399999999995,1.646504,263.0,269312.0,-93.29855708852403
1024,9,temporal,0.26498808333333335,1.61677825,28.0,28672.0,-93.29855708852403
1024,10,static,0.2825429166666667,1.6800210833333333,266.0,272384.0,28.213065835549106
1024,10,temporal,0.24798916666666668,1.66509775,28.0,28672.0,28.213065835549106
1024,11,static,0.29030466666666666,1.6623303333333332,266.0,272384.0,171.93242108524836
1024,11,temporal,0.25430841666666665,1.6490335833333332,28.0,28672.0,171.93242108524836
1024,12,static,0.28814216666666664,1.73803525,266.0,272384.0,199.06933305581163
1024,12,temporal,0.25460408333333334,1.9905328333333332,28.0,28672.0,199.06933305581163
1024,13,static,0.29531124999999997,1.640716,265.0,271360.0,192.70992264232905
1024,13,temporal,0.26858525,1.5974432500000002,28.0,28672.0,192.70992264232905
1024,14,static,0.26651874999999997,1.5421155833333333,266.0,272384.0,240.4917978501053
1024,14,temporal,0.24432941666666666,1.5728244166666665,28.0,28672.0,240.4917978501053
1024,15,static,0.26940308333333335,1.6061255833333332,266.0,272384.0,226.21612431199824
1024,15,temporal,0.253444,1.5386735833333332,28.0,28672.0,226.21612431199824
1024,16,static,0.27812183333333335,1.6611558333333332,264.0,270336.0,183.0448842156089
1024,16,temporal,0.23761091666666667,1.5564514166666665,28.0,28672.0,183.0448842156089
1024,17,static,0.2911659166666667,1.6412776666666666,265.0,271360.0,-183.1930017356805
1024,17,temporal,0.24037583333333334,1.6568000833333334,28.0,28672.0,-183.1930017356805
1024,18,static,0.38063074999999996,1.7914700833333335,264.0,270336.0,181.61971781066822
1024,18,temporal,0.25902833333333336,1.6309096666666667,28.0,28672.0,181.61971781066822
1024,19,static,0.2983693333333333,1.8330344166666668,263.0,269312.0,104.94577437297504
1024,19,temporal,0.23789208333333334,1.6853440833333335,28.0,28672.0,104.94577437297504
1024,20,static,0.3060056666666667,1.71802,264.0,270336.0,-92.95363959647885
1024,20,temporal,0.25321525,2.0231980833333334,28.0,28672.0,-92.95363959647885
1024,21,static,0.3162514166666667,1.6963341666666667,265.0,271360.0,-102.51322137022042
1024,21,temporal,0.25428541666666665,1.653704,28.0,28672.0,-102.51322137022042
1024,22,static,0.2836119166666667,1.69082725,263.0,269312.0,215.5533456681642
1024,22,temporal,0.25687333333333334,1.6422825833333334,28.0,28672.0,215.5533456681642
1024,23,static,0.2852854166666667,1.7589245,266.0,272384.0,118.7924418929371
1024,23,temporal,0.27776066666666666,1.7503313333333335,28.0,28672.0,118.7924418929371
1024,24,static,0.28895008333333333,1.7078648333333335,264.0,270336.0,-239.78790164809388
1024,24,temporal,0.24657425,1.6719989999999998,28.0,28672.0,-239.78790164809388
1024,25,static,0.2732110833333333,1.6324759166666667,266.0,272384.0,-162.72987163086256
1024,25,temporal,0.23820041666666666,1.6479636666666666,28.0,28672.0,-162.72987163086256
1024,26,static,0.28912441666666666,1.6078990833333335,264.0,270336.0,-71.4051144266219
1024,26,temporal,0.253787,1.5703941666666665,28.0,28672.0,-71.4051144266219
1024,27,static,0.2979085833333333,1.7765098333333331,265.0,271360.0,200.70826276943592
1024,27,temporal,0.24875941666666668,1.6827559166666666,28.0,28672.0,200.70826276943592
1024,28,static,0.3111953333333333,2.0901239166666667,265.0,271360.0,107.67974183222935
1024,28,temporal,0.25545033333333333,1.6834030833333333,28.0,28672.0,107.67974183222935
1024,29,static,0.3145294166666667,1.8621625833333333,266.0,272384.0,227.9560304982608
1024,29,temporal,0.26288991666666667,1.8243271666666667,28.0,28672.0,227.9560304982608
1024,30,static,0.29995166666666667,1.6574930833333335,266.0,272384.0,-209.75561475066672
1024,30,temporal,0.2651426666666667,1.82552425,28.0,28672.0,-209.75561475066672
1024,31,static,0.30340533333333336,1.7626076666666668,264.0,270336.0,-72.99622025578711
1024,31,temporal,0.2543345833333333,1.6958558333333331,28.0,28672.0,-72.99622025578711
1024,32,static,0.31410058333333335,1.71750425,264.0,270336.0,-183.1536484835964
1024,32,temporal,0.25291725,1.6272288333333333,28.0,28672.0,-183.1536484835964
1024,33,static,0.31506525,1.7236786666666666,265.0,271360.0,142.4827596549607
1024,33,temporal,0.2788138333333333,1.6764590000000001,28.0,28672.0,142.4827596549607
1024,34,static,0.30113875,1.6667162500000001,266.0,272384.0,-56.051668283040435
1024,34,temporal,0.27674816666666663,1.6832426666666667,28.0,28672.0,-56.051668283040435
1024,35,static,0.2799641666666667,1.59076325,264.0,270336.0,-148.20891819554328
1024,35,temporal,0.25211116666666666,1.5880732499999999,28.0,28672.0,-148.20891819554328
1024,36,static,0.29426558333333336,1.7481929999999999,263.0,269312.0,150.28682730472144
1024,36,temporal,0.2657115,1.8131426666666668,28.0,28672.0,150.28682730472144
1024,37,static,0.4066319166666667,1.8381998333333334,262.0,268288.0,73.99607979284656
1024,37,temporal,0.24756025,1.612017,28.0,28672.0,73.99607979284656
1024,38,static,0.29107900000000003,1.8727744166666664,265.0,271360.0,186.793093835381
1024,38,temporal,0.26655358333333334,1.6668319166666665,27.0,27648.0,186.793093835381
1024,39,static,0.27825466666666665,1.7240073333333334,264.0,270336.0,202.09564153434496
1024,39,temporal,0.29392175000000004,1.8525621666666667,28.0,28672.0,202.09564153434496
1024,40,static,0.313251,1.6705786666666667,266.0,272384.0,-128.32770411107242
1024,40,temporal,0.28316708333333335,1.662028,28.0,28672.0,-128.32770411107242
1024,41,static,0.28413116666666666,1.6994078333333331,264.0,270336.0,179.4670504290634
1024,41,temporal,0.2833968333333333,1.6790079999999998,28.0,28672.0,179.4670504290634
1024,42,static,0.28399775,1.62055225,264.0,270336.0,68.66110170151124
1024,42,temporal,0.24862916666666668,1.6859034166666669,28.0,28672.0,68.66110170151124
1024,43,static,0.28556983333333336,1.7782825833333333,265.0,271360.0,-205.90709364523275
1024,43,temporal,0.26325308333333336,1.7512954166666665,28.0,28672.0,-205.90709364523275
1024,44,static,0.32026883333333334,1.76293375,265.0,271360.0,-121.22464706111172
1024,44,temporal,0.29740025,1.6280835833333331,28.0,28672.0,-121.22464706111172
1024,45,static,0.30731025,1.61489025,265.0,271360.0,59.46953528060195
1024,45,temporal,0.25498308333333336,1.6237222500000001,28.0,28672.0,59.46953528060195
1024,46,static,0.2849741666666667,1.6200265,266.0,272384.0,-128.32770411107242
1024,46,temporal,0.25521583333333336,1.5884139166666669,28.0,28672.0,-128.32770411107242
1024,47,static,0.29509941666666667,1.6627900833333333,263.0,269312.0,92.47882995291327
1024,47,temporal,0.24846575,1.6170427500000002,28.0,28672.0,92.47882995291327
1024,48,static,0.29487941666666667,1.6873080833333332,266.0,272384.0,-178.32750124286713
1024,48,temporal,0.25639925,1.6260279166666667,28.0,28672.0,-178.32750124286713
1024,49,static,0.28428475000000003,1.7111447499999999,262.0,268288.0,-96.78327032173746
1024,49,temporal,0.23560391666666666,1.6378300833333332,28.0,28672.0,-96.78327032173746
1024,50,static,0.28554083333333335,1.6335253333333333,265.0,271360.0,-156.94455789096065
1024,50,temporal,0.2608085,1.676964,28.0,28672.0,-156.94455789096065
1024,51,static,0.28105816666666666,1.6778641666666667,264.0,270336.0,102.52532823200148
1024,51,temporal,0.23813241666666665,1.6550125833333331,28.0,28672.0,102.52532823200148
1024,52,static,0.30771241666666665,1.66003525,263.0,269312.0,194.0871222553576
1024,52,temporal,0.24756925,1.5884530833333335,28.0,28672.0,194.0871222553576
1024,53,static,0.28394508333333335,1.6403371666666668,265.0,271360.0,-186.73007354931232
1024,53,temporal,0.26302025,1.6111564999999999,28.0,28672.0,-186.73007354931232
1024,54,static,0.27678508333333335,1.7565399166666664,265.0,271360.0,154.00453455512698
1024,54,temporal,0.24637741666666665,1.7206546666666667,28.0,28672.0,154.00453455512698
1024,55,static,0.468375,1.847573,263.0,269312.0,-196.97926340722105
1024,55,temporal,0.2625119166666667,1.6129331666666669,28.0,28672.0,-196.97926340722105
1024,56,static,0.3021399166666667,1.7973263333333334,263.0,269312.0,-46.04111747697095
1024,56,temporal,0.26338991666666667,1.6650086666666668,28.0,28672.0,-46.04111747697095
1024,57,static,0.28299616666666666,1.6541145000000002,267.0,273408.0,106.95667629163562
1024,57,temporal,0.24007616666666667,1.661817,28.0,28672.0,106.95667629163562
1024,58,static,0.29165166666666664,1.60312175,263.0,269312.0,109.24553291976748
1024,58,temporal,0.25593425,1.5781131666666666,28.0,28672.0,109.24553291976748
1024,59,static,0.3105401666666667,1.7182580833333334,266.0,272384.0,-179.70402551513564
1024,59,temporal,0.28764375000000003,1.6760594166666667,28.0,28672.0,-179.70402551513564
1024,60,static,0.29840375,1.6801646666666665,266.0,272384.0,184.30456222609757
1024,60,temporal,0.28285333333333335,1.7842980833333335,28.0,28672.0,184.30456222609757
1024,61,static,0.3039935833333333,1.8952124166666666,264.0,270336.0,159.0437781706931
1024,61,temporal,0.275943,1.8603471666666664,28.0,28672.0,159.0437781706931
1024,62,static,0.3187400833333333,1.7141568333333332,265.0,271360.0,-17.258393532800444
1024,62,temporal,0.273975,1.6232313333333332,28.0,28672.0,-17.258393532800444
1024,63,static,0.30833183333333336,1.7596395833333334,266.0,272384.0,157.29917554627954
1024,63,temporal,0.29421891666666666,1.8530160833333333,28.0,28672.0,157.29917554627954
1024,64,static,0.29795025,1.7428667500000001,264.0,270336.0,-242.12169445912073
1024,64,temporal,0.32343275,1.7692593333333333,28.0,28672.0,-242.12169445912073
1024,65,static,0.31426575,1.6738819166666667,263.0,269312.0,-201.79577565803004
1024,65,temporal,0.2628198333333333,1.699734,28.0,28672.0,-201.79577565803004
1024,66,static,0.30045008333333334,1.6720115,264.0,270336.0,-116.45233458778667
1024,66,temporal,0.31677125,1.727636333333333,28.0,28672.0,-116.45233458778667
1024,67,static,0.2948766666666667,1.6393489166666668,263.0,269312.0,87.62561956598252
1024,67,temporal,0.27984966666666666,1.6420029166666668,28.0,28672.0,87.62561956598252
1024,68,static,0.3193241666666667,1.7473568333333331,265.0,271360.0,-247.88778815770877
1024,68,temporal,0.25753183333333335,1.6828462499999999,28.0,28672.0,-247.88778815770877
1024,69,static,0.30412808333333335,1.6367316666666667,264.0,270336.0,241.89143095942111
1024,69,temporal,0.2810480833333333,1.6420078333333334,28.0,28672.0,241.89143095942111
1024,70,static,0.2865105,1.5894141666666666,266.0,272384.0,-65.85104145354042
1024,70,temporal,0.2432251666666667,1.6113941666666667,28.0,28672.0,-65.85104145354042
1024,71,static,0.29799016666666667,1.6798999166666666,265.0,271360.0,151.51042580244004
1024,71,temporal,0.25691400000000003,1.6792115833333332,28.0,28672.0,151.51042580244004
1024,72,static,0.28268075,1.7455666666666667,264.0,270336.0,180.14316171883715
1024,72,temporal,0.26034275,1.7220145833333333,28.0,28672.0,180.14316171883715
1024,73,static,0.30109841666666665,1.7266123333333334,263.0,269312.0,-100.70434183975594
1024,73,temporal,0.26242499999999996,1.7260738333333334,28.0,28672.0,-100.70434183975594
1024,74,static,0.2884408333333333,1.74696525,262.0,268288.0,-96.78327032173746
1024,74,temporal,0.25177900000000003,1.7474480000000001,28.0,28672.0,-96.78327032173746
1024,75,static,0.2922325833333333,1.6259611666666667,264.0,270336.0,-211.37614740806512
1024,75,temporal,0.2709711666666667,1.6584826666666668,28.0,28672.0,-211.37614740806512
1024,76,static,0.31806816666666665,1.7128249166666667,264.0,270336.0,50.11508780833785
1024,76,temporal,0.2577905833333333,1.7000563333333334,28.0,28672.0,50.11508780833785
1024,77,static,0.3080096666666667,1.67194575,266.0,272384.0,-148.0395113995525
1024,77,temporal,0.2787665,1.7482208333333336,28.0,28672.0,-148.0395113995525
1024,78,static,0.2920864166666667,1.7434450833333335,264.0,270336.0,180.14316171883715
1024,78,temporal,0.26104208333333334,1.7026059166666665,28.0,28672.0,180.14316171883715
1024,79,static,0.29380141666666665,1.674315,265.0,271360.0,128.65089551120406
1024,79,temporal,0.27213041666666665,1.717061,28.0,28672.0,128.65089551120406
1024,80,static,0.2838023333333333,1.9432784166666668,264.0,270336.0,200.70884482753613
1024,80,temporal,0.26033100000000003,1.7402277499999999,28.0,28672.0,200.70884482753613
1024,81,static,0.3153584166666667,1.864698,263.0,269312.0,200.01094614660136
1024,81,temporal,0.268304,1.7292555,28.0,28672.0,200.01094614660136
1024,82,static,0.3176985,1.8542180833333333,264.0,270336.0,21.559759959114928
1024,82,temporal,0.29090883333333334,1.8184942499999999,28.0,28672.0,21.559759959114928
1024,83,static,0.30360966666666667,1.6529560833333334,264.0,270336.0,-116.45233458778667
1024,83,temporal,0.2566538333333333,1.6658203333333335,28.0,28672.0,-116.45233458778667
1024,84,static,0.29567025,1.645888,265.0,271360.0,-209.8386053334567
1024,84,temporal,0.2513535,1.6598974999999998,28.0,28672.0,-209.8386053334567
1024,85,static,0.35417191666666664,1.7879398333333334,264.0,270336.0,214.58376150522088
1024,85,temporal,0.2882373333333333,1.7367483333333331,27.0,27648.0,214.58376150522088
1024,86,static,0.30942275,1.9236721666666667,265.0,271360.0,-30.80807862303384
1024,86,temporal,0.24663875000000002,2.294357833333333,28.0,28672.0,-30.80807862303384
1024,87,static,0.30746975000000004,2.4244308333333335,264.0,270336.0,-194.56435676732488
1024,87,temporal,0.27120341666666664,2.34702575,28.0,28672.0,-194.56435676732488
1024,88,static,0.43165950000000003,2.555236416666667,264.0,270336.0,-224.09287444088037
1024,88,temporal,0.27431041666666667,2.5647825833333333,28.0,28672.0,-224.09287444088037
1024,89,static,0.3331975833333333,1.8361398333333334,266.0,272384.0,70.54639327004197
1024,89,temporal,0.27836991666666666,2.524470583333333,28.0,28672.0,70.54639327004197
1024,90,static,0.3088326666666667,1.797296,264.0,270336.0,-171.10008860916074
1024,90,temporal,0.2874545,1.6845813333333333,28.0,28672.0,-171.10008860916074
1024,91,static,0.32415558333333333,1.7491011666666667,262.0,268288.0,-244.12486183751557
1024,91,temporal,0.29360191666666663,1.7046983333333332,28.0,28672.0,-244.12486183751557
1024,92,static,0.37501008333333335,1.9109421666666666,264.0,270336.0,189.3947249606564
1024,92,temporal,0.3526995,1.8905562500000002,28.0,28672.0,189.3947249606564
1024,93,static,0.31104991666666665,1.7952949166666665,265.0,271360.0,-150.36999562468012
1024,93,temporal,0.27154225000000004,1.7482958333333334,28.0,28672.0,-150.36999562468012
1024,94,static,0.3300246666666667,1.8044304166666667,264.0,270336.0,-241.00018021971604
1024,94,temporal,0.30685108333333333,1.7836165,28.0,28672.0,-241.00018021971604
1024,95,static,0.4937040833333333,2.018083583333333,262.0,268288.0,-104.60858404404784
1024,95,temporal,0.2664961666666667,1.7419743333333333,27.0,27648.0,-104.60858404404784
1024,96,static,0.32873199999999997,1.8146327500000001,263.0,269312.0,200.01094614660136
1024,96,temporal,0.27269533333333335,1.7394348333333334,28.0,28672.0,200.01094614660136
1024,97,static,0.29988391666666664,1.7594390833333333,265.0,271360.0,-40.41415839561381
1024,97,temporal,0.2702833333333333,1.7238656666666667,28.0,28672.0,-40.41415839561381
1024,98,static,0.31841274999999997,1.8618461666666668,266.0,272384.0,180.33541434920645
1024,98,temporal,0.2857945,1.90983725,28.0,28672.0,180.33541434920645
1024,99,static,0.33536816666666663,1.7952534166666665,265.0,271360.0,111.8757007647067
1024,99,temporal,0.2822875833333333,1.7632717500000001,28.0,28672.0,111.8757007647067
1024,100,static,0.30143475000000003,1.75428475,265.0,271360.0,85.17509114678313
1024,100,temporal,0.29216225,1.8308877499999998,28.0,28672.0,85.17509114678313
1024,101,static,0.3329330833333333,1.7640361666666668,266.0,272384.0,-212.30089206422676
1024,101,temporal,0.2684283333333333,1.6511484166666666,28.0,28672.0,-212.30089206422676
1024,102,static,0.29737216666666666,1.6230710833333333,264.0,270336.0,243.35855270289872
1024,102,temporal,0.28279325,1.6541451666666667,28.0,28672.0,243.35855270289872
1024,103,static,0.28869233333333333,1.710599,264.0,270336.0,-248.15025138891033
1024,103,temporal,0.283421,1.7436530000000001,28.0,28672.0,-248.15025138891033
1024,104,static,0.31087824999999997,1.6675924999999998,265.0,271360.0,-62.7583572083068
1024,104,temporal,0.26292316666666665,1.901795,28.0,28672.0,-62.7583572083068
1024,105,static,0.30105425,1.76222925,262.0,268288.0,-20.65053016956496
1024,105,temporal,0.26696274999999997,1.7234175,27.0,27648.0,-20.65053016956496
1024,106,static,0.32545016666666665,1.7294540833333334,266.0,272384.0,-47.955493978439414
1024,106,temporal,0.28022616666666667,1.64033125,28.0,28672.0,-47.955493978439414
1024,107,static,0.32043083333333333,1.6348269166666667,263.0,269312.0,236.6575354817452
1024,107,temporal,0.24972091666666665,1.5827727500000002,28.0,28672.0,236.6575354817452
1024,108,static,0.3197098333333333,1.7715484166666666,266.0,272384.0,63.020349182705246
1024,108,temporal,0.2492335,1.7382139166666668,28.0,28672.0,63.020349182705246
1024,109,static,0.2967976666666667,1.6891755,264.0,270336.0,44.44827327908232
1024,109,temporal,0.26815958333333334,1.67287875,28.0,28672.0,44.44827327908232
1024,110,static,0.3501383333333334,1.7009694166666665,266.0,272384.0,238.70039771197025
1024,110,temporal,0.2596340833333333,1.6071220000000002,28.0,28672.0,238.70039771197025
1024,111,static,0.2985313333333333,1.7578956666666665,264.0,270336.0,8.494831487211346
1024,111,temporal,0.25135841666666664,1.72746025,28.0,28672.0,8.494831487211346
1024,112,static,0.28981474999999995,1.67419075,264.0,270336.0,46.72788868241449
1024,112,temporal,0.2878846666666667,1.8951185833333335,28.0,28672.0,46.72788868241449
1024,113,static,0.47996991666666666,1.9380594999999998,266.0,272384.0,-208.16425599330375
1024,113,temporal,0.28532799999999997,1.8817412500000001,28.0,28672.0,-208.16425599330375
1024,114,static,0.2965415,1.7458654999999998,264.0,270336.0,176.03071251103685
1024,114,temporal,0.26634775,1.9015538333333335,28.0,28672.0,176.03071251103685
1024,115,static,0.30140675,1.78040525,263.0,269312.0,37.27819903583509
1024,115,temporal,0.270801,1.7203394166666666,28.0,28672.0,37.27819903583509
1024,116,static,0.49481633333333336,1.9179908333333335,265.0,271360.0,184.0271751149484
1024,116,temporal,0.25362775,1.943492166666667,28.0,28672.0,184.0271751149484
1024,117,static,0.2989819166666667,2.039637,264.0,270336.0,148.71129491535748
1024,117,temporal,0.28674175,1.9987695833333332,28.0,28672.0,148.71129491535748
1024,118,static,0.3254416666666667,1.9346585,265.0,271360.0,12.33957562369026
1024,118,temporal,0.28569833333333333,1.64346825,28.0,28672.0,12.33957562369026
1024,119,static,0.48328666666666664,1.8554248333333334,266.0,272384.0,6.413299186914576
1024,119,temporal,0.48576525,1.8703641666666666,28.0,28672.0,6.413299186914576
4096,0,static,0.30120175,1.8198328333333331,264.0,1081344.0,36.32342942880269
4096,0,temporal,0.28554816666666666,1.6868958333333335,28.0,114688.0,36.32342942880269
4096,1,static,0.3101778333333333,1.7361674166666665,263.0,1077248.0,23.410297690211838
4096,1,temporal,0.26019183333333334,1.6475879999999998,28.0,114688.0,23.410297690211838
4096,2,static,0.3417306666666667,1.7412786666666669,266.0,1089536.0,239.64118194985244
4096,2,temporal,0.2939076666666667,1.6662695833333334,28.0,114688.0,239.64118194985244
4096,3,static,0.3482673333333333,1.6527954166666667,267.0,1093632.0,92.55194608945133
4096,3,temporal,0.2577215,1.6212166666666665,28.0,114688.0,92.55194608945133
4096,4,static,0.29112,1.7170370000000001,264.0,1081344.0,213.87619213133803
4096,4,temporal,0.26601366666666665,1.6501216666666665,28.0,114688.0,213.87619213133803
4096,5,static,0.2891370833333333,1.7561245,263.0,1077248.0,142.77866679564625
4096,5,temporal,0.2597435833333333,1.67948775,28.0,114688.0,142.77866679564625
4096,6,static,0.27786591666666666,1.6732760833333333,263.0,1077248.0,153.02494693991133
4096,6,temporal,0.2591543333333333,1.6851289166666668,28.0,114688.0,153.02494693991133
4096,7,static,0.30425741666666667,1.7158746666666669,265.0,1085440.0,-128.45343205514433
4096,7,temporal,0.2536968333333333,1.6273281666666666,28.0,114688.0,-128.45343205514433
4096,8,static,0.3167176666666667,1.7045908333333333,264.0,1081344.0,-233.48331639753152
4096,8,temporal,0.26010483333333334,1.64099975,28.0,114688.0,-233.48331639753152
4096,9,static,0.32139416666666665,1.8047435833333332,264.0,1081344.0,185.67185780346645
4096,9,temporal,0.34139425,1.8628212499999999,28.0,114688.0,185.67185780346645
4096,10,static,0.3660824166666667,1.730721,264.0,1081344.0,-160.19359217182904
4096,10,temporal,0.25155875,1.7476231666666668,28.0,114688.0,-160.19359217182904
4096,11,static,0.30702741666666666,1.874458,264.0,1081344.0,14.243265434425348
4096,11,temporal,0.25832891666666663,1.7284776666666666,28.0,114688.0,14.243265434425348
4096,12,static,0.31035799999999997,1.7149236666666667,264.0,1081344.0,213.87619213133803
4096,12,temporal,0.2527190833333333,1.6877814166666667,28.0,114688.0,213.87619213133803
4096,13,static,0.29759091666666665,1.9782945833333334,261.0,1069056.0,196.73694691812042
4096,13,temporal,0.27183075,1.760359,27.0,110592.0,196.73694691812042
4096,14,static,0.30417283333333334,1.7569389166666667,266.0,1089536.0,186.77731563464928
4096,14,temporal,0.2768735,1.7015228333333334,28.0,114688.0,186.77731563464928
4096,15,static,0.296273,1.6619098333333333,264.0,1081344.0,243.89984669031256
4096,15,temporal,0.24706033333333333,1.6116681666666668,28.0,114688.0,243.89984669031256
4096,16,static,0.33682966666666664,1.8068807500000001,266.0,1089536.0,-178.32750124286713
4096,16,temporal,0.2501015833333333,1.66232125,28.0,114688.0,-178.32750124286713
4096,17,static,0.30182016666666667,1.77149325,264.0,1081344.0,102.52532823200148
4096,17,temporal,0.26052375,1.719631,28.0,114688.0,102.52532823200148
4096,18,static,0.2903138333333333,1.7183250833333332,263.0,1077248.0,-101.13214461113564
4096,18,temporal,0.25157966666666665,1.6541505833333332,27.0,110592.0,-101.13214461113564
4096,19,static,0.28507333333333335,1.6448645,263.0,1077248.0,5.6240892362934645
4096,19,temporal,0.26301108333333334,1.6063643333333333,27.0,110592.0,5.6240892362934645
4096,20,static,0.2971365833333333,1.7581455833333333,264.0,1081344.0,-238.4853121714792
4096,20,temporal,0.256083,1.7540810833333333,28.0,114688.0,-238.4853121714792
4096,21,static,0.32900475,1.7709595,264.0,1081344.0,-151.303472119088
4096,21,temporal,0.26203183333333335,1.6642081666666666,28.0,114688.0,-151.303472119088
4096,22,static,0.3634025,1.8841944999999998,265.0,1085440.0,202.69610368538642
4096,22,temporal,0.29756900000000003,1.808344,28.0,114688.0,202.69610368538642
4096,23,static,0.30827841666666667,1.8708668333333334,264.0,1081344.0,-103.43874366808605
4096,23,temporal,0.27625933333333336,1.7349541666666666,28.0,114688.0,-103.43874366808605
4096,24,static,0.29994824999999997,1.6895219166666668,266.0,1089536.0,-50.657236688503495
4096,24,temporal,0.28140800000000005,1.6583821666666667,28.0,114688.0,-50.657236688503495
4096,25,static,0.3028728333333333,1.6945799166666669,265.0,1085440.0,-126.16762765364315
4096,25,temporal,0.25683,1.6465816666666668,28.0,114688.0,-126.16762765364315
4096,26,static,0.30654408333333333,1.7243405,264.0,1081344.0,-119.10643838641629
4096,26,temporal,0.27379225,1.6484101666666666,28.0,114688.0,-119.10643838641629
4096,27,static,0.2808905,1.5578285,266.0,1089536.0,103.46717475593648
4096,27,temporal,0.248681,1.5419529166666666,28.0,114688.0,103.46717475593648
4096,28,static,0.4471445,1.97247125,264.0,1081344.0,-248.399128489564
4096,28,temporal,0.25391891666666666,1.7351076666666667,28.0,114688.0,-248.399128489564
4096,29,static,0.31391108333333334,1.6761152499999998,264.0,1081344.0,-150.21560601422948
4096,29,temporal,0.30363466666666666,1.6615699166666669,28.0,114688.0,-150.21560601422948
4096,30,static,0.2951679166666667,1.7535654166666665,263.0,1077248.0,148.47975078297705
4096,30,temporal,0.25445475,1.6797149166666667,28.0,114688.0,148.47975078297705
4096,31,static,0.31818766666666665,1.7404742500000001,265.0,1085440.0,49.81720341165169
4096,31,temporal,0.26906183333333333,1.7550887499999999,28.0,114688.0,49.81720341165169
4096,32,static,0.35738925,1.7778253333333334,266.0,1089536.0,-205.16718382927732
4096,32,temporal,0.27962950000000003,1.8190626666666667,28.0,114688.0,-205.16718382927732
4096,33,static,0.32547175,1.7651921666666668,264.0,1081344.0,-177.61351257332686
4096,33,temporal,0.2814245,1.6673336666666667,28.0,114688.0,-177.61351257332686
4096,34,static,0.28658733333333336,1.7358814166666665,264.0,1081344.0,-108.36946842012368
4096,34,temporal,0.2757260833333333,1.73326675,28.0,114688.0,-108.36946842012368
4096,35,static,0.31109041666666665,1.7683214166666668,265.0,1085440.0,190.15265428265363
4096,35,temporal,0.25714058333333334,1.5932588333333333,28.0,114688.0,190.15265428265363
4096,36,static,0.29350091666666667,1.7251575833333332,265.0,1085440.0,151.51042580244004
4096,36,temporal,0.2644265833333333,1.7029015833333334,28.0,114688.0,151.51042580244004
4096,37,static,0.321631,1.7340368333333334,266.0,1089536.0,46.042449311301446
4096,37,temporal,0.2569861666666667,1.7614323333333333,28.0,114688.0,46.042449311301446
4096,38,static,0.31572466666666665,1.828879,266.0,1089536.0,-241.45238241736936
4096,38,temporal,0.25464000000000003,1.7274770833333333,28.0,114688.0,-241.45238241736936
4096,39,static,0.28266416666666666,1.7367075833333334,266.0,1089536.0,-244.40216860292375
4096,39,temporal,0.24907900000000002,1.7152001666666665,28.0,114688.0,-244.40216860292375
4096,40,static,0.28543233333333334,1.65380075,266.0,1089536.0,-34.41012250082865
4096,40,temporal,0.2803454166666667,1.6929865833333333,28.0,114688.0,-34.41012250082865
4096,41,static,0.28978041666666665,1.6490853333333335,265.0,1085440.0,111.45449789647374
4096,41,temporal,0.25047616666666667,1.59011475,28.0,114688.0,111.45449789647374
4096,42,static,0.29162475,1.6725095833333334,266.0,1089536.0,180.67394413476757
4096,42,temporal,0.24363425000000002,1.6042694166666667,28.0,114688.0,180.67394413476757
4096,43,static,0.28486133333333336,1.686859,264.0,1081344.0,-111.96581295117504
4096,43,temporal,0.25630158333333336,1.6686489166666665,28.0,114688.0,-111.96581295117504
4096,44,static,0.2781386666666667,1.6351235833333335,263.0,1077248.0,5.206432659714864
4096,44,temporal,0.24734916666666665,1.6750964999999998,28.0,114688.0,5.206432659714864
4096,45,static,0.3033244166666667,1.7705978333333334,264.0,1081344.0,-243.15203746111425
4096,45,temporal,0.25031525,1.7277791666666669,28.0,114688.0,-243.15203746111425
4096,46,static,0.31518225,1.7732411666666668,263.0,1077248.0,81.9569786226641
4096,46,temporal,0.25434025,1.6610994166666666,28.0,114688.0,81.9569786226641
4096,47,static,0.29504516666666664,1.6527283333333334,266.0,1089536.0,-1.7590032620150613
4096,47,temporal,0.24401899999999999,1.5827320833333334,28.0,114688.0,-1.7590032620150613
4096,48,static,0.3014374166666667,1.6784766666666666,263.0,1077248.0,180.85834756440556
4096,48,temporal,0.23559466666666665,1.5526065000000002,28.0,114688.0,180.85834756440556
4096,49,static,0.328523,1.71815025,265.0,1085440.0,198.68019195169157
4096,49,temporal,0.2489556666666667,1.6538451666666667,28.0,114688.0,198.68019195169157
4096,50,static,0.31161925,1.6188639166666665,266.0,1089536.0,240.4917978501053
4096,50,temporal,0.252627,1.5308845833333333,28.0,114688.0,240.4917978501053
4096,51,static,0.2906944166666667,1.6687510833333334,264.0,1081344.0,200.70884482753613
4096,51,temporal,0.23205683333333335,1.6115645,28.0,114688.0,200.70884482753613
4096,52,static,0.28943816666666666,1.6380020833333333,264.0,1081344.0,213.41343865724062
4096,52,temporal,0.24833041666666666,1.6300125833333334,28.0,114688.0,213.41343865724062
4096,53,static,0.35655375,1.8551805000000001,267.0,1093632.0,195.0243630727041
4096,53,temporal,0.2546015,1.7183858333333333,28.0,114688.0,195.0243630727041
4096,54,static,0.29323566666666667,1.6900655833333333,265.0,1085440.0,190.1313753938674
4096,54,temporal,0.25433633333333333,1.6408621666666667,28.0,114688.0,190.1313753938674
4096,55,static,0.31697325,1.79005875,264.0,1081344.0,205.36022901701733
4096,55,temporal,0.25173491666666664,1.6868256666666666,28.0,114688.0,205.36022901701733
4096,56,static,0.3099726666666667,1.6547758333333336,264.0,1081344.0,22.744817101360024
4096,56,temporal,0.24895466666666666,1.5714975833333333,28.0,114688.0,22.744817101360024
4096,57,static,0.3151146666666667,1.70315275,266.0,1089536.0,239.64118194985244
4096,57,temporal,0.31949758333333333,1.6324093333333334,28.0,114688.0,239.64118194985244
4096,58,static,0.300213,1.7844205833333333,263.0,1077248.0,-222.79550802933332
4096,58,temporal,0.2603743333333333,1.68923175,28.0,114688.0,-222.79550802933332
4096,59,static,0.29877808333333333,1.7135826666666667,266.0,1089536.0,-15.377266773143893
4096,59,temporal,0.27677908333333334,1.6500784166666669,28.0,114688.0,-15.377266773143893
4096,60,static,0.2994084166666667,1.7615459166666667,264.0,1081344.0,108.4370705219182
4096,60,temporal,0.24514333333333335,1.6765176666666666,28.0,114688.0,108.4370705219182
4096,61,static,0.29428716666666666,1.7442355,264.0,1081344.0,-246.5519878448
4096,61,temporal,0.25398733333333334,1.6866179166666668,28.0,114688.0,-246.5519878448
4096,62,static,0.3317815,1.8056248333333336,263.0,1077248.0,195.8099651091262
4096,62,temporal,0.24851733333333334,1.7108869166666667,28.0,114688.0,195.8099651091262
4096,63,static,0.29622925,1.7041048333333333,264.0,1081344.0,-133.1372461745658
4096,63,temporal,0.26019908333333336,1.6907339166666666,28.0,114688.0,-133.1372461745658
4096,64,static,0.2884218333333333,1.7026360833333334,263.0,1077248.0,-208.3379128776469
4096,64,temporal,0.2586018333333333,1.5649536666666668,28.0,114688.0,-208.3379128776469
4096,65,static,0.2859063333333333,1.66091725,263.0,1077248.0,216.88240999026547
4096,65,temporal,0.250214,1.6056331666666666,28.0,114688.0,216.88240999026547
4096,66,static,0.29007916666666667,1.7122498333333336,264.0,1081344.0,183.1596618072126
4096,66,temporal,0.24693658333333335,1.6588365833333334,28.0,114688.0,183.1596618072126
4096,67,static,0.2973735,1.7484375833333334,266.0,1089536.0,-130.89827600991703
4096,67,temporal,0.24266933333333332,1.6823546666666667,28.0,114688.0,-130.89827600991703
4096,68,static,0.28928725,1.6743919166666668,266.0,1089536.0,187.39965365752872
4096,68,temporal,0.26827816666666665,1.7028274166666666,28.0,114688.0,187.39965365752872
4096,69,static,0.278285,1.6687826666666667,264.0,1081344.0,47.151741560736305
4096,69,temporal,0.25880966666666666,1.5970286666666667,28.0,114688.0,47.151741560736305
4096,70,static,0.40420825,1.8268112500000002,263.0,1077248.0,-204.63523095371215
4096,70,temporal,0.23905483333333333,1.5337379166666667,28.0,114688.0,-204.63523095371215
4096,71,static,0.280256,1.7323567500000001,266.0,1089536.0,180.33541434920645
4096,71,temporal,0.25984366666666664,1.7307978333333331,28.0,114688.0,180.33541434920645
4096,72,static,0.29114766666666664,1.6337121666666665,265.0,1085440.0,-141.82824968575792
4096,72,temporal,0.24998233333333333,1.6085333333333331,28.0,114688.0,-141.82824968575792
4096,73,static,0.2817091666666667,1.6236370000000002,264.0,1081344.0,196.71222676767945
4096,73,temporal,0.24202175,1.6073525,28.0,114688.0,196.71222676767945
4096,74,static,0.2939041666666667,1.72982875,264.0,1081344.0,177.83085640823666
4096,74,temporal,0.27901175,1.6994488333333333,28.0,114688.0,177.83085640823666
4096,75,static,0.2821166666666667,1.7764718333333331,265.0,1085440.0,131.7165373293177
4096,75,temporal,0.24532849999999998,1.6566910000000001,28.0,114688.0,131.7165373293177
4096,76,static,0.28005575,1.6528842499999998,264.0,1081344.0,-217.0498256570764
4096,76,temporal,0.2578238333333333,1.6187785000000001,28.0,114688.0,-217.0498256570764
4096,77,static,0.33967233333333335,1.8214845833333333,264.0,1081344.0,191.69070633157375
4096,77,temporal,0.25228958333333334,1.7431581666666667,28.0,114688.0,191.69070633157375
4096,78,static,0.28680516666666667,1.6729548333333335,265.0,1085440.0,-132.4704647174179
4096,78,temporal,0.24917766666666666,1.6639579166666667,28.0,114688.0,-132.4704647174179
4096,79,static,0.30324924999999997,1.6840940833333333,266.0,1089536.0,-176.4405275510719
4096,79,temporal,0.2600339166666667,1.6254671666666667,28.0,114688.0,-176.4405275510719
4096,80,static,0.2886964166666667,1.7663813333333334,265.0,1085440.0,164.3969187773545
4096,80,temporal,0.24421416666666665,1.8876426666666666,28.0,114688.0,164.3969187773545
4096,81,static,0.30881333333333333,1.6754126666666667,264.0,1081344.0,-173.6530725957882
4096,81,temporal,0.2517223333333333,1.5697405833333333,28.0,114688.0,-173.6530725957882
4096,82,static,0.2882215833333333,1.7253120833333335,264.0,1081344.0,-2.9523094547064352
4096,82,temporal,0.2480443333333333,1.6522476666666668,28.0,114688.0,-2.9523094547064352
4096,83,static,0.27703975,1.6388055833333333,265.0,1085440.0,-173.1099422968447
4096,83,temporal,0.2388519166666667,1.66277175,28.0,114688.0,-173.1099422968447
4096,84,static,0.29040483333333333,1.6598950833333335,266.0,1089536.0,142.92099639314603
4096,84,temporal,0.24523899999999998,1.6036314999999999,28.0,114688.0,142.92099639314603
4096,85,static,0.30376575,1.7177602500000002,264.0,1081344.0,155.95175445763266
4096,85,temporal,0.4323696666666666,1.94809625,28.0,114688.0,155.95175445763266
4096,86,static,0.30087308333333335,1.7170028333333331,263.0,1077248.0,-243.31000603288348
4096,86,temporal,0.29376725,1.7348564166666665,28.0,114688.0,-243.31000603288348
4096,87,static,0.30689133333333335,1.8632851666666665,264.0,1081344.0,204.31950946362227
4096,87,temporal,0.26347325,1.8410331666666666,28.0,114688.0,204.31950946362227
4096,88,static,0.3147731666666667,1.73656425,265.0,1085440.0,96.05390327364904
4096,88,temporal,0.26705466666666666,1.6240533333333333,28.0,114688.0,96.05390327364904
4096,89,static,0.32675783333333336,1.7497949166666666,265.0,1085440.0,52.8753879120594
4096,89,temporal,0.25818033333333335,1.7343371666666665,28.0,114688.0,52.8753879120594
4096,90,static,0.31809225,1.8061395833333334,266.0,1089536.0,185.435569249761
4096,90,temporal,0.2932215833333333,1.8118108333333334,28.0,114688.0,185.435569249761
4096,91,static,0.3033485833333333,1.6926369999999997,265.0,1085440.0,137.86345653806515
4096,91,temporal,0.28549741666666667,1.6689686666666665,28.0,114688.0,137.86345653806515
4096,92,static,0.32181575,1.7792694166666667,266.0,1089536.0,-153.37397333987312
4096,92,temporal,0.2491584166666667,1.7110739166666666,28.0,114688.0,-153.37397333987312
4096,93,static,0.3340524166666667,1.8709175833333334,266.0,1089536.0,-219.9211631841541
4096,93,temporal,0.27191608333333334,1.75490925,28.0,114688.0,-219.9211631841541
4096,94,static,0.31231191666666663,1.6625280833333334,265.0,1085440.0,99.84015740225571
4096,94,temporal,0.25897916666666665,1.582556,28.0,114688.0,99.84015740225571
4096,95,static,0.28787025,1.7129676666666667,264.0,1081344.0,-9.977640223828077
4096,95,temporal,0.2686804166666667,1.6312276666666667,28.0,114688.0,-9.977640223828077
4096,96,static,0.32526225000000003,1.697647,263.0,1077248.0,-77.47075476808864
4096,96,temporal,0.26283983333333333,1.59827775,27.0,110592.0,-77.47075476808864
4096,97,static,0.3034828333333333,1.6851315833333331,263.0,1077248.0,163.92494759546423
4096,97,temporal,0.2569335833333333,1.6818658333333334,28.0,114688.0,163.92494759546423
4096,98,static,0.2816325,1.6817324166666667,263.0,1077248.0,-243.54361972287367
4096,98,temporal,0.2784834166666667,1.7514796666666665,28.0,114688.0,-243.54361972287367
4096,99,static,0.295288,1.6723171666666667,266.0,1089536.0,-192.06030202903284
4096,99,temporal,0.25562066666666666,1.6287465,28.0,114688.0,-192.06030202903284
4096,100,static,0.31187708333333336,1.6143746666666665,264.0,1081344.0,-215.4872074508195
4096,100,temporal,0.249212,1.60216875,28.0,114688.0,-215.4872074508195
4096,101,static,0.3006770833333334,1.6317149166666667,266.0,1089536.0,-124.8046435106141
4096,101,temporal,0.27292666666666665,1.6722095000000001,28.0,114688.0,-124.8046435106141
4096,102,static,0.30085449999999997,1.759995,266.0,1089536.0,193.8513598021385
4096,102,temporal,0.2941971666666667,1.7604257500000002,28.0,114688.0,193.8513598021385
4096,103,static,0.3008906666666667,1.77472325,263.0,1077248.0,-248.32078149836696
4096,103,temporal,0.27606491666666666,1.7286639166666669,28.0,114688.0,-248.32078149836696
4096,104,static,0.32591425,1.8099873333333332,264.0,1081344.0,182.0482941060692
4096,104,temporal,0.26447591666666664,1.6499479166666668,28.0,114688.0,182.0482941060692
4096,105,static,0.2993625833333333,1.74182025,265.0,1085440.0,-189.71470378278022
4096,105,temporal,0.2537545,1.8397736666666666,28.0,114688.0,-189.71470378278022
4096,106,static,0.32104516666666666,1.6648599166666667,263.0,1077248.0,-196.97926340722105
4096,106,temporal,0.28305616666666666,1.6622009166666667,28.0,114688.0,-196.97926340722105
4096,107,static,0.3008180833333333,1.6712488333333333,264.0,1081344.0,-214.98169387095956
4096,107,temporal,0.2563516666666667,1.6149389166666666,28.0,114688.0,-214.98169387095956
4096,108,static,0.3079085,1.7462750833333331,265.0,1085440.0,161.467104171795
4096,108,temporal,0.26060066666666665,1.7453839999999998,28.0,114688.0,161.467104171795
4096,109,static,0.2917200833333333,1.695412,264.0,1081344.0,214.4989517276836
4096,109,temporal,0.2517006666666667,1.619076,28.0,114688.0,214.4989517276836
4096,110,static,0.29822808333333334,1.6514354999999998,265.0,1085440.0,242.50180579310407
4096,110,temporal,0.27482291666666664,1.5721826666666667,28.0,114688.0,242.50180579310407
4096,111,static,0.29370891666666665,1.6466690833333333,264.0,1081344.0,145.6109062588007
4096,111,temporal,0.24644491666666668,1.5527516666666665,28.0,114688.0,145.6109062588007
4096,112,static,0.33006549999999996,1.7223966666666666,264.0,1081344.0,-54.560831084189054
4096,112,temporal,0.24933208333333334,1.6216791666666666,28.0,114688.0,-54.560831084189054
4096,113,static,0.30833425,1.71835075,264.0,1081344.0,-108.36946842012368
4096,113,temporal,0.25272883333333335,1.71417775,28.0,114688.0,-108.36946842012368
4096,114,static,0.37072425000000003,1.8314337500000002,263.0,1077248.0,-57.00920054637987
4096,114,temporal,0.28308866666666666,1.72600725,28.0,114688.0,-57.00920054637987
4096,115,static,0.41150491666666666,1.7815293333333333,265.0,1085440.0,63.150268357776206
4096,115,temporal,0.26939799999999997,1.62864275,28.0,114688.0,63.150268357776206
4096,116,static,0.306777,1.8101900000000002,266.0,1089536.0,-213.08030255534405
4096,116,temporal,0.3422381666666667,1.80937825,28.0,114688.0,-213.08030255534405
4096,117,static,0.32804425,1.6829748333333334,265.0,1085440.0,103.8538242223028
4096,117,temporal,0.2697151666666667,1.65873475,28.0,114688.0,103.8538242223028
4096,118,static,0.3203715833333333,1.73181925,264.0,1081344.0,65.98627108949006
4096,118,temporal,0.2625185,1.6857790000000001,28.0,114688.0,65.98627108949006
4096,119,static,0.3570885833333333,1.8594936666666666,266.0,1089536.0,185.28115170540832
4096,119,temporal,0.33433433333333334,1.8638510833333333,28.0,114688.0,185.28115170540832
